composition,temperature(K),true_seebeck_coefficient(μV/K),pred_seebeck_coefficient(μV/K),true_electrical_conductivity(S/m),pred_electrical_conductivity(S/m),true_thermal_conductivity(W/mK),pred_thermal_conductivity(W/mK),true_ZT,pred_ZT,true_power_factor(W/mK2),pred_power_factor(W/mK2)
Cu5SnSbSe6.79,299.99999286647017,30.339999246929118,30.823208355427884,443477.95899213746,465794.81515350565,4.724000186647923,4.778824320128545,0.025924753846519558,0.024321001749402767,0.0004082284169710248,0.0003854738448392214
Rb2Bi8Se12.9935Cl0.0065,525.9999995660822,-269.68999071785527,-275.9432684887305,3676.000166945285,3579.075498464263,0.47700001982323254,0.4604664569521189,0.29483060101457526,0.29376753280790674,0.00026736539200844257,0.00025788059070332115
AgBiSe2.0,756.9999962184319,-233.00000417563945,-228.83551968357386,6846.0002159162,6910.448549957221,0.4889999940005152,0.4790082468570584,0.5753548391881342,0.6046300302767728,0.00037166249564187713,0.00041334181050506054
Cu2Zn0.2Fe0.8SnSe4,473.00000175178013,238.1500031043536,233.6816704415078,2835.0002340151623,3167.2865318188115,1.2756000004505736,1.3271740040165918,0.05962122347592261,0.06852941145084011,0.00016078822855974595,0.00019905359085328628
Cu2.82Ag0.18SbSe4,497.9999990515467,395.0000072746923,393.98520768480404,6221.999890673554,5997.251082049744,0.9000000069347781,0.8936722376770065,0.5371691019311501,0.5489292540886193,0.0009707875609068961,0.0010080305913405243
Sb2Si2Te6,672.999995995272,213.370005473927,222.30193949816874,13750.000408867505,12656.037370416034,0.4999999946552032,0.48569067752215284,0.8425864590372939,0.8856924512752985,0.0006259929112475661,0.0006898981033365178
Cu2Se0.94S0.06,850.0000021245587,247.70000006861787,246.67849682332545,18352.000233428476,17951.911362784394,0.7030000069457487,0.667113653266131,1.3500001019962284,1.4275904119240495,0.0011259922429808155,0.0011977088487862529
AgBiSe2,299.99999286647017,-526.0400040119631,-165.16624344987292,6.470000959483698,6655.153485324054,0.5294999758640605,0.5757924360973503,0.0010143716355238267,0.08069442166464937,1.7903658081651167e-06,0.00016315714474508125
Ta0.92Ti0.08FeSb,869.9999936262282,245.99999532284633,246.70115541339558,80100.00335386091,71640.6297112064,4.180000010312712,4.260969860423908,1.0088944026059714,0.980586874211912,0.004842999634141347,0.005065078817388024
Ge0.87In0.05Pb0.08Te,525.000000255088,217.13999569472966,227.63089941680886,49999.99998248531,40128.57944868584,1.1799999928892146,1.0772673648450974,1.04888281523785,1.0705378678111515,0.002357488978601831,0.0022894776315204035
Bi2.0S2.91Se0.09,422.9999965886741,-476.00002232809,-488.66436618618394,562.0000351810222,575.6920430573454,0.6600000122362127,0.623012579813959,0.08161061522112577,0.0858704897909543,0.0001273357169253569,0.00012806214063140563
Sn1.03Se0.12Te0.865Br0.015,623.000001395739,103.30999860361729,97.51782314066983,140351.00468162107,142673.81039939416,2.433999952682743,2.442648044315453,0.41299999071551363,0.37995361145476064,0.0014779999656739974,0.0015156238043650503
AgCuTe0.8Se0.2,521.9999996812123,178.560000975812,185.51443883723644,23106.99996992883,19276.806155597344,0.49260002421656895,0.4562219303345361,0.7988000307757154,0.7726463678159278,0.0007453000064427177,0.0006774160861024764
Yb13.49Ce0.39Mn1.05Sb11.08,972.9999847196168,209.06000117672167,193.89870417330056,13520.999981525054,14208.837992137398,0.64800000288276,0.6587810009416091,0.8873368869442674,0.8817784230894359,0.0005909499536264619,0.000630969673891619
Cu5.133Sn1.866S6.3Cl0.7,326.99999935179795,61.92999998513228,54.17158005900429,82783.99803761406,86983.22940602878,2.000000006336106,1.8904177711614365,0.0519118293782355,0.052522477361956546,0.0003175035293828027,0.0003175263384554589
Cu2Se0.94S0.06,333.0000031404426,102.6300002273693,105.43744062776932,102453.99777521277,91651.1313365981,0.7320000179734906,0.687677445318649,0.49092001044906786,0.5224860856515356,0.0010791394635401622,0.0011362660263817884
BaBiTe3,598.0000014550791,-183.60000438912616,-194.53515735900578,8515.000206219709,7878.148438374518,0.42999998639610637,0.40541975484462994,0.3991744468527755,0.40977279153728086,0.0002870317992706594,0.0002912421038633574
BaBiTe2.95Se0.05,575.0000001364076,-196.70000366707674,-196.06546922349543,7509.999801205129,7675.88275492691,0.40749998368965334,0.3837276067371711,0.4100047403881821,0.4322540402573158,0.00029056858671456696,0.00030653642036603115
La0.2Ca0.8TiO3,432.000002271641,-72.00000292263749,-70.35720818174258,192473.00656048977,192178.17268050337,3.7759999739791033,3.7553384403588055,0.11415279896304004,0.11094525849838456,0.0009977800339167036,0.0009890277402695258
AgBiSe2.0,374.999997970236,-166.0000091232421,-167.91579878377507,8310.000240236282,7272.4676505050675,0.670000010084151,0.577578890647798,0.1281662455797201,0.13337202182020286,0.00022899036305005214,0.00022389255243140791
(GeTe)0.8(AgSnSe2)0.2,422.9999965886741,37.26999987766391,37.53200009802697,223219.9955285854,208014.4740839538,2.3077000127457277,2.160380899924316,0.056834614333984464,0.05720223170192535,0.00031006438425241535,0.0002976943519987925
(SnTe)0.98(CuSbTe2)0.02,818.0000030455999,158.52000428503092,142.18331933717505,98368.99421845545,103096.94059142342,2.6086999398321984,2.640862579363061,0.7750960982107046,0.6941722870485257,0.0024718744399557444,0.002323309300817427
Bi1.94Nb0.06Te3,572.0000008829786,-100.6699991198239,-103.18347072951835,37597.0002146694,47326.626683676535,0.8520999854291057,0.867074022180855,0.255775413795798,0.3573013563315861,0.00038102487331093305,0.0005807437313697774
Rb2Bi8Se12.961,525.9999995660822,-240.99998921627537,-244.5772757596627,6059.999763858594,6703.063799068957,0.535000002898314,0.5302256937882562,0.34604984783316967,0.37931452189629106,0.00035197085677776154,0.0003901624407671694
Mg3.5Ho0.03Sb2,700.0000024805998,-304.2000095716839,-295.00761916365644,8261.00031351402,9631.57196089503,0.7352000054501462,0.7278949174726497,0.7278528192374258,0.7727004383976921,0.0007618000082662028,0.0008463803379391972
Eu2ZnSb2,623.000001395739,323.0000010265438,286.21304041490856,3333.0000276196306,4221.341191994808,0.41000000554674815,0.3912168020200784,0.5283777942379809,0.5630352519983829,0.0003477285566901857,0.00036448112697923414
(Sn0.8Ge0.2)0.85Mn0.15Te,572.9999988735261,100.00000124164305,107.87400217344845,135100.00098882537,120927.87418526575,1.6380000054689805,1.5076848793869202,0.47260258107564235,0.5183942883518905,0.0013510000057324854,0.0014493391148418715
Ba8Cu5Si25Ge16,514.0000012319193,-83.10000007032804,-85.82908049175228,94600.00192717217,92698.63959157665,1.884999982513715,1.833095655202152,0.17813323225877056,0.18212292430623556,0.0006532707071848358,0.0006610290135355717
In0.005Pb0.995Te0.998I0.002,584.9999985281356,-237.95000211040673,-249.80878026059696,19841.00000706668,18758.812853786752,1.3067000023081885,1.2456456662322015,0.5000000001106574,0.501810090770156,0.0011234014331759654,0.0011164253294356117
Mg3.5Gd0.035Sb2,299.99999286647017,-190.0999907671176,-189.32795507643695,21413.000007146227,20586.000561201035,1.1900000036627518,1.1442774751882245,0.19508148046242216,0.1886106950628789,0.0007738231961540068,0.000734927006649031
Ge0.55Pb0.45Te0.3Se0.7,568.9999989886562,299.37500447958985,302.4265412921369,4911.000037658996,4605.393851789332,0.6355000012905986,0.6123481411721949,0.48438865541392034,0.4933583713805559,0.0005410000014584687,0.0005447158508396446
Cu2Zn0.4Fe0.6SnSe4,773.0000063214842,229.48000472936332,228.6064162904408,7135.999624647093,6681.653605723501,0.7126000104665388,0.7042536334791751,0.40764132856632895,0.40784578940781285,0.00037578940129258945,0.00038762072281481265
Sr0.21Co4Sb12.25,449.9999977922154,-156.00001021214405,-160.24780317837437,178636.0006736908,171747.41506304592,4.110000184934663,4.010761709984084,0.4759801840959329,0.47055935586494135,0.004347285334524592,0.004254138150441653
Yb13.44Ce0.4Mn1.09Sb11.07,572.9999988735261,130.4999985075022,137.466335063764,23501.999982533758,23069.97997581052,0.7390000126503179,0.7057651221620441,0.3103387580858144,0.3694325443517682,0.0004002449391333093,0.00046582581106483054
Ca14MgBi11,716.999992087947,74.55000054953888,65.87168791016761,30040.99979561455,38593.01330650208,1.1120000007702053,1.1565994144809746,0.10765248035739537,0.13222701967264383,0.0001669589452623415,0.0002210080841451722
Cu22Sn9SbS32,700.0000024805998,147.60000204597281,145.78883519653323,52325.99860195005,50106.25229889848,1.473400001644498,1.4635235130215556,0.5415862242779275,0.5580841484223859,0.001139961690031428,0.0012271618727414245
Eu2Zn0.96Sb2,473.00000175178013,159.99999764328186,160.7449721681015,20849.999849939497,18905.247561813856,0.4969999838616872,0.4679194395101194,0.5079848774920197,0.5459701981990027,0.0005337599992740574,0.0005358446992998473
Mg2Cu3In3Te8,335.00000440332406,311.29999736967426,311.3859826099198,1483.0000361690243,1569.4890808012472,3.5770000655546847,3.2657334306472126,0.013459386604077733,0.014816306963782545,0.0001437140980073202,0.00014626066302284314
Sn0.91Mn0.09Te,622.0000007642982,112.50000281556612,114.4443446476279,134911.0069625503,139144.71574976874,2.9999999814193488,2.8452633103513225,0.3540149002839404,0.3898732968311363,0.0017074673107934318,0.0019313091418738664
Mg2.16(Si0.4Sn0.6)0.98Bi0.02,299.99999286647017,-121.99999747812774,-118.97127187827829,185000.00656164196,184547.17771215003,2.7700000574110213,2.5709492483368646,0.29821732431366355,0.30094868581715517,0.0027535397837900777,0.002608624584499606
Nd3Te4,572.9999988735261,-43.00000138437232,-35.39390012448968,245499.98421195513,245697.64599398163,3.279999942515802,3.363238796027853,0.07499999701259587,0.07357466260741528,0.0004539295013403893,0.00043554289711898253
Yb13.44Ce0.4Mn1.09Sb11.07,972.9999847196168,215.00000339452322,198.32709666857193,11800.00007878483,13298.062389301767,0.6450000069932372,0.6511461607923695,0.8228336516733114,0.863069254290869,0.0005454550009639415,0.000605952868999136
Sn0.97Pb0.01Cd0.025Se,873.0000060841234,314.9999925055037,320.71601514747186,6856.999798185753,5831.201053944402,0.47700001982323254,0.4742901820779098,1.245234347748125,1.1541706237669591,0.0006803858189798045,0.0006343467633766004
Al0.01Sb0.1Ge0.89Te,473.00000175178013,231.99000123923355,225.9812014370739,37589.999600243376,36512.29755252237,1.3551000017452892,1.3821563255987865,0.6186000283353682,0.6395897708942302,0.0020230697971767957,0.0019827821321025374
Cu1.95In0.05Se,671.9999953638313,325.25001076071266,314.3607150202704,2703.0001768274888,3669.145488800416,1.6374999948347875,1.6113178917646955,0.19400000011924787,0.18305070464584464,0.00046609999893884417,0.0004400133045479686
AgBiSe2.12,400.00000319268224,641.9999827268546,602.3931899314933,123.00001139045798,133.22474914018423,0.6440000042283321,0.6127728726144341,0.03148830405640271,0.03525293064147077,5.0696173100100176e-05,5.6989909154297825e-05
Hf0.7Ti0.3CoSb0.8Sn0.2,574.5999998838313,206.29999706294262,206.796748494574,48900.00102649179,42576.76529278224,2.830000018376164,2.8522270667925413,0.4225581736097043,0.4029910632204391,0.0020599999820913643,0.0020450732438746996
BiCu0.90SeO,322.9999968260349,166.00000403406196,130.01830388507548,43.000008575891144,54.990723020723486,1.1900000036627518,1.3488417433357136,0.0003216179396336242,0.00024274030673662573,1.1849077960738562e-06,1.0166661513007815e-06
AgBiSe2.12,449.9999977922154,572.9999972843993,569.2011966076213,230.2500060607108,227.5729047799522,0.6530000039625585,0.5972194497970678,0.05209646133071772,0.058023876377538905,7.559775328328692e-05,8.429042555994916e-05
Pb0.96Tl0.02Na0.02Te,695.9999999548368,236.60000292092735,226.82296218807923,38859.99966942195,36680.06280271715,0.9437999931847112,0.8950937580042135,1.6042112796302714,1.6376561614966985,0.002175365795956828,0.0021703385907839716
Cu0.995Pd0.005FeS2,9.999999892960204,-149.60000339531197,-317.6647534487535,0.05399999595694123,139.82831936358534,26.250001574385987,24.708715177116936,4.6039161472569063e-10,6.388273926498317e-06,1.2085285850239677e-09,5.27715383289968e-06
TiZr0.005NiSn,728.9999996652363,-181.7999966017911,-187.84568411897686,83720.99900098972,84124.23549984155,3.015000009818613,2.945609322202232,0.6690558480924093,0.7124652034517062,0.0027670827910590947,0.0029262178309771847
Cu2.2Sn0.8Sb0.2Se3.2,299.99999286647017,46.86000011308897,42.738142827355475,217573.9875952026,233119.6953392522,3.4864998682581034,3.5900811125877774,0.041109589406413766,0.03890374028209998,0.0004777619560754855,0.0004654113978630108
Ba0.5Cr5Se8,299.99999286647017,227.5499976840765,247.62600157472554,372.0000627003622,306.3464739637936,1.0907015269863034,1.118655668164737,0.0052980003163507145,0.004674546924355567,1.9261790507969858e-05,1.7804163296329672e-05
In3.99Pb0.01Se3,480.00000089007904,-241.99999615150642,-247.83309208890444,12246.99994330259,10939.973498665151,0.9099999862989612,0.8628734670290408,0.37832085798773624,0.3733273749839678,0.0007172333074989687,0.0006924972817134323
Mg0.98Li0.02Ge0.8Si0.2,674.9999972581536,312.7500062517391,315.40981948072084,8692.000078156025,9356.67918090211,2.2720000058299124,2.343476432032561,0.2525863021238888,0.26740109474108853,0.0008501867865360319,0.0010037377548368742
CoGeTe,477.9999996271975,-171.09999988015255,-170.3758876944804,6120.00031051087,7544.583254973445,6.454499855140982,6.259823365296006,0.01326834351813393,0.014939002369066806,0.00017916428399365023,0.00018052262270065394
Cu5.133Sn1.866S6.65Cl0.35,299.99999286647017,47.72999971897934,46.19464617144656,139505.99570691297,132871.70455645034,2.324999942758063,2.169772227055894,0.04100851580042135,0.04445204954863438,0.0003178159990710659,0.0003301445929149321
CaTiO3,839.999995810151,-295.29999715697625,-285.6598119601115,2150.0001904496207,2645.620058618291,3.139999994327258,3.198347644488665,0.050155089925624,0.05526080716484226,0.000187484490896147,0.00020362210627058853
YbCd1.8Zn0.2Sb5,650.0000025992803,181.84000212139802,183.36449084564165,43066.9987072748,38048.11964257975,1.2809999965961045,1.184835775159411,0.7225829091033001,0.7533516448001455,0.0014240442275905954,0.0014068065155416886
Bi1.92Nb0.08Te3,425.9999984829964,-112.52999825103345,-109.22934608993788,112791.999743857,105392.79551013387,0.8143999869914375,0.7657509530380204,0.7471138543796956,0.7749912039654359,0.0014282851958797454,0.0014889831018949928
Tl9.0Bi0.98Te6.0,442.99999865391646,217.39999421063314,227.94092293389832,17545.00006984516,14044.246009945817,0.4200000138621973,0.39947800362676367,0.8746350985746453,0.8169208907585924,0.0008292251348997797,0.0007596060344054861
CuAgTe0.5Se0.5,303.00000532436536,147.86999734397205,139.18002888519453,10703.000235150379,9932.999955697644,0.46689999786830944,0.45796111894375946,0.15187434802607985,0.12665510298058996,0.00023402684643390558,0.0002047716701657449
(Cu0.003Pb0.997Te)(MnTe)0.03,322.9999968260349,-225.43999494923634,-207.44181898862712,56000.0000918245,65318.77734747851,1.7706999968572492,1.7261472547848042,0.5191675218254428,0.4735758614848161,0.0028460989700174752,0.0025007153004185496
Al0.0075Sb0.1Ge0.8925Te,822.9999956392309,259.900007193103,247.70443786501505,56305.000936601755,54440.13724675247,1.5110000034152902,1.5082399536487476,1.98400013479092,1.8560857295310675,0.0038032907997743886,0.003813624240706334
SnS0.88Se0.12,572.9999988735261,249.9999995833664,247.17171445412203,23000.00000684398,26056.49252786658,1.270000002437645,1.4292617532834198,0.7038424910714824,0.6719537982959696,0.0015600000591521894,0.0017298915142374069
Bi2Te3,497.9999990515467,-158.15999607654194,-136.40133945883827,72257.00015398672,26495.681227581492,0.9385999886604514,0.9022643950436441,0.9590075820587257,0.24831798446032624,0.0018074788320799208,0.00045810930358741356
Cu3P0.9Ge0.1S4,350.00000331136266,126.99999771459767,108.38932953986661,7374.999640255449,6566.067211482403,0.7919999956086989,0.7391100481595732,0.05256689791857474,0.04872599648342249,0.00011895137648670422,0.00010435195740763584
Yb13.44Ce0.4Mn1.09Sb11.07,299.99999286647017,44.12999955332445,46.81591492040745,36726.99986598274,33931.7634420745,0.7499999849616024,0.6906814895403477,0.028609697618632683,0.036292016123717116,7.152424318609793e-05,8.655960656240325e-05
PbTe,427.9999997458779,-269.8400070204027,-272.79769265729124,24078.999999928317,22105.649055712198,1.579999995648453,1.5581913391411224,0.4820000169442062,0.4508639398669059,0.0017532792274781968,0.001691923368167764
Ag(Bi0.85Pb0.15)0.9Sb0.1Se2,477.9999996271975,437.50000851696007,392.87744917461754,499.99998660910495,508.51625932661665,0.5076131163990528,0.4545830351462729,0.09012000016223906,0.07427736798765895,9.570312753506915e-05,7.832268276299181e-05
Ag3.9Mo9Se11,350.00000331136266,97.999999111383,104.73314590325698,30250.000188121965,28710.422079846663,0.7799999920699564,0.7371118897864916,0.1303619878605568,0.15270445869365695,0.00029052099937617833,0.0003281677557887017
Mg3Sb2,564.9999991037864,296.0000016185387,287.8272242832641,688.0000191726033,1064.378934457985,0.8900000089949265,0.851913151841076,0.03810065398657893,0.05406980863145966,6.001696063801647e-05,8.76466725037438e-05
Zn2Cu3In3Te8,619.9999995014166,186.999997051287,178.4694253165419,13829.999836985717,13874.344824434402,1.3140000022815361,1.2816207053202497,0.22819268227038336,0.2351655354606734,0.00048362126948262924,0.0005015191080072976
Bi1.92Nb0.08Te3,477.9999996271975,-120.52999503187147,-112.38385621518199,104026.00223347658,96137.69043861795,0.7934999868658746,0.7772417392388233,0.9103600276972,0.8317342717750558,0.0015112356918023557,0.0014560991647740553
Rb2Bi8Se12.9935Cl0.0065,427.9999997458779,-237.47999485917939,-249.80657310260045,6029.000020377758,5285.910268674963,0.5288999911248897,0.4943758784505973,0.27515002931962523,0.2739158523810342,0.0003400160109663274,0.0003187849708969464
BaCu3.96S3.0,299.99999286647017,54.99999990471945,46.65962054478233,26855.999956623,29665.526723496,0.6847999882905113,0.7070036675200898,0.03558969048088429,0.043647600275652426,8.123939852680769e-05,0.00010062482255523259
Ge0.55Pb0.45Te0.4Se0.6,299.99999286647017,237.49999507439279,214.79060514970905,8087.999597417564,7454.7546409330835,0.9079999808136088,0.8480337376619265,0.15073141465387013,0.1687838438394431,0.00045621375132098526,0.0004896692411882606
Ba0.5Cr5Se8,625.7899994602082,312.1599906545547,284.7889773795044,1240.0000032563462,1159.5558887699735,1.4696686458274308,1.1951428745155526,0.05145000028882272,0.05104143918323338,0.00012083038957313792,0.00010362628938323759
Ca0.15BaGd1.85NiO5,513.0000006004785,224.2600056264958,206.5866693180375,123.53721727973561,127.8913114282396,2.0403999829597486,2.0411288036512913,0.0015620806234604434,0.0015499663023800165,6.213000919320298e-06,6.260896474398711e-06
Cu1.925Ag0.075SnSe3,500.00000031442823,126.77000128518344,119.49110532817664,9151.999873981447,9412.325646158632,0.8254000113109446,0.8213491852143027,0.08909524413710077,0.08779392391433027,0.00014707843475252153,0.00015422474065133107
Mg3.5Gd0.035Sb2,400.00000319268224,-207.5000034302788,-214.64241366766868,20664.999991522953,19756.277755332365,1.0429000016135141,1.0047113871278355,0.34126279469263054,0.35509999906193895,0.0008897574036396325,0.0009302956788537687
Cu0.99Pd0.01FeS2,49.99998289629923,-140.45999776909434,-253.4556157612774,723.3999716989287,800.0761837574389,32.50000253522926,25.41341978238483,2.1956865157723536e-05,3.962177614226202e-05,1.4271968316400834e-05,2.15000873128641e-05
In4Se2.67Cl0.03,648.0000013363988,-208.23998836920214,-207.81844467228035,29137.000151779688,29335.1158873493,0.6000000102401476,0.5941519412515128,1.3645732761178522,1.297912513152093,0.0012634938736969658,0.0012601638452325863
Cu2Se0.96I0.04,449.9999977922154,128.99999984485768,127.35737533689334,36962.99946831762,36600.809483459,0.7900000077082915,0.7817640150452171,0.35037414442524834,0.36624028759681004,0.0006151012807743469,0.0006432424765246003
Gd2.79Se4,850.0000021245587,-150.40000424741598,-153.5793449001204,15129.99992715174,15658.511175374819,1.2600000058615881,1.2209492499174397,0.23087822627615198,0.23206915343428713,0.00034224301862474747,0.0003461136871276867
Ag(Bi0.9Pb0.1)0.7Sb0.3Se2,377.9999998645583,402.7000066710418,394.39602083699833,813.0000691685522,693.0907742602711,0.6725543630149127,0.6478909361280693,0.07410000047017275,0.07471194386609124,0.00013184200166939562,0.00013463208409785548
CuGa0.97Mn0.03Te2,324.9999980889164,171.99999868463993,164.14479381641087,25199.999979823293,23375.87658458093,6.142000177973811,5.58058036523487,0.03944854445592387,0.03921137107261331,0.0007455167940905456,0.0006850978112366233
YbSi2,299.99999286647017,-52.59999986941836,-40.88318424312883,746999.9802745628,802404.0766831293,8.60000053871958,8.565381199088465,0.07209661738544176,0.05292056029087138,0.0020667697628149405,0.0014563156527891395
(SnTe)0.96(CuSbTe2)0.04,525.000000255088,59.340000005571504,57.98778118283283,246077.01165710815,261574.21419296792,4.38510010187129,4.40776661412028,0.10373991848018721,0.09978341464210597,0.0008664950948200598,0.0008583222215242688
Cu10.5Ni1.5Sb4S13,322.9999968260349,136.40000185671875,146.5424270297008,16380.000062989371,14672.266445160136,0.6314999962029026,0.6195717138247882,0.15587332737616594,0.17325427612812913,0.0003047492462652897,0.000337462304683144
Bi2.0S2.79Se0.21,322.9999968260349,-508.00000945144205,-515.7958793382128,443.99996134690787,414.4411750344103,0.7160000135561129,0.6536215521960469,0.05168921033838376,0.05991165846719891,0.00011458041372168934,0.00011678450384237213
As2Te2.8Se0.2,473.00000175178013,226.2599960165537,220.0309969836397,2011.699847963033,1899.3074294381383,0.5510000072310247,0.51950952888926,0.08840734094789235,0.08952461336757293,0.00010298613764060241,0.00010378276811740413
Cu2Se,352.99999464211203,96.05000143695527,102.3834677232847,100000.0016817545,82056.83195436916,0.9079999808136088,0.8019228486266431,0.35866053650397745,0.37942332073592927,0.0009225602622428283,0.0009078399299178432
Tl4PbTe3,372.9999967073545,46.530000642111226,45.289749548550134,53499.99937845085,57487.34527497786,1.025000009491259,0.9683558901385523,0.042150707420054105,0.06193732880194431,0.00011000000456973245,0.00017188137220245687
Rb2Bi8Se12.961,822.9999956392309,-202.00000050711424,-205.4310041322248,11817.999647154851,11055.590749214884,0.5429999837876733,0.5373950358628218,0.7308810919008948,0.7324852499205485,0.00048222167176337704,0.0004947982019299873
Cu2.88Ag0.12SbSe4,422.9999965886741,394.0000003394612,390.8489066130308,7716.000095059259,7385.3107198359885,1.2899999978466725,1.2333807412391897,0.3999999976026297,0.40735432766551904,0.0011978009280280875,0.0012416483518041257
Bi0.92Ag0.08CuSeO,322.9999968260349,184.6999975365385,160.46530881366562,2419.999748692582,2351.615508177944,0.5262999910756074,0.49381308220541664,0.05066619867710378,0.05366879653907918,8.255610145530164e-05,8.088525620590634e-05
BaZn2As2,422.9999965886741,230.0000017611703,220.0370431877258,5676.9996801749885,5387.162413023507,1.48230000162545,1.3589822027722005,0.08569960791465546,0.08373810805663728,0.00028899999826266314,0.00027922528321305823
Ag8Sn0.7Ga0.3Se6,425.9999984829964,-442.9900021369059,-464.2578948260537,132.0000239963016,183.80915447846368,0.24300000803607036,0.23629884773130116,0.06900000329627043,0.07647546534194442,2.5903697954436114e-05,3.860115634543787e-05
Bi0.9Ag0.1CuSeO,722.9999958765917,324.99999141660174,327.11895701483115,2129.9999960830464,1975.1492302727966,0.46400000348152926,0.4278536477335861,0.35056346036804037,0.38686715909649116,0.00022498123946041256,0.00024080548376832444
Ti0.9Mn0.1NiSn0.9Sb0.1,797.0000003489167,-132.31999907810783,-136.62538947588433,217880.9809308657,211512.7177973857,5.550300020623191,5.61081938696507,0.547787619483846,0.5397004340406254,0.003814787789531321,0.003996708253487686
BaGd2NiO5,862.0000097018478,433.81999520511994,415.5113143791348,25.39535723593584,32.718718729844156,1.5640000015141187,1.5230577630530258,0.0026341700536946636,0.0030779863987056674,4.779399509679605e-06,5.8552410509439936e-06
Ba0.95K0.05Zn2As2,422.9999965886741,39.50999962200967,35.72664171358076,160000.00195396345,156406.0954766759,3.335699955246189,3.2305779421971006,0.0316728712065802,0.030843331822281366,0.00024976641510479646,0.0002409254124645097
Ag(Bi0.9Pb0.1)0.9Sb0.1Se2,377.9999998645583,538.890014077229,468.53403529119686,272.82995569044607,316.0647012716952,0.5272733942374188,0.49943757938941363,0.05680000219849033,0.05844099679461739,7.923048959509058e-05,8.047592618127718e-05
Cu7PS6,421.9999959572333,125.00000145443869,156.5504092782329,6.620000776228804,7.657708913318745,0.20200000215519695,0.1987203299102658,0.000216092169191081,0.00042549358781407545,1.0343749286786649e-07,2.2386935040341376e-07
Ag3.5Mo9Se11,350.00000331136266,69.7499998394906,72.24028455002001,57600.001038482704,59513.03010926242,1.2200000045460442,1.2027625129176638,0.08039316296931995,0.08593806581150823,0.0002802275953042139,0.00030105268629260435
Al0.03Ge0.97Te,473.00000175178013,69.1100003318276,64.4346314060794,374999.9690344826,370997.10747712775,4.949000014618488,5.113625217871446,0.17118146583117247,0.15304075321089317,0.0017910720176500354,0.0016750829616585694
Li0.03Cu1.82Bi0.03Se,504.0000001992981,56.7499999342904,55.16209650835559,139079.9962942291,143662.5488136132,1.651800003981666,1.7192059942884963,0.13666883278436542,0.1437656470848027,0.00044791583365900127,0.00048807235818615894
CoAsSb,700.0000024805998,-104.10000482775521,-113.24801727181108,68519.99947113876,72465.21160033262,4.000000040387505,4.280490935767338,0.12994418876246625,0.12984658903023583,0.0007394999958442405,0.0008112660942637767
AgCuTe0.6Se0.4,623.000001395739,251.39999520444735,254.3818069566697,7184.000048060024,6953.928183364769,0.5037000164812034,0.46263257273941194,0.561581742892402,0.6346516045017632,0.00045404288109547635,0.00047948052735395625
In4Pb0.01Sn0.03Se2.9Cl0.06,722.9999958765917,-254.99999238789349,-259.69224592556213,10988.000288140014,10812.19069866178,0.531999993803445,0.5169094909786235,0.9639999545824011,0.9490277175863447,0.0007144947038741616,0.0007003341719966368
Sn0.91Mn0.09Te0.97I0.03,867.0000022954788,213.91999872212216,204.85258276554384,47179.000197086105,42477.92941714613,1.5343999957844068,1.3796124321999423,1.2199218223132253,1.2709119422616282,0.002158994453795605,0.002155408610609379
Yb13CaMnSb11,572.9999988735261,109.00000202266159,112.22019270860389,32400.00023754057,32710.888016216482,0.8969999990528996,0.8363778053988773,0.2419999972656432,0.2975826948307303,0.00038494440306764905,0.00045050667640628985
MgAgSb0.99In0.01,550.0000001957478,182.73000336286879,198.38302699141866,71091.00102419639,52314.11408895176,1.352000002123203,1.1545406967929,0.9890000434460993,1.040225975798366,0.0023737464843989935,0.0023146007952544903
AgBiSe2,575.0000001364076,375.0000094524962,-220.64447459381785,314.000036034211,3521.6758827544963,0.4349999800312208,0.4546802314951583,0.060000000315428535,0.2359947680791958,4.415624596244994e-05,0.00019697820083762824
Gd2.84Se4,350.00000331136266,-58.50000321863492,-59.29740948607287,35100.00031832881,32779.85185705245,1.2829999988216072,1.1833230988590806,0.03276877750473566,0.031976839447098886,0.00012012097089400185,0.00010984061924254027
SnS,299.99999286647017,211.29999651849164,454.0180267564888,69229.99858848886,2.94679459368203,3.278999932639098,2.538801925328245,0.30300000533991134,1.992013931439003e-05,0.003090959334674594,2.5382631588778705e-07
Sn0.87Mn0.1Bi0.03Te,372.9999967073545,63.99999995197538,61.97549785432068,240000.02738941787,250884.10807415703,4.075000192847575,4.1366546811853935,0.08998133227424901,0.08730072460022784,0.0009830399827151265,0.0009876511596891996
YbCd1.9Zn0.1Sb2,449.9999977922154,166.59999880303891,174.68083861559873,51249.998712942936,45051.75135514955,1.6451999931911943,1.5493314109563245,0.3890789063077929,0.40806469324717165,0.0014224724574459426,0.0014332820852524203
ZrNiPb0.96Sn0.2Bi0.02,871.0000048212419,-152.19998855434685,-152.31565302552363,210000.01731031996,209363.48335945458,6.259999903517879,6.410241324049699,0.6768499481350261,0.6430114926070472,0.00486461633811424,0.005020232902825303
NbCoSn0.9Sb0.1,924.0000065968837,-159.9999909922599,-162.7147483671113,90780.0037528304,93186.52387907411,4.526000023270684,4.665042214158837,0.47444685800081865,0.4710587713528706,0.002323968011037604,0.0024759265892079574
Ca3.46Yb1.35Pr0.19Al2Sb6,422.9999965886741,-141.0699951902681,-148.8963191613093,666.9999734323063,589.2198490091066,1.4464000006572624,1.3350075186761798,0.0038819248654778384,0.004054149113224516,1.3273795887603101e-05,1.222621701484262e-05
Mg3.5Gd0.03Sb1.97Te0.03,700.0000024805998,-279.58000741559727,-276.07212894707766,13217.999758698052,13972.331767572912,0.6337000121173414,0.5953926178584816,1.1412801295834207,1.1362792868051341,0.0010331846498644666,0.0010101662593745946
Cu0.995Pd0.005FeS2,49.99998289629923,-488.5500166176433,-362.43883183951334,62.63998838267503,267.20990521444133,37.84000098881466,21.623718919806844,1.97555238637944e-05,3.624436928377971e-05,1.49509842403279e-05,1.7032434000488334e-05
Ag8SiSe6,473.00000175178013,-103.89999874462816,-114.21026771705996,53237.000215879925,34714.71401822443,0.5200000265385516,0.4559619390693117,0.5227601642962079,0.5019519133541981,0.0005747045940166116,0.0005118383903476391
Yb14MgBi11,621.0000001328574,61.59000006324565,65.82818165620259,66062.99609437166,71385.86754966446,1.8856999823501392,1.8240904595447698,0.08252731148548108,0.101331510432773,0.00025059863762815583,0.0003115917090026404
Bi2.0S2.85Se0.15,322.9999968260349,-438.9999770481784,-465.64366132217873,937.9998930269147,861.008991372746,0.770000010510771,0.6976207377176176,0.0758304596089516,0.08948347903753508,0.00018077229221834828,0.00018257862156223544
AgMo6Te8,599.9999974361742,19.59000100450882,14.429260571785925,169799.99457873552,172369.97563986425,4.169999837961063,4.261727587559292,0.009376089005800479,0.009387057134448014,6.516382582050836e-05,6.27467552855607e-05
AgBi0.99Pb0.01Se2.12,350.00000331136266,578.9999919349773,559.5385406639202,173.840041716662,196.95148954372937,0.5384999990113961,0.5265054782655009,0.03787818717771891,0.049330971774018885,5.827829068069199e-05,7.841450044611185e-05
Ag(Bi0.8Nb0.2)0.9Sb0.1Se2,525.9999995660822,-169.99998990335794,-159.2739768938461,14107.000367542216,18358.35848776005,0.5294966819103981,0.5420659976919402,0.4050000018369504,0.44073225221208806,0.00040769230337799837,0.0004493309221081889
CsSm2Ag3Te5,616.00000225744,197.69000286093086,229.99626837689968,358.5200020288503,341.48210003531267,0.4629000151713095,0.4658783333548392,0.018645597495994672,0.019696461274356293,1.4011439751969426e-05,1.6399890776561874e-05
Cu12Sb4S13,424.9999978515556,87.5099993848662,95.61970248431075,97672.00013334512,81080.24185444391,1.52149999792437,1.4225180650884481,0.20893077780153865,0.22321786349874687,0.000747972177684783,0.0007643454573848861
Ca3.3Yb1.5Sm0.2Al2Sb6,822.9999956392309,-23.199997905101164,19.320035057014884,1792.0000857143518,2476.2177939825838,0.8794999961812867,1.0097881379954468,0.00188000014327105,0.01913407808247844,9.645260485292976e-07,2.244515306174068e-05
Al0.03Ge0.97Te,572.9999988735261,88.39000090919072,87.44375822951731,287500.0036695335,293278.3747767895,4.3130002164617744,4.356351494524654,0.29841406712744395,0.3228159054335713,0.0022461776413019254,0.002467205442451428
(SnTe)20Sb2Te3,722.9999958765917,149.48999848247254,147.545357275257,100127.00290601108,95882.0298683967,2.3700000173591858,2.22928143637163,0.6825986510779342,0.7642543878189203,0.002237564090818806,0.0024647339953851144
BiCu0.925SeO,523.0000003126531,270.00000914576464,256.0991872015624,1760.0000883565112,2021.0341023502847,1.0999999974832366,1.1179457814855192,0.061002717204642565,0.05833321914486889,0.00012830400492388425,0.00013360781937202763
Ba0.03Co4Sb12,799.9999916796662,-161.4000100937451,-166.925817981145,37234.000360666585,39116.37825723832,3.8300001778441413,3.8631009430660637,0.20399999995911092,0.22705455375346692,0.0009699442154828786,0.0011234768976785983
Ag0.01Sn0.99Se0.9S0.1,517.9999997963425,385.03999549197715,367.9082934078125,697.9999924452575,700.5388972219738,0.19699999846201036,0.19946332283846924,0.2721013208877097,0.24952933374946315,0.000103482544350084,0.00010362792954351696
Bi0.84Pb0.08Yb0.08CuSeO,846.9999896666634,156.74000180208938,143.48445658639812,11566.000193337522,11299.199264846728,0.4459999945893387,0.4355109189200911,0.5396241845877825,0.6242947486123661,0.00028414686487561626,0.000332762408111404
Bi2.0S2.85Se0.15,623.000001395739,-516.0000179724822,-511.95002393138253,402.99994760301627,466.1470642855555,0.5300000159487916,0.496394260385308,0.12612948617307,0.14577610757695325,0.00010730116312837053,0.00011900017994489082
(SnTe)0.92(CuSbTe2)0.08,718.9999933508286,139.2899993583485,139.88492236001443,106799.99542132007,100014.23712281835,2.08700000579394,1.890587565100322,0.7138674107319803,0.8271911429355534,0.0020721020397128894,0.0022383800515281068
Ag0.97Cr0.99Sb0.01Se2,752.9999936926688,197.00999861458183,196.14441699349754,7555.999993053625,8199.782458683312,0.4590000176370569,0.44581672901282365,0.4811170795138304,0.5025357955019556,0.00029327057241545086,0.00031955098527387945
Cu26Ti2Sb4Ge2S32,497.9999990515467,159.79000064816015,161.746317486373,44882.001317177856,42566.55818272453,1.0258000040089958,0.9872407411646414,0.5563371349576159,0.5756379270994219,0.0011459650639221428,0.0011609022805395331
Li2Ge3Sb2Te7,372.9999967073545,270.00000914576464,258.6589034673638,16669.999889615934,18550.44418937121,0.8030000034163857,0.8191158720745297,0.5644902062863453,0.5633499654287785,0.001215243004504227,0.0012691457875566939
Mg3.5Gd0.03Sb1.97Te0.03,400.00000319268224,-223.92999363439503,-233.17944142467172,19198.000010752257,17394.23563000483,0.8735999982333491,0.8193601592211036,0.4407861156210251,0.4605306339938427,0.0009626769077260341,0.0009515014302616872
Cu2Se0.96I0.04,385.0000042846437,94.00000072096401,118.79381363422226,40986.00117869128,37893.513816412895,0.6440000042283321,0.6154367508900431,0.2159999993068231,0.3559504679009841,0.0003619999984790694,0.0005659130052978958
CuGaTe2,374.999997970236,365.0000105413982,346.73333615855864,2330.000081719492,2575.359311177203,5.749999897015408,5.241308184459259,0.027000001728810133,0.02711119062247135,0.00031041424446885403,0.00037811260737505894
Ca5Ga1.9Zn0.1Sb6,525.000000255088,132.9999982352767,140.25856603233197,28512.999804239917,25508.585998511,1.2579999961289756,1.1951969333564598,0.21300000056678325,0.22287432896246553,0.000504366456999203,0.0005306819086331833
Cu2.82Ag0.18SbSe4,422.9999965886741,392.0000099494033,393.8011213157366,6489.999960214693,6436.122839115399,1.0800000103047316,1.08577218468043,0.3999999976026297,0.41330288577331437,0.000997279362373876,0.0010941035819786288
Cu2SnSe3,322.9999968260349,89.28999893275721,81.1806656496791,13265.000117663732,16131.185043603402,2.82640000629425,2.5016068479034246,0.012085978910328088,0.014147083254218129,0.00010575791814716295,0.00011099746578668885
(SnTe)0.84(CuSbTe2)0.16,818.0000030455999,157.14000222814138,154.42675933936204,91351.0040249183,84478.09202545993,1.714299991782094,1.7209188491875358,1.0763494798714186,1.0682232900857636,0.002255728421698207,0.0023749530731014793
Ag0.01Cr1.99Se3,618.9999988699758,161.13999474845934,155.9658176544228,24464.000010935037,24657.060106579767,1.6382999959547595,1.6930119744848287,0.24001114218622338,0.22895204160023533,0.0006352346663588256,0.0006528437974031958
Cd2Cu3In3Te8,624.999997376834,218.99999591484118,211.26182912143562,8330.000484062211,8218.77301107539,0.8270000005817174,0.8096692776254515,0.30193102504434205,0.2897606089917837,0.0003995151327015997,0.00038868101859236684
Ca3Co3.8Ti0.2O9,700.0000024805998,203.45999521199357,191.26925110697235,6054.000160689032,6716.212446385696,2.1099999866593993,2.2565018406945003,0.08314115985116316,0.07756446060927429,0.00025061120987315675,0.0002604930403118326
Sn0.97Mn0.03Te,425.9999984829964,53.12999996746169,48.526321485247486,357395.9707933065,373369.6274149223,5.802599966014277,6.0993462708527755,0.0740655581796176,0.05808920147131734,0.0010088563438296423,0.0008618714128925806
Rb2Bi8Se12.9805Cl0.0195,724.0000070716053,-169.05999888130754,-187.36741176546488,10368.000069240787,10343.920434814754,0.6229999839292065,0.5863429110902395,0.34437153508911783,0.40417114025630463,0.0002963307505837981,0.0003382806247812404
In0.015Pb0.985Te0.994I0.006,533.0000000248277,-220.10001098081597,-232.08689821641838,24199.999998311887,22773.273053878416,1.4399999998724846,1.3850053816446908,0.43700000525033467,0.440211053598587,0.0011723450649720013,0.0011774994991919643
Cu2.1Se,373.9999973387952,50.00000008228911,59.354773628260446,245999.99243249858,223892.63341942366,1.6124999897011894,1.6577580057113903,0.14264186113609983,0.16100769000487847,0.0006149999932575065,0.0007197739269797758
Mn2Cu3In3Te8,575.0000001364076,446.9999922202405,447.58512389334754,169.9999623016755,209.37065525209627,1.205999993445726,1.171062172202509,0.016195133055404754,0.01794656775807696,3.396753087242257e-05,4.0421933270010024e-05
Li0.03Cu1.83Bi0.02Se,760.999998744195,92.25000032451175,84.23802853752265,131034.00622737958,122688.38634141372,1.6607000016095121,1.8122750825220317,0.5109874150764383,0.45919622586410047,0.0011151075708463515,0.0011461289634976724
GeSe0.85Te0.15,320.0000054952855,15.040000560743039,8.032878542354943,88058.99901661853,85506.45401691234,2.000000006336106,1.9275629735470905,0.003187054182259419,0.003009178135455561,1.9919087959558206e-05,1.7209681700785594e-05
Mg3.5Gd0.03Sb2,299.99999286647017,-197.50000451918078,-202.39381384665484,19493.000040770607,18023.032973104404,1.081499991269116,1.0585663151745839,0.21091507171904572,0.2121304924100742,0.0007603488336641185,0.0007608134475327517
Zn0.9Cd0.1Sc0.03O1.045,873.0000060841234,-133.00000332445686,-144.42283254973768,32917.000139201446,31896.398767948194,3.6099999707295027,3.682531505561761,0.14080905247329412,0.14716517512605326,0.0005822688157042917,0.0006405799912959396
Rb2Bi8Se12.974Cl0.026,724.0000070716053,-145.39999305166484,-151.4376033097997,14338.000020517047,14474.370758146459,0.7030000069457487,0.6869888233636814,0.3121768037926992,0.34218045409838055,0.0003031219537169927,0.0003295078680148657
Ag(Bi0.8Nb0.2)0.9Sb0.1Se2,377.9999998645583,-77.00000237818654,-88.42574317359035,46415.99949428602,40447.800083631715,0.7139723864074963,0.6877226506808847,0.14569999984520632,0.1563941831152752,0.0002752004688868546,0.0002891391895043387
Ge12Sb2Te15,722.9999958765917,256.9999894289734,251.0400523479909,42700.00077176674,42641.396329056886,1.4799999999868345,1.430345530338737,1.3839999812072354,1.434283288446296,0.0028202923102633335,0.0030392560374854797
Ge0.95Mn0.05Te,598.0000014550791,124.51999742111565,125.53565991585893,187628.99136461367,170407.43079747987,2.7914000006751083,2.7330607375739278,0.623242849817058,0.5866388608912093,0.0029092306598562548,0.002753230059775199
Mg3.07Sb1.5Bi0.45Se0.05,500.00000031442823,-305.6499949733445,-307.7820391567233,9986.999908271278,10260.308045798256,0.7375000013037318,0.7077480872740202,0.6325456009783332,0.6645054545765788,0.0009330047190250318,0.0009370474780984751
Yb13.49Ce0.39Mn1.05Sb11.08,572.9999988735261,125.40000188049069,132.36188303005218,27151.000078459543,25461.173542419994,0.7584000172848101,0.7210937116905524,0.32257982156932197,0.3731343227085246,0.000426953817812717,0.00048254568653110537
Ca3.3Yb1.5Sm0.2Al2Sb6,422.9999965886741,-108.32999964758844,-82.48561181356558,353.9999288527102,473.2978637451604,0.8972999818933689,0.8794561358679162,0.0019584089082721125,0.0023233702021639006,4.1543273667180516e-06,4.538110255897186e-06
Nb0.8Ta0.2CoSn0.9Sb0.1,728.0000095973685,-156.1899901626701,-158.84940422478022,90363.99863726132,94445.08507170543,4.185600110968596,4.311384862349524,0.3834207078889163,0.37408465370411664,0.0022044584320711383,0.0022472442255687904
Ag0.94CuSe,469.99999985745785,112.10000238951412,127.09590929572624,44929.99879234558,27702.857476557496,1.240999992159509,0.8688755464884278,0.25700000113786886,0.335472040112494,0.0005646088010869496,0.0006498310728792672
Ag2.0Se0.5Te0.5,299.99999286647017,-90.69999642511405,-81.01360179274869,61742.99863991853,61245.357113266065,0.6099999980464399,0.6179059485502391,0.24980073938082684,0.23082484128110853,0.0005079281720160171,0.00047115771369685535
Cu1.925Ag0.075SnSe3,599.9999974361742,142.4200018116903,147.5252169585392,8575.999735449122,8140.014566533559,0.6762000088869237,0.642825740573493,0.15434864420056954,0.15929006683343444,0.00017395091526051823,0.00018179129722477942
Gd2Se2.98,650.0000025992803,-183.80001047225323,-204.44355921325024,24060.000000431643,24070.706159292607,1.3579999993552325,1.3377200261300592,0.3890453528423166,0.41521922178224024,0.000812805488337847,0.000887511293881532
Mn2Cu3In3Te8,624.999997376834,432.3999942796454,425.81850741861405,319.99997749503694,345.50135397684573,1.0480000065823811,0.9986340696743511,0.03568125234844084,0.037577745975175714,5.983032081504968e-05,6.49326425438983e-05
Ag0.01Cu1.965S0.5Se0.5,374.999997970236,136.00000143066674,138.99138731770887,7059.000198059184,6150.94555886408,0.6220000059495306,0.5963026139136762,0.07871579480541042,0.07412675351008258,0.00013056326350590632,0.00012191272338861457
FeNb0.80Ti0.20Sb,299.99999286647017,71.99999930098261,73.93390849594537,459999.9484968253,469732.9396628779,7.499999727128729,7.8611185777007115,0.09538560017659495,0.10079264167952065,0.0023846400199270313,0.002620026749721627
Ca0.25BaGd1.75NiO5,687.0000048354428,155.15000275007813,125.26920428879555,212.29653719022622,273.0235150029752,1.3272000027341457,1.3033395482736745,0.0026452501759104434,0.0029045890139475714,5.110300291429485e-06,5.588522502015787e-06
Cu2Se,371.9999960759137,99.83999989720203,105.97159634331962,79523.99984364591,74908.77361479706,0.7080000104795283,0.7964249687950636,0.41650196218729507,0.38970219696858344,0.0007926972614776138,0.0008771295987650896
Al0.01Ge0.99Te,822.9999956392309,156.4300017654041,156.20030471114367,171429.00906147892,159276.62565983637,2.9599999437586115,2.836416577312692,1.0519999134756692,1.1424393481640513,0.004194926383131032,0.004194875796551044
CuFeS2,299.99999286647017,-361.6000178792373,-396.7436554408828,5270.000120285064,4241.42537667614,8.42499978849211,6.648685543266162,0.02453684869894586,0.02824899448273215,0.0006890765360672986,0.000616955602630061
CuAgTe0.7Se0.3,403.0000050870046,255.42999568135565,256.0291451557808,6694.999906886028,6628.6804342748,0.2818999951203489,0.27807235269243935,0.6244595904710936,0.6661757276027428,0.00043681182429266175,0.0004651338519278708
Ca0.05BaGd1.95NiO5,525.9999995660822,259.56001094002954,230.47985904196696,30.01274410894808,39.45680755160561,1.8584999836247984,1.8755511678360155,0.0005722745037735966,0.0006226104235190025,2.0220002568693323e-06,2.279832705751892e-06
Sr14.8Ga28.6Ge56.6,407.9999976806355,-87.29999867377305,-85.95063854438774,108391.00562693039,107091.48254366181,2.1510000015499555,2.182662471774488,0.15669006549758202,0.15141174471889549,0.0008260792265435236,0.0008184057506295489
GeSe0.7Te0.3,728.0000095973685,100.68999933503727,84.94003098757322,72201.00348254868,66069.0671095069,1.7499999911598063,1.4124304361708455,0.3045153714532151,0.23454676912744823,0.0007320081137994741,0.0004658741815645304
Bi0.96Pb0.02Yb0.02CuSeO,543.000000067114,171.99999868463993,171.02714683688671,18299.99994911694,17268.782452530508,0.6600000122362127,0.6355261270736164,0.4454140126134754,0.4376777882939125,0.0005413872002559303,0.0005267935652549812
AgMo6Te8,799.9999916796662,34.000001384274654,29.19580208444718,168199.99635998887,169301.80383690042,4.512700045785875,4.592436872428527,0.03446968733276124,0.039706826073658316,0.00019443919512780462,0.0002303180774358827
Rb2Bi8Se12.9935,329.9999906825473,-220.00000793925238,-229.3253678763652,8485.000189319942,6512.325194923412,0.7117000132912465,0.6582396794795154,0.19042071133222707,0.17436299939027183,0.0004106739963200242,0.00034440421617816806
Sn0.92Ge0.04As0.04Te,869.0000035583603,109.00000202266159,86.21886185278939,185199.98395748794,180507.95806926783,3.5287000360968035,3.5887904672581326,0.7512999692065758,0.6913976933287886,0.0022003612923485365,0.0029102394594192303
Eu(Zn0.7Cd0.3)2Sb2,350.00000331136266,162.99999496857086,166.75775189877606,53099.99933208724,41494.29327785082,1.6699999911745915,1.549973460010222,0.2956795559932895,0.2985266614482235,0.0014108139099660404,0.0013609037392781063
Ba0.08Yb0.09Co4Sb12,700.0000024805998,-183.99999307497606,-189.84917308926325,122000.00349489876,127590.14363487612,2.4100000369925767,2.4628902581039522,1.1997106073909445,1.2168404418600176,0.004130431854176505,0.0044821618621287175
CsTb2Ag3Te5,462.00000008771815,115.5999973123176,153.5932813009445,281.49995182990693,393.83599164279946,0.40500000495823885,0.4797566765118467,0.004291222419564222,0.004073846400908129,3.7617861442162147e-06,4.232196440572707e-06
Hf0.7Ti0.3CoSb0.8Sn0.2,473.00000175178013,191.00000131180707,195.78091685580208,50599.999964756295,43847.54619448119,2.8099999984300896,2.8099415843120665,0.310722052381501,0.2979362479419459,0.001837999974890488,0.001848289823008729
Ba0.08Yb0.09Co4Sb12,799.9999916796662,-191.3800015226457,-198.42299572857752,114399.99555652941,119838.44621147032,2.4660000344824624,2.5625554085167184,1.2999999933083093,1.3281842639593753,0.004190049167006904,0.004552982259673891
Ag0.5Sb1.1Pb19.6Te18.8,372.9999967073545,4.800002568033996,10.938704771478001,31795.00000368734,26435.64312249799,1.724999993080155,2.0186381661066575,0.0001584021159431316,0.00015724974295400985,7.325568531544054e-07,8.702775787411815e-07
Rb2Bi8Se12.9935Cl0.0065,624.999997376834,-260.63000630921186,-272.3902606833043,3824.0000855669746,3454.202519582831,0.47399998992476017,0.4538304911185874,0.34250615272841944,0.33420462720162497,0.0002597566624055688,0.00024252999421497918
AgSb0.95Mn0.05Te2,544.9999996794372,137.59999726477372,140.0106247039943,58399.998624226646,54021.00136375773,1.094999992795032,1.0336040727360867,0.5503412626808132,0.5818169210331154,0.0011057315768359755,0.0011447401229289073
Cu1.99In0.01Se,295.0000002728392,89.11000108907422,100.3748658949799,125700.00005692244,106169.36913792502,0.8249999846728255,0.7800153173959103,0.3569079522153788,0.42348502935270393,0.0009981324167097534,0.0011595277637426182
Cu7P(S0.6Se0.4)6,324.9999980889164,288.69999090803907,288.0832311304506,379.0000884035783,355.0120618598593,0.2199999932089745,0.21345001289336668,0.04666523669894315,0.052968801254502866,3.1588774003542075e-05,3.624281038803669e-05
Cu2Se0.98S0.02,371.9999960759137,113.00000041308061,112.56666955324147,72000.00286576737,81540.95811441678,0.5740000208911874,0.7343798446760857,0.5958273263604104,0.5179231209685213,0.0009193679945649827,0.00107389422412264
Mg3.5Ho0.03Sb1.97Te0.03,400.00000319268224,-208.79999600979625,-215.37814865342864,23829.000001499397,22638.934332792123,0.955099990512212,0.9178784100337951,0.435088826463527,0.45407853969103495,0.0010388833765354604,0.0010511962250702013
Cu2Se0.7S0.3,769.0000037957211,145.5400016128353,152.24382137984128,42000.00110549484,37061.03590837614,0.7439999931897316,0.6904619294557942,0.919533224888017,1.0517495144107984,0.0008896394273199226,0.0009574280920527889
Sr0.16Yb0.03Co4Sb11.82,350.00000331136266,-126.0000017386478,-129.93315728835984,273181.9931875364,250427.35155218045,3.900000071813074,3.625258264854694,0.38922131617682365,0.3935684321299138,0.004337037036026363,0.004240294245689045
Cu3Sb0.998In0.002Se4,372.9999967073545,284.5000040447961,291.9745445998466,4444.000194051764,4002.9797471748584,1.9199999813404365,1.9978539646757758,0.069878921736918,0.07004611370743036,0.0003596984686508941,0.0003719597330095625
Ge0.83In0.05Pb0.12Te,374.999997970236,238.6599974839638,236.8105986663566,17318.99978161702,15218.113845740663,0.9467000084946908,0.9272192323108336,0.3907517944127394,0.37567084946861296,0.0009864659277087633,0.0009322212464079848
Pb0.98Tl0.01Na0.01Te,497.0000010609992,193.1400053522156,181.09866705923213,55673.999056441855,60705.24033424111,1.5624999996315654,1.5144248871874055,0.6605919050668548,0.7180257754511853,0.0020768105180681024,0.0022739251645863445
Cu5SnSbSe6.3,572.9999988735261,65.17000024428607,59.93277239482376,124137.99403600195,146696.30238214502,2.2844999897897287,2.497626733946088,0.132240245287649,0.12208423010251544,0.0005272300881322719,0.0005473772116272546
Cu3P0.8Ge0.2S4,400.00000319268224,95.99999991617351,97.99868714379734,30740.00013193931,26492.49314199614,0.9819999896146402,0.9397011511810266,0.11539708363271185,0.1150640731538397,0.00028329984574724805,0.0002797791699259483
AgCuTe0.6Se0.4,320.0000054952855,219.22999821435644,208.04553031249245,11068.000058572698,9811.934915627597,0.5357999735159102,0.4195072722773472,0.31769939880410525,0.3427752492537569,0.0005319479229005238,0.00047603681873976484
Cu3P0.7Ge0.3S4,400.00000319268224,77.99999982166165,81.79533860634268,54300.001056646804,46621.19786382934,1.2600000058615881,1.1513130426770963,0.10487657105454418,0.11434341092439873,0.00033036120578994345,0.0003475970583234622
Al0.02Ge0.98Te,372.9999967073545,47.679999665722846,43.322813697529796,503570.9744850728,514294.43994822376,6.141399693299125,6.178151003013677,0.06953038633349731,0.058593663032109916,0.0011448094710432392,0.0009924758151906932
Sn0.91Mn0.09Te0.97I0.03,331.000001877561,56.70000006447456,51.98850415210875,233845.98349597107,242575.74627397422,3.5267000738969716,3.4950026064294955,0.07055950490748641,0.06073714898875129,0.0007517891743290184,0.0006740330530864912
Ba0.98K0.02Zn2As2,523.0000003126531,113.58000161786612,115.5164188135044,79999.99960355477,74458.35296143765,2.0780000092934268,2.1305739920354068,0.25974659521528476,0.24084737816734728,0.001032033298880104,0.000994092855525296
YbCd1.6Zn0.4Sb2,350.00000331136266,122.21999790636714,128.28346595964683,84470.00473038675,71120.51138130011,1.6824999903739994,1.5340261324061333,0.29000000358625955,0.2967411700009007,0.0012617899581203879,0.0013128271342627237
Mg3.5Ho0.02Sb2,700.0000024805998,-333.5700035794108,-320.6037486838847,6818.999813785731,8012.036932370372,0.7170000022609552,0.7321959669430542,0.7407531802987177,0.7422136506578008,0.0007587429316814741,0.0008041431905139466
Sn1.03Se0.08Te0.92,623.000001395739,91.56999901321322,87.02127825147731,154386.0038248682,155621.1084771673,3.440299930730924,3.288504166323157,0.23442616157038573,0.2339525428963472,0.0012945365751600314,0.001257321411848381
Sn1.03Se0.12Te0.875Br0.005,722.9999958765917,151.12999905526556,137.44938221191876,84211.00261809106,95222.50055539027,2.182000016903075,2.1809454593961,0.6103418583040836,0.6073374108785243,0.0018420000024463863,0.0019195343528641915
Sr0.21Co4Sb12.25,350.00000331136266,-136.00000064974586,-137.72381452539423,217726.98554172355,202630.69497245332,4.580000009845172,4.2278396128354565,0.30774617971699136,0.3075689406845978,0.004027078451320684,0.003771409861398258
Cu3Sb0.925Ge0.075S4,372.9999967073545,197.70000551312765,205.84860977226,18699.999798417037,17085.413857881947,1.559999994948877,1.5580095288462334,0.17475885016022924,0.17726466012760803,0.0007308949241360661,0.0007749420810602137
Zn0.96Al0.04O,572.9999988735261,-80.9999948985045,-73.47848179481642,50500.000718770876,50892.429334528744,3.700000175983139,3.652946495279791,0.05131145571222958,0.0500032776436058,0.00033133049746681813,0.0003092033720264002
BiSb(Se0.92Br0.08)3,400.00000319268224,-138.0000027800059,-135.92049600106446,23883.00000858154,22037.092711606907,0.5699999749904495,0.522950909480643,0.3191774339985654,0.3410723419426046,0.00045482785205989545,0.00044875739201419654
Cu12Sb4S13,624.999997376834,112.69000037639535,127.77743976834944,83332.99772255289,64492.41404874278,1.5148000005166005,1.3131743298237106,0.43662893547791304,0.47910271604209,0.0010582487660136326,0.001054718637819869
AgSb0.95Mn0.05Te2,443.99999928535726,108.42000081787609,111.26501573512562,66133.0013701172,60465.26883601951,1.0819999896496875,1.012934078527562,0.3190015161060021,0.32507540936059814,0.0007773865629369139,0.0007831199647404429
(Sn0.8Ge0.2)0.94Mn0.06Te,372.9999967073545,54.599999845548766,53.859120449977226,252358.00367031398,252698.17040010256,2.8749999285873375,2.7499860821909428,0.0976052853107999,0.08597418279157973,0.0007523195732969396,0.0006488389404332084
FeNb0.92Ti0.08Sb,899.9999914423054,240.00000067226833,239.99646687143357,78999.99902715304,74222.30043875574,6.3000000460655246,6.363473031423501,0.6500571436629304,0.644661208986606,0.004550399897552943,0.004921089171630809
Cu2Se,850.0000021245587,202.30000454262466,191.0388731209896,30811.999819750785,31085.32071513416,0.9380000112538581,0.988959891821113,1.1426881230398536,1.1160295206518884,0.0012609900638469158,0.0013987222636971778
Tl9.0Bi0.96Te6.0,500.00000031442823,210.4000043650262,212.0381147652797,19699.99999467842,17913.616597248376,0.4964999847482034,0.45895138338626185,0.8782303611174644,0.8827976063459025,0.0008720827411900235,0.0008471453776908377
Ge0.83In0.05Pb0.12Te,550.0000001957478,235.6300039422866,236.6155234681153,26994.99998339339,23692.969940260682,1.086699998443643,0.9865526189152404,0.7867000146977768,0.7826331525204723,0.0014988027625679084,0.0014952694821598394
Ge0.96Mn0.02Sb0.02Te,497.9999990515467,114.5199985100176,109.83669100635589,165979.0030988362,176303.84523551693,2.9200000485869624,2.9643703183258046,0.3712464588038634,0.37136990003004083,0.002176786523939484,0.002201702719583887
Ge0.58Sb0.22Te0.8(AgSnSe2)0.2,523.0000003126531,206.20999667357586,209.67781757249992,34800.000086053544,31640.17922301397,0.6899999822925217,0.6902365708264807,1.1339998862289828,1.161790866453404,0.0014797851827234292,0.0015315418393532548
Cu2.88Ag0.12SbSe4,297.99999160358857,338.000011133393,336.61840066881456,13611.000081596358,12345.01581686905,2.000000006336106,1.8897213590779505,0.23169128915937515,0.2440548359269721,0.0015549750404382683,0.0016005802197731722
Rb2Bi8Se12.974Cl0.026,624.999997376834,-128.40000429495984,-140.41768608069393,13470.00013808803,12845.114883384957,0.7100000024360246,0.7029096314404564,0.1954876439411411,0.2209682138690295,0.00022207395795025055,0.0002554644909201068
In0.005Pb0.995Te0.999I0.001,481.00000152151983,-268.5000038320982,-279.01988237298207,15999.999983944379,14443.802195304152,1.472999999267877,1.3976638338561005,0.3766612053572891,0.3748597574974671,0.0011534760507961128,0.0011029084645028193
Cu2Se,350.00000331136266,101.48000046999505,101.57915821700672,87319.99996527008,83316.37259552359,0.7999999852132361,0.8046663567791825,0.39341662050377485,0.3753906225167923,0.0008992379893297236,0.0009096840930616029
Pb0.97Tl0.015Na0.015Te,397.00000129835996,152.2700020305441,142.24405140268436,74339.00069486778,77551.10963814819,1.7670000059996678,1.6969292437956642,0.38725708704969136,0.4180332154508752,0.0017236354656103602,0.001881191530307194
Ag0.97Cr0.95Bi0.05Se2,502.9999995678573,115.68000091958862,123.20328092369408,12019.999906426436,11768.13384946234,0.47030002336752885,0.46026016271294035,0.17203389949459014,0.1821990393477622,0.00016084998403076336,0.00017121745765293574
Rb2Bi8Se12.9909Cl0.0091,525.9999995660822,-201.25999208778666,-218.02373275745447,6176.000289752392,5945.121709514154,0.5369999735806197,0.5002306875486107,0.24503813659474247,0.2709182467241033,0.0002501625060190679,0.0002680254866055335
AgCuSe,621.0000001328574,225.99999750065024,237.47700775866358,10129.999897728381,8949.558925578014,0.5300000159487916,0.5380231212767376,0.6062364478135073,0.6145780397289672,0.0005100000000196794,0.0005335031484068289
Ge0.55Pb0.45Te0.8Se0.2,720.9999946137101,142.86000110632727,133.3936061212804,30000.00007674534,32698.752693468185,1.17500000635588,1.102158879497142,0.3829999992999856,0.41675172435830754,0.000612269384430195,0.0006630172164476267
Mg3.07Sb1.5Bi0.45Se0.05,599.9999974361742,-304.5699903009435,-305.820392266753,10703.999884926809,11499.132060436788,0.7027999938568045,0.6721826922337587,0.847695441471232,0.8985704005199804,0.0009929339432427982,0.0010317824290662452
Bi2Te3,305.9999966551147,-114.53000038129349,-119.8354446751095,44999.99929560241,47269.86234416828,0.957399991912559,0.8885840446020697,0.18865965589574335,0.2389050144838223,0.0005902704437720538,0.0006922399042338443
(SnTe)0.98(CuSbTe2)0.02,320.0000054952855,25.549999721552346,20.975479865682146,513706.0329464908,499300.5766605238,6.987700259870854,7.129825594170011,0.015357204599260092,0.012224857760297235,0.00033534856275302584,0.0002889356269432073
Cu0.9Pd0.1FeS2,199.99999310383095,-123.6600033553143,-155.14438428244813,37854.99984032465,62932.44232723999,7.159999647446511,6.868937292229527,0.016169578932154607,0.018966256681298966,0.0005788709258349619,0.0006034231710145872
Pb0.99Tl0.01Te,695.9999999548368,273.5300061550574,264.3976081798063,23823.999990839784,22381.368249743955,0.96069999028206,0.93592672536607,1.291356357020194,1.2669043903979569,0.0017824797250486043,0.0017771204201753412
Mg1.98Li0.02Zn0.98Sb2,372.9999967073545,92.05999982863199,88.36709577487628,83597.99528004193,76867.80344004849,1.1289000100818367,1.1402463366100293,0.23409448770606509,0.22336045724195314,0.000708496702107234,0.0006995758846773126
Ag8Sn0.4Ga0.6Se6,572.9999988735261,-323.8300031842162,-316.4543386113269,660.0000777329439,1599.9763374633046,0.2829999917885258,0.266242306787964,0.11999999999344844,0.26644437189155357,6.921147364288012e-05,0.00012494467491426357
Ca0.1BaGd1.9NiO5,1036.9999828775342,180.15000002782324,167.32744520610999,217.50769670713998,264.919399164091,1.8346000131754774,1.7819000040812147,0.0039900696972516555,0.005256572125070851,7.059000927401332e-06,9.89195487960369e-06
GeSe0.9Te0.1,320.0000054952855,75.30999959800738,76.71565839908062,2974.0001410114787,3012.311816052121,1.9320000079848654,1.910026359561836,0.0027937599287997323,0.0023507667457278265,1.6867325077691555e-05,1.398321412965231e-05
Sn0.97Ce0.03Te,722.9999958765917,184.99999492102697,182.78672027925685,49999.99998248531,50173.10308970573,2.000000006336106,1.976124268289915,0.6186168489715936,0.6573982415055607,0.0017112500044468022,0.0018570569279705517
MgAgSb,350.00000331136266,188.3600055439851,193.07632649597699,40908.99918010501,35128.85886489045,0.9999999962392296,0.9359701995652079,0.5080006710823244,0.52378928061163,0.001451430433031194,0.0014219244491553552
Gd2Se2.92,850.0000021245587,-157.96999264561165,-171.06926403103148,15031.000209436517,15289.844119645968,1.0219999997224953,1.1829686732797295,0.31196447317398557,0.30765922844282484,0.00037509140337385925,0.00045046520101016516
Ag(Bi0.85Nb0.15)0.9Sb0.1Se2,675.9999978895944,-166.99999257806897,-165.8931967644554,17666.000192369625,22431.826485526177,0.651773884716555,0.7024365887217661,0.5109999987515761,0.564001447721279,0.0004926870738145069,0.000598857294460754
Sn0.99Mn0.01Te,767.9999926007074,112.69999715849107,100.4856347018773,159763.0092535777,164118.33892096224,3.6183998246413545,3.8979921416987207,0.4306938745810646,0.39382644430149966,0.00202919624342795,0.002036966033539589
Ba8.03Cu5Ge40.97,613.0000003631177,-156.70000802268456,-166.83304690408053,32900.000148203115,31659.094176803676,1.2536000066564625,1.2052683407548765,0.39503482685203184,0.40658733024154536,0.0008078558812550125,0.000817873757455798
Ti0.99Mn0.01NiSn0.99Sb0.01,797.0000003489167,-164.9729997231606,-167.2811704185769,112583.00056675916,117123.75251428742,5.600000184598505,5.362865485129274,0.43608269830929114,0.4426871160513722,0.003064069005998809,0.003044750568228179
(Zn0.9In0.1)4Sb3,422.9999965886741,187.50000051890254,192.6588096883785,13142.999918669007,11776.99485694205,0.8200000167751315,0.7936297805170783,0.23835461581587053,0.2394035140835286,0.0004620585931867974,0.00046045172951108675
PbZn0.015Te,320.0000054952855,-248.90999734794872,-247.213209417555,57200.00023174645,47522.037248712055,2.0749999841790143,2.0636243263959098,0.5500000113105465,0.45819024742624526,0.0035438942863784827,0.002929708958249708
Ba8Cu5.04Si13.01Ge27.96,417.0000033636024,-82.99999702876451,-79.51032761371582,80226.002985793,75465.78768778917,1.8729999833907085,1.7928091848849244,0.12200000075831631,0.11295982576074678,0.0005526769132836833,0.0004981644212942597
Cu5SnSbSe6.79,672.999995995272,66.6699996406932,63.68287251196608,210344.9825262642,222181.78251832182,3.439999962674306,3.4665370677984675,0.1829151699576616,0.19568958128420574,0.0009349601606820115,0.0010458367074118154
Ca0.05BaGd1.95NiO5,1036.9999828775342,256.620006047517,231.7227824990331,107.19193546261798,136.27104774849107,1.3841999999445287,1.3600650563809016,0.00528838486484318,0.006641794599231924,7.059000927401332e-06,8.840576062776858e-06
Mg2Zn1.04Sb2,773.0000063214842,121.79999804602264,112.80999111204926,8708.999983478197,9192.055950214783,0.8829999877709893,0.8850614603816397,0.11310496328930907,0.12976604479886902,0.00012920011100217048,0.0001475236088373913
(SnTe)0.88(CuSbTe2)0.12,622.0000007642982,117.30999884018487,117.13992440233443,123839.00283754875,121660.48418675954,2.2360000152670576,2.144831902243941,0.47407395457191226,0.5019965179908674,0.001704227230981114,0.0017916142596221274
Ag0.02Cu1.955S0.5Se0.5,299.99999286647017,141.14999957846,149.16767123357297,4190.9998957838425,3678.567895679509,0.44569998503713415,0.5157687706212393,0.05620281415437162,0.05431889721380044,8.349864210475608e-05,9.33421309221978e-05
Eu(Zn0.7Cd0.3)2Sb2,400.00000319268224,176.00000294516,182.9294341760925,48295.00113318519,38032.931785044486,1.5380000022363205,1.456859345256229,0.3890730576965937,0.39359653985573684,0.0014959859852749214,0.0014709568259695855
Ca0.25BaGd1.75NiO5,790.9999965602722,146.31999716054577,118.88364966075949,295.3589948607791,365.6156175760657,1.3510999986311114,1.3194013312630941,0.003702085572188369,0.004529936697336848,6.323500067297307e-06,7.6226085143012945e-06
Tl9.0Bi0.98Te6.0,385.0000042846437,189.99999437657598,205.14403328289706,20635.999912849744,16676.367329705343,0.4459999945893387,0.4207317924706075,0.6430704796843106,0.6378827334481367,0.0007449596078645399,0.0007096942130831064
GeSe0.55Te0.45,775.9999976522336,132.7799985879582,131.2100811516542,107836.00365943057,103626.50629696064,2.1349999775297617,2.0902339796787155,0.6910237128616862,0.6909133234098496,0.0019012056425277873,0.001999783236359084
Eu(Zn0.7Cd0.3)2Sb2,299.99999286647017,148.00000247202482,152.2778386154518,57000.00025188215,45539.02829558084,1.8380000057791472,1.6883720863506702,0.20378585502755578,0.21686017807178085,0.001248527952493204,0.0012391572452704646
Pb0.97Tl0.015Na0.015Te,695.9999999548368,239.22000512455787,227.95226396913552,35684.00020678012,35241.1162546671,0.9332999992196829,0.8863765510828563,1.52284777466385,1.6156553919188414,0.002042059998924307,0.0021201970830329975
Ba2CoRuO6,517.9999997963425,17.000000887367555,14.635195456977968,223000.01815014431,89310.76772688449,1.4549999995590754,1.4683980616111274,0.02294401986887367,0.0250092534762181,6.444699683898036e-05,6.975377249464028e-05
Ge9Sb2Te12,624.999997376834,112.87999793722459,129.18055828319137,119999.99721995722,118799.8532432877,2.8232000024781647,2.3544073089607584,0.3384960568627988,0.4599505306546279,0.0015290273655404018,0.0018212038988680227
Cu1.925Ag0.075SnSe3,799.9999916796662,209.08999739310988,200.1271161961091,8787.99973672899,8585.767128564155,0.5491999766358827,0.5220133046560196,0.559649412887256,0.5408020187373255,0.00038419930235946044,0.00036501842754624325
Cu2Zn0.2Fe0.8SnSe4,372.9999967073545,232.94999756567753,213.13213723899875,2644.9997925370235,2908.971222498347,1.7402000033937541,1.8023559112331438,0.030765273633232722,0.03349179016943243,0.0001435327830254252,0.00016388169029303885
In3.96Pb0.04Se3,517.9999997963425,-271.9999928848006,-263.684572093903,9499.999888800272,9636.42142767612,0.8599999787510006,0.8311260895401583,0.4233433314304635,0.41412508440847606,0.0007028480047930669,0.0006721030543958938
Yb14MgBi11,913.9999791553303,97.95000052565177,84.15582070730568,57031.001352833155,59441.95979678437,1.600000002248907,1.6700299460907382,0.3125691353588802,0.35136666676508754,0.0005471669625155014,0.0006543759070478635
In4Se2.32Cl0.03,698.0000012177184,-311.0000050743659,-308.9257226853629,10860.000254249051,11880.52817022025,0.7049999819492847,0.721206464829973,1.039960665484165,1.0271703257982328,0.0010503900452361015,0.00108972350591599
Bi2Te2.55Se0.45,572.9999988735261,-149.00000862633502,-138.21930975539996,52029.00041363627,62883.30928862017,1.2270000028267165,1.2794775758631465,0.5599999839903621,0.6039249250823512,0.0011550958361488364,0.0014062038651922715
BaCu4.0S3.0,400.00000319268224,77.00000022405689,72.3033353054458,13919.99991038711,19492.510959132334,0.7499999849616024,0.744616628571778,0.04401689509772588,0.05104257044257853,8.253168299857608e-05,9.621173290842067e-05
Mg3Sb1.6Bi0.4,750.0000023619194,186.40000228231006,228.71941573573886,1990.0002166819886,2377.4170910547673,0.4159999935404336,0.42946607906644185,0.12870000018295352,0.2505086001759588,6.913999360056682e-05,0.0001513037721332947
CuAgTe0.7Se0.3,407.9999976806355,252.4500036604602,256.1118431394358,6348.99987913158,6508.708973979809,0.2855000128416819,0.2775465120791339,0.57824266191692,0.6640621370722569,0.0004046281382295872,0.00045836109841745784
Mg0.97Li0.03Ge0.9Si0.1,500.00000031442823,248.99000173614064,246.926966460758,25999.99993598756,25564.869151389277,3.169800023552258,3.1724679753213847,0.254258394784516,0.24680002074824628,0.001611896484212313,0.0016685979550529197
Cu2.1Cd0.9SnSe4,350.00000331136266,131.99999717014668,122.25338117106377,21033.999904649092,20552.700005592214,1.7129999959485316,1.659156917086111,0.07488251588900728,0.06802161946549906,0.00036649641226687175,0.00034002185711148403
ZrNiPb0.995Bi0.005,871.0000048212419,-180.40000098071013,-191.25398219320886,83600.00369170842,88831.21271609583,7.073999711412739,6.950083173776823,0.33499045985761183,0.3910938875618824,0.0027206919694261152,0.0031514417475007363
Cu3P0.7Ge0.3S4,350.00000331136266,68.29999976257734,67.45074509381337,57974.99883868405,50899.7199523969,1.3069999995474544,1.1936663570010235,0.07242268773694986,0.07901539312134027,0.0002704470034632314,0.00027944270976959767
Rb2Bi8Se12.9805Cl0.0195,427.9999997458779,-131.8199956104923,-155.98857525529002,14484.999773789623,12847.965851046576,0.7046000071362478,0.6309439334855339,0.15289111419428117,0.1875199277448004,0.00025169878147316674,0.0002839746127472856
Mg3.5Ho0.04Sb1.97Te0.03,500.00000031442823,-237.00000843615953,-237.0094710390593,21449.999925998265,21966.743490411125,0.9112000156262403,0.8684071334462529,0.661120001739401,0.6766764144929961,0.0012048250383211183,0.0011995796934187709
Sn0.97Mn0.03Te,331.000001877561,41.799999419611936,37.5831844441712,265089.03058384213,472364.73115770525,6.342099966298153,6.737719538266059,0.024173481223562474,0.02764977351974678,0.0004631741051239583,0.0005935909481676331
Ca3.3Yb1.5Sm0.2Al2Sb6,822.9999956392309,91.99999859070397,19.320035057014884,8899.999856685834,2476.2177939825838,1.2850000010129374,1.0097881379954468,0.04900000104698503,0.01913407808247844,7.5329595891996e-05,2.244515306174068e-05
Cu2Se0.92I0.08,358.99999843075665,191.00000131180707,173.38420373388445,8985.999793982604,10103.557392879433,0.13999999044589953,0.41499413322759454,0.8406197223718818,0.27715957114571055,0.0003278182689868475,0.0003144023143685289
Ba0.96K0.04Zn2As2,322.9999968260349,45.059999663380204,39.07792056122039,145454.99213974795,121766.58473542289,2.9500000460949853,2.774364018693785,0.032336391217984546,0.028323824333358887,0.00029533235283104014,0.00024556956888111437
(SnTe)15Sb2Te3,773.0000063214842,161.53999517451135,161.29110288980286,90379.99985490473,84073.98749346513,2.130000002126252,1.9816074339686554,0.8559184295540078,0.9417060365194746,0.0023584815411133225,0.002571352739005571
AgBi0.9Sb0.1Se2,400.00000319268224,460.94000295908216,63.42506060870538,26.600001320407056,1061.1218340878786,0.39890001262185665,0.4117899359628023,0.00566717235726602,0.0688006798112315,5.651586357891117e-06,7.28293630440693e-05
Ba0.11Yb0.08Co4Sb12,700.0000024805998,-167.93000442832684,-177.62926632220353,123403.99818713329,122850.56220453195,2.315999966873184,2.2878712245117123,1.0518293766039628,1.1185337572163074,0.003480052406813646,0.0038593815894917096
BaCu3.96S3.0,700.0000024805998,128.99999984485768,113.5606244142854,14794.99989506409,20022.431909052277,0.8327999928409174,0.8699955010545524,0.2069434631241031,0.2477214781104227,0.00024620359197098635,0.00030953886044701376
Gd2Se2.94,550.0000001957478,-130.39999468501776,-133.65415564576213,24850.00000120283,25517.37775355144,1.5319999982574966,1.504759999027127,0.15169997139680333,0.17060173768903733,0.0004225533766289537,0.000460357447706496
BiSbSe2.76Cl0.24,500.00000031442823,-192.0000015960162,-197.40476799967342,8730.000376275213,9450.622997844372,0.49000001377677505,0.456804492693876,0.32839053782141125,0.38063929551994025,0.0003218227193228079,0.00035439302859335934
Sr0.21Co4Sb12.25,599.9999974361742,-176.00000803434017,-182.2027794557429,146364.00458305268,144684.9190492496,3.679999825730906,3.571734267023316,0.7392018297522001,0.7606792067775291,0.004533771084930209,0.004631853929774455
La0.3Co4Sb12,572.9999988735261,92.99999965583399,82.68720066984771,26216.999924083964,28871.13344936236,3.332999954834025,3.6248993243548018,0.03898236687280621,0.034900197105467774,0.0002267508269130011,0.00021551213595390287
Ag0.97CuSe,628.9999999025971,211.5000026016187,231.48477338167956,14000.000383108949,11338.42539171768,0.5698000207371879,0.5724030663983125,0.691316610406177,0.7111757840652729,0.0006262514993284841,0.0006479148845119909
Nd2.9Te4,972.9999847196168,-99.0599947634191,-106.30936998222307,87097.00517705931,90081.63283920866,2.183999986260119,2.4571455766605306,0.3500000030064332,0.32033940581248327,0.0007860000039325132,0.0008215405088977327
Cu2Se0.98S0.02,333.0000031404426,94.41000086416226,100.51935549738455,114384.00107059565,102504.8257912059,0.8399999899983387,0.7664894374783496,0.4041719904156282,0.47495556517960114,0.0010195329563717553,0.0011561307732076932
TiZr0.005NiSn,322.9999968260349,-137.04999736555658,-131.840341380747,39385.00055495839,43260.491249115534,2.934400029803135,2.8289458139710324,0.08142769606460883,0.0760501023547997,0.0007397567371464776,0.0006932888481210302
Co0.97Ni0.03GeTe,326.99999935179795,-81.27999871880152,-89.57249089498043,90956.99501722488,84148.04660385703,6.332999966591391,5.666002205573942,0.031027142799739907,0.03108087800150199,0.0006009018189293509,0.0005667727700038786
GeSe,423.99999722011484,737.6800001090393,733.5874126146886,15.518003693876574,18.448931820802695,2.009599989285661,2.377485304382014,0.0017816732221848414,0.0018215569654637042,8.444457107770905e-06,1.1237239280830179e-05
Li0.03Cu1.82Bi0.03Se,606.0000012248188,73.07999957080787,72.57232094606364,132184.00057307867,134475.58209185983,1.7231999953458341,1.717894752777244,0.24826351551777603,0.2652204638512907,0.0007059532881526305,0.0007818434147437866
(SnTe)0.9(CuSbTe2)0.1,824.0000068342446,154.99999818773284,153.2728383544834,98349.9955137441,84740.30767415883,1.5530000011276,1.6543778039247787,1.2536997020529583,1.1868313736165095,0.0023628588585776996,0.0025026965046203134
Mg3Sb1.9Bi0.1,659.999998350115,392.99999340423017,372.50451209223047,985.9999846388386,1443.3799638934622,0.6600000122362127,0.639652432941405,0.152286714582392,0.2156942791918575,0.0001522867088572294,0.0002130989477743858
Bi0.8Pb0.1Yb0.1CuSeO,743.9999985732749,158.49999898063737,147.71925314889387,10213.000004754753,10670.228814598899,0.5100000137490293,0.48096463557028035,0.37429551821773943,0.38920651973541565,0.00025657353511665965,0.00026404295119898083
PbZn0.015Te,716.0000020200793,-268.9999955595116,-275.94880986412585,23199.9999573452,22139.36075024122,1.0890000115988479,1.1091868480715112,1.097000030875467,1.1122078951867533,0.0016787752486196476,0.001780503110492875
Ca3.46Yb1.35Pr0.19Al2Sb6,322.9999968260349,-119.64000553060282,-134.32743275630278,271.0000558920045,233.90400129366566,1.6473000044895119,1.4194339260473732,0.0007605923038670214,0.0008353859222908581,3.879020576443339e-06,3.539537211848768e-06
TiZr0.015NiSn,728.9999996652363,-200.91999583471318,-205.44039629391193,81085.00461019138,80928.43818915311,2.743199989658191,2.6624253707750465,0.8853999600082161,0.8878290454472877,0.003273307899744578,0.0032834712977435664
GeSe0.85Te0.15,775.9999976522336,123.1000023657422,106.6247566175467,20521.99995629357,29458.024615422295,1.0720000077796221,1.0525979431607582,0.22511411394441624,0.2708393734504167,0.0003109823862775073,0.0003633876879989872
CsTb2Ag3Te5,539.0000000171883,173.7000034304115,204.82351402512222,345.20001328018407,448.5501129135636,0.3749999898824925,0.44001454245467186,0.014970210213604389,0.013898551182991823,1.0415267711746217e-05,1.1883502309408457e-05
Ag3.8Mo9Se11,447.00000117967954,117.99999986862963,124.6404342844497,30300.000064428023,29293.827704183852,0.8399999899983387,0.7956013004461542,0.22259999966736457,0.25543699104181805,0.00042189720138034324,0.0004712405165187967
K0.995Ba0.005GaSb4,509.0000007156087,-268.3699928339443,-261.95099037010004,6822.000055202883,5692.1874727790455,0.6686915302129783,0.6309542040803764,0.37400000729890476,0.3345206232164365,0.0004913372015426803,0.00042465740182542075
Cu10.5Ni1.5Sb4S13,715.0000013886385,194.20000472022312,204.9964589423883,23875.000009162017,19863.579757534368,0.7933999923544749,0.7488764394514708,0.8114386001100083,0.8178590677572282,0.0009004131667967961,0.0008946828570446275
NbCoSn0.9Sb0.1,530.0000001111754,-115.04999741310044,-112.68392404088311,130000.00502210158,129982.07928705859,5.792000041817898,5.813105978132645,0.1574577034305983,0.1457443145499353,0.0017207453065116304,0.0016289359726341344
Sn0.99Mn0.01Te,423.99999722011484,36.330000050461905,34.41507916488501,521892.9903607507,524711.4994556181,7.5131996268850285,7.74430555401171,0.038873458074320896,0.03416523220752239,0.000688830342707713,0.000662167504100113
BiSb(Se0.94Br0.06)3,299.99999286647017,-111.9999985670297,-114.55646279684692,26117.000081834594,23088.583653529317,0.6400000119261791,0.5769021158341185,0.15356795937001594,0.17388890694477369,0.0003276116414253552,0.0003173106227070879
Ag0.01Cu1.965S0.5Se0.5,577.9999993898367,112.4399986425876,139.32830763782982,37425.999817437965,26920.67169301785,0.9199999913772213,0.8671871682238973,0.305999992557372,0.4328951451811881,0.0004731676974173784,0.0006627064694023657
Mg3.5Gd0.01Sb2,400.00000319268224,-254.22999949237976,-257.01907234658046,6917.9998982742545,6664.934481084188,1.0108999976630406,0.9927430319119863,0.176923673196121,0.18918165288743435,0.0004471303543794597,0.00047926068909065966
Cu2Se0.9S0.1,613.0000003631177,143.99999821150476,142.79676250766775,42169.99878050159,32781.31666703066,0.5547000231507676,0.5388671672147617,0.9663421111093962,0.8686429306452889,0.0008744371321886844,0.0007635633602189682
Cu26V2Ge6S32,400.00000319268224,32.57000074165389,33.51829795669636,389286.01066222036,394788.3606290273,4.4269998908090455,4.353728964874552,0.03731253769685397,0.033074903434026096,0.0004129564983112467,0.0003725426893047371
(Sn0.8Ge0.2)0.82Mn0.18Te,873.0000060841234,153.00000192757386,145.7253911443368,80600.0027165223,76551.51621754505,1.5120000000121925,1.41879708401921,1.0893823706941363,1.16721174321473,0.0018867653173460308,0.0020483377376502424
Cu10.5Ni0.5ZnSb4S13,420.0000052579247,188.00000398651807,192.51970003359028,8765.000263271519,7608.0528149387,0.4459999945893387,0.42033728441879803,0.29173063967002855,0.313298469605465,0.00030699999349416597,0.0003138152261871386
BiSb(Se0.92Br0.08)3,700.0000024805998,-193.00000853124726,-197.47638323253767,17925.000086363132,18220.68495172104,0.4999999946552032,0.46970507142230844,0.9400000009911123,0.9996319312505737,0.0006676883186471548,0.0007073720159138152
Al0.01Ge0.99Te,473.00000175178013,65.49999971526383,67.53470661672037,399999.9724125882,395312.3491770367,5.2430001462337215,5.204396602932702,0.15481886229208547,0.15440582577664602,0.0017161000541364665,0.0017428426927792219
Cu2.7Ag0.3ErTe3,599.9999974361742,68.00000017680097,70.54295290151612,149999.99979091305,141550.81497662494,1.340000003402926,1.40584124574773,0.3105671578455859,0.31943551096691725,0.0006936000004550687,0.0007641865116547912
Li0.03Cu1.81Bi0.04Se,760.999998744195,140.49999741860023,142.09979366927135,54023.00004271751,53373.01459922607,1.1875000022080264,1.2025904644281113,0.6834116688981324,0.712456869582614,0.0010664275228840583,0.0011609691076985334
Nd2.78Te4,972.9999847196168,-190.00001120595826,-181.9150036216498,28899.999888652485,33069.38491252727,0.9499999877798708,1.114581165785874,1.0150000165710624,0.8594610068365469,0.00098000002045085,0.0010517356073792418
As2Te2.6Se0.4,523.0000003126531,265.4999896774269,262.75646880740874,2420.4997950790016,2550.6355546638515,0.4999999946552032,0.495133996335619,0.17847024607026188,0.19050700751947985,0.00017062164682387404,0.000191806996834445
Ag(Bi0.8Pb0.2)0.9Sb0.1Se2,576.0000007678484,136.110001254326,140.86128452819818,838.0000941531222,800.1050162429672,0.6042057614438562,0.5212393763889848,0.014800000408100629,0.024143041220842855,1.552472940226629e-05,2.4739574042623052e-05
Mo3Sb7I1.5,422.9999965886741,13.700000307489027,14.334857606628333,456500.0439205986,489637.3151043197,4.710000191567878,4.73047329838551,0.007694871848766267,0.008528068477908069,8.568048475631986e-05,9.627017878002609e-05
Nd3Te4,972.9999847196168,-70.99999598740644,-82.34198218096543,157282.00139892971,145605.31414367445,3.109999957407614,3.2950536510088684,0.24805510642058054,0.2512106436416979,0.0007928585518221651,0.0008700243917468179
Cu1.7Se,473.00000175178013,29.69999973926612,30.394532485724913,547297.0028523917,530948.7199556149,5.416099869819046,5.261538706846598,0.04216095457770829,0.044614622009731514,0.00048276521092732304,0.0004996916036036761
Ba8Cu5Si25Ge16,760.0000086763271,-111.00000337200075,-121.17313504359859,68549.99886177378,69131.34936295677,1.923999997456215,1.9475015281999084,0.33199999230594984,0.35913400429563064,0.0008446045485714178,0.0009552686013080923
Al0.0075Sb0.1Ge0.8925Te,773.0000063214842,260.50000196208,248.6634949752903,52048.000193757274,54747.45285480214,1.4570000003629142,1.4840225050297688,1.9079999393595943,1.7850503308849726,0.0035319902991130794,0.0037848445519107236
(Cu0.001Pb0.999Te)(MnTe)0.03,422.9999965886741,-207.99999515769224,-225.12742380828922,55723.99836529744,49761.77028453578,1.5940000085620993,1.536324697646713,0.6397658065921857,0.615016593058687,0.0024108430896998927,0.0023384294305643415
Mg3.5Gd0.01Sb2,700.0000024805998,-323.94000887797654,-310.49191260749734,5061.999735608291,5823.49834905009,0.7249999892032065,0.7256972174414638,0.5128747497942499,0.5126068533386768,0.0005311917188189062,0.0005379817900258223
Bi0.84Pb0.08Yb0.08CuSeO,446.0000005482388,107.89000113387233,107.78474141681454,22326.00003440575,21064.974988456423,0.6554000108515974,0.6204523057206054,0.1768486414561453,0.19270150107074763,0.0002598802634104673,0.000270174958820534
Li0.03Cu1.82Bi0.03Se,401.00000382412304,43.590000152174454,48.847097559943435,95401.9990922233,102217.95198253037,1.348200001777951,1.3328785592066517,0.05391644712559476,0.08196510446311402,0.00018127220653376796,0.00028049806834592377
Bi2Si2Te6,473.00000175178013,160.6400030210459,141.7070780386279,10693.99987971341,9970.766775006174,0.7539000158554932,0.7290817330881202,0.17313902510026474,0.1230307036990207,0.0002759609073697805,0.0002158614191261972
Ge0.55Pb0.45Te0.8Se0.2,299.99999286647017,82.61000003583018,75.62145982232992,37974.99949844744,38000.60910133258,1.0280000056600562,0.9579363454668576,0.10000000046300517,0.08965424712637395,0.0002591570439689276,0.0002802355420107926
Mg2.9875Na0.0125Sb2,473.00000175178013,133.99999930040673,128.82823481790356,29133.999941950307,28856.887610011265,1.300000001827918,1.3123476879641718,0.19033887656928744,0.1859682393730778,0.0005231301045102376,0.0005438124817009684
(Zn0.95In0.05)4Sb3,448.00000181112034,177.29999552467743,178.10694657642992,23099.99996533055,20175.131783242035,0.8100000155288248,0.7327739858737272,0.4016265729843944,0.42444925894245555,0.0007261552037105098,0.0007087950305341985
Er0.03(Bi0.23Sb0.77)1.97Te3,299.99999286647017,216.5000020571677,231.09464646560113,62300.00023102852,54357.38794232635,0.8399999899983387,0.8432909405501913,1.0499998973103042,1.110805316665863,0.0029201409245681303,0.0031485951513213132
(Cu0.003Pb0.997Te)(MnTe)0.03,822.9999956392309,-201.40000573813728,-186.73200854692752,45378.99963578902,48878.51001638444,1.2747000003168278,1.2986159807533246,1.188408474631309,1.031610522409054,0.0018406611271098985,0.0017520586497115236
AgBi0.95Pb0.05Se2.12,299.99999286647017,328.99999567712183,347.435799411542,2734.999851410058,2123.7411677317605,0.5699999749904495,0.5379626558032591,0.15581007061772584,0.156734540537189,0.00029603913976078384,0.00029000627652377994
(SnTe)0.9(CuSbTe2)0.1,722.9999958765917,146.69999815230528,142.77270683354664,102498.0045833107,99267.46865653842,2.0248000052220303,1.860118194462666,0.787647287696266,0.8908637837997085,0.002205848283972508,0.0023682813542756282
GeSe0.8Te0.2,430.00000100875945,21.539998678936563,18.840212996824533,91045.0020970086,87607.57824930549,1.878600006889804,1.764063971269204,0.009669000835107293,0.009757138862712967,4.2242297920950835e-05,3.861845622523255e-05
Ca3.3Yb1.5Sm0.2Al2Sb6,623.000001395739,-99.00000233064264,-52.32307198207385,1104.0000063537668,1311.1899502005779,0.8249999846728255,0.8395474485025358,0.008300000189414904,0.010113991512779282,1.0820302874869432e-05,1.270588555278701e-05
Bi0.9Ag0.1CuSeO,372.9999967073545,178.49999680283346,178.16034101562116,2350.9997820159183,2264.7128559307166,0.5549999727225595,0.5349246249545809,0.05034367491953859,0.05463764356524845,7.490814412138585e-05,7.92569628438302e-05
Sn0.97Ce0.03Te,422.9999965886741,71.40000012942987,76.61036346141651,231644.99444745353,213614.15819840506,3.499999961209799,3.4167359950620266,0.14272224737636208,0.14809939018226367,0.0011809169981944726,0.0012500773366166211
(SnTe)0.86(CuSbTe2)0.14,432.000002271641,61.20000008810252,58.771056649507464,210400.02126902432,213774.23207816045,3.16000007462333,3.2209066563389306,0.10773212932201151,0.09612819125619936,0.0007880405834458695,0.0007487924640486159
(Sn0.8Ge0.2)0.85Mn0.15Te,672.999995995272,119.29999831824813,121.19526023539369,116900.00034514669,104427.9665446458,1.5499999964375013,1.4178457653340562,0.7224017270664495,0.7829158748042848,0.001663778072797798,0.0017338473729647695
Cu22Sn10S32,500.00000031442823,71.96700052790504,69.50141940390064,157204.99353840615,175156.76339312387,2.6399999486693413,2.7186473889698672,0.15420527557382727,0.15174882415204208,0.000814203849444841,0.0008273938205245763
Cu2Se0.5S0.5,769.0000037957211,131.18999953594695,136.50451900599316,53429.001420780325,43145.71999321034,0.7730000046662626,0.7437674165904924,0.9147983577002152,0.9582900100129107,0.0009195567046617142,0.0009278423757393536
Ta0.84Ti0.16FeSb,569.999999620097,165.5000005664464,162.41871408175547,202599.97977361619,198745.3947666467,4.3999998228071,4.319693409384064,0.7188820218799146,0.7203408348220612,0.005549264960186994,0.005815813668227165
Sr0.11Ba0.18Co4Sb12.09,799.9999916796662,-160.99999792749097,-163.16012467431418,213636.02138758212,212309.00342278756,3.9300001748504183,3.961624059165916,1.1272587115418233,1.1090997022895541,0.005537658314145918,0.005914515018960402
Ag2.0Se0.9Te0.1,329.9999906825473,-135.60000022369385,-131.71591871879698,97979.99438150413,98374.42984638324,0.8449999887479211,0.8016774847822329,0.7035808874217454,0.7034091613740702,0.0018015935022951885,0.0017087828719328348
Ba1.8Bi0.2CoRuO6,418.00000399504313,37.400000603140924,45.11376391893787,66049.99885557378,58557.819971169585,1.3619999981864375,1.3298568154850408,0.028354053802573154,0.03368296444334114,9.238810066507813e-05,0.00010916748814116258
Ge1.04Te,322.9999968260349,71.99999930098261,70.2575001599153,463000.0335397502,459848.682445377,5.239999775204204,5.006228784007229,0.16999999967210727,0.15388638919144607,0.002400192078839968,0.0024041815317513205
Ge0.9Mn0.05Sb0.05Te,297.99999160358857,75.50000009388714,74.28096354553682,162899.9932160184,167961.3488865142,2.9409999357663676,2.854219755597546,0.09408843306346563,0.07822802419761964,0.0009499999868019328,0.000775064635360072
Ag0.94CuSe,549.0000002245304,202.60000192711314,211.58012948101188,20065.00008769304,16338.579568965295,0.6159999993394432,0.6512114480416429,0.7340230317086681,0.6638815959017178,0.0008236032490272794,0.0007957883508422263
Bi2Te1.95Se1.05,572.9999988735261,-185.00000001020715,-191.8915925697427,33000.000228329925,34733.31090829973,0.9322000069840536,0.9036222389213949,0.7060000351168714,0.7379745682703046,0.0011300000043575871,0.0012068379714984475
Cu5SnSbSe7,722.9999958765917,74.71000042645464,67.0618905221385,206957.01992695968,215258.82956059798,3.4740000978824854,3.554011024324893,0.24040642955237107,0.24413648633519378,0.0011551478548276854,0.0012337158219751763
(Zn0.95In0.05)4Sb3,372.9999967073545,155.79999903983685,156.78101032805574,24527.999977540065,22179.671642904268,0.8430000112457654,0.7466100108705335,0.2634379280191546,0.29030095103807935,0.0005953838452622307,0.0005867189467579043
Cu5.133Sn1.866S6.65Cl0.35,616.9999976070943,106.25000056107932,110.03145508924133,76610.00355265675,70457.62393163911,1.4999999997567373,1.4415493504758723,0.35574371465928284,0.3617701327175651,0.000864855075792398,0.0008917565329684905
Sn0.8Ge0.2Te,372.9999967073545,44.699999573438454,40.494061895251605,410900.0052064918,433190.4689570897,4.840000063125619,5.080353246433597,0.06450000281405154,0.04882991030129847,0.0008210151797369027,0.0006660895366614964
Ag2.0Se0.5Te0.5,314.99999177450877,-92.76000272835262,-84.30989833886187,63400.00178415299,61029.2184830487,0.6319999968618965,0.6199174437738652,0.2718968716865741,0.2561900266132779,0.0005455200750257275,0.0005037145651378028
Sn0.98In0.02Se,722.9999958765917,425.00000400798643,421.69363436846385,323.99997435187794,378.9973568441309,0.639000009519247,0.7012743147259206,0.06621559812479748,0.0652154520272955,5.852250143921844e-05,6.823875807491859e-05
Cu2Se,365.00000221940127,107.40000031845358,105.13948603844779,76750.00053358843,77003.69272772728,0.670000010084151,0.7938691830902314,0.48228640855943744,0.3898816977766673,0.0008852928310865179,0.0008910744349911672
Cu2Se0.92I0.08,449.9999977922154,208.99999700374312,197.63917952600147,9353.000122539917,8735.62406888289,0.5179999912355451,0.49293870717452964,0.3549165544776875,0.33720332714794277,0.00040854839311241144,0.0003798687046663159
Ba0.95K0.05Zn2As2,523.0000003126531,52.46999992486225,49.94407856459394,114285.99439406578,117256.3585452837,2.9573999765690426,2.890063311044702,0.05564252145616177,0.053844421095863425,0.0003146408926367032,0.0003161315757164572
Sn0.87Mn0.1Bi0.03Te,473.00000175178013,87.39999956120695,82.5744448337434,197999.98077846863,207613.56867784975,3.8500001625881337,3.8172720655771855,0.1858182930063969,0.17533363196917606,0.0015124744405530896,0.001466333286435914
Cu7P(S0.75Se0.25)6,421.9999959572333,359.1699905369527,389.9793568036337,190.00003025061216,170.6413169760093,0.18820000081171454,0.1941797963344388,0.054959974666732546,0.055256237177342474,2.4510585951083987e-05,2.749747324808099e-05
Ag2.0Se0.5Te0.5,360.00000962577036,-101.00000446090269,-92.48416667980425,64586.99990523082,61996.00525600672,0.6669999863238693,0.6383028833682732,0.35560227886483886,0.3414920179888655,0.0006588519793892418,0.0006110767519349021
Nb0.9Ta0.1CoSn0.9Sb0.1,924.0000065968837,-173.89999112231447,-173.28759869991055,83899.99844272163,88824.11707646718,4.089999952576053,4.059750264129878,0.5732047632551599,0.5699251110778296,0.0025372376532463562,0.0026775337231291067
Ba0.97K0.03Zn2As2,322.9999968260349,47.530000239715974,40.6958612942508,164103.0020036397,150722.77237635574,3.37140003211985,3.254373347634179,0.03551766266996706,0.03184614640321468,0.0003707252374719736,0.0003207599342914753
Ag2Te,650.0000025992803,-124.69999741892826,-128.20461211126158,41129.999436689715,37246.47880620757,0.6600000122362127,0.6364692186416399,0.6335399995966177,0.7037086083265951,0.0006395751989385591,0.0007286659149780369
Cu5SnSbSe6.79,372.9999967073545,37.58999963149542,35.151879573986335,385345.0034816411,418008.02552097815,4.51700007475422,4.623317213536282,0.04496277467722853,0.03992626542442407,0.0005444956076686393,0.000494991435296502
SnS,500.00000031442823,623.9999987751206,609.5863178419936,2.4999995237428494,10.477867871898686,0.8749999781770093,1.443333798745239,0.0005562513168747032,0.0010321908075873246,9.734398355949886e-07,3.3245015627669808e-06
Rb2Bi8Se12.9935,624.999997376834,-272.99999982003163,-278.5622727751818,5000.000232474174,3359.181753098005,0.5339999888359546,0.5068563334612687,0.4361481659189791,0.2999031899544752,0.0003726449958347305,0.00024345506320592862
Cu7P(S0.5Se0.5)6,421.9999959572333,260.00001023466655,259.3638556431942,1249.999865046764,1164.1701815301942,0.2600000114677817,0.25230299018229374,0.1371500003476734,0.13733200323231082,8.44999977545875e-05,8.646020645932405e-05
Sn1.03Te,322.9999968260349,14.200000840054038,12.036853926238336,634211.0167487587,671432.425670276,9.176000735108916,8.46958110680693,0.004501524198677053,0.005385794127194748,0.0001278823066978729,0.00015597817246810078
ZrNiPb0.985Bi0.015,672.999995995272,-149.80000947843902,-141.6732302550271,194507.01967699648,203602.49418887886,7.239999783537263,7.29305282030961,0.40572834642762523,0.38756997250637126,0.004364744791639708,0.004137098422746268
Cu2.5Sn0.5Sb0.5Se3.5,722.9999958765917,74.29000056611014,67.0618905221385,211300.01345696588,215258.82956059798,3.4859999691777737,3.554011024324893,0.241863942440901,0.24413648633519378,0.001166165589582748,0.0012337158219751763
In4Pb0.01Sn0.03Se2.9Cl0.06,572.9999988735261,-246.80000126413051,-253.16413002331785,10100.000183670278,9313.161120721617,0.6144800024859028,0.5954706512744811,0.5736652368398726,0.5564080385147012,0.0006129999974446847,0.0005846236738476198
Sn1.03Se0.12Te0.865Br0.015,422.9999965886741,31.799999040988624,27.939462511421123,355263.0218733625,377773.5463737703,3.880499884254065,3.8561379612934066,0.039161283651416384,0.03406833426076101,0.00035925615886565703,0.00032275849016160957
Mg2.9875Na0.0125Sb2,672.999995995272,171.00000348961098,168.9722123009592,24000.000000559583,24809.13645414648,0.9999999962392296,0.993196255294377,0.4723006162594358,0.5082568772829816,0.0007017840028863816,0.0007626001643440491
Mg2Cu3In3Te8,769.999993863589,266.9999883400714,258.7684865138482,7699.999649627826,7982.245889352994,0.9999999962392296,1.0282507233802922,0.42600000433463525,0.42195720703738876,0.0005489252992501127,0.0005878695995107077
Al0.01Ge0.99Te,322.9999968260349,34.290000519142154,37.46889357664115,639285.9250451218,639107.3314651429,6.777799703719344,6.7242992767403384,0.035821512428119505,0.03483396075456521,0.0007516751158767259,0.0007575704928870755
Ag0.97Cr0.97Bi0.03Se2,752.9999936926688,180.9799970963155,171.56367407326303,10467.999693789372,11659.485281638346,0.39599999506053546,0.3822052985525104,0.6519655867117369,0.6631664543241295,0.0003428663631304314,0.00035653194101365675
Cu2Se0.94S0.06,550.0000001957478,165.46000169786143,171.9356506368811,39018.99988935268,36426.175360655914,0.8119999945208906,0.7773114086624184,0.7235504512313499,0.7939104625191034,0.0010682236229212893,0.0011693849279457709
Ag0.97CuSe,390.9999975097154,-30.569997830472964,-18.832220073318005,59903.0008782919,58085.756426811815,2.1162999966782583,1.3274633727355665,0.010342820322530625,0.11805540880161287,5.598084948893e-05,0.0004337989102576668
CoAsSb,400.00000319268224,-128.74000054803332,-135.8506065779102,22689.999989443208,22773.162263746297,2.81729994228363,2.9290186476924918,0.05339350213869004,0.05707886102694469,0.00037606378241160577,0.000403232857723437
CoSb3.0,422.9999965886741,-200.00001011705632,-174.4769516147538,2940.999664841906,3435.124871919084,5.400000065887301,5.485820401347715,0.009215133061982418,0.009689408333462742,0.0001176400027886777,0.00012893509165254165
Nb0.75Ta0.25CoSn0.9Sb0.1,826.000008097126,-172.75999401713702,-174.64485998531515,80425.99562895166,83471.14144673766,3.7215998954825715,3.9683866204653166,0.5327619837366512,0.4823845005481731,0.002400395826601398,0.002422494252208711
Ge0.98Mn0.02Te,648.0000013363988,130.64999719974642,131.76625561625974,148454.00088489344,151889.41148854964,2.7060000527602375,2.60105647040077,0.6068172817445739,0.6808198556381194,0.0025340241668778615,0.0028392761520412897
Cu10.5Ni0.5ZnSb4S13,715.0000013886385,234.30000340617883,242.91616121429774,10299.999808892206,9043.779597868815,0.5023000012455805,0.4766900801473805,0.8099999785932975,0.8189176324032371,0.0005654338488091299,0.0005673868281613415
Sr0.21Co4Sb12.25,500.00000031442823,-162.00000486272205,-169.4279837762086,165454.99230027891,157413.5515903894,3.9200001916971656,3.8248746604562562,0.5538521585081786,0.556926902637684,0.004342200706418801,0.004304083550314412
Bi2Te3,425.9999984829964,-132.7999972413298,-142.33685691943424,27078.00005659934,37042.975870275004,0.8739999838527547,0.8406122558027432,0.2327613663447301,0.34936979938269375,0.0004775432741201567,0.0007083950848164629
Ag0.01Sn0.99Se0.9S0.1,567.0000003666679,415.8000059489924,392.5574817063419,569.0000142086641,583.5035472035044,0.19200001619986784,0.19526803633739506,0.29051132460847495,0.26696217478894346,9.837420428049717e-05,9.933283470115884e-05
Yb13.43Ce0.44Mn1.07Sb11.07,572.9999988735261,124.43999968394567,130.62386350985204,27520.000009425174,26131.567117198887,0.7160000135561129,0.6927586030288619,0.3410436983390156,0.39209617536053293,0.00042615582779681184,0.00048702567882447133
Sn1.03Se0.08Te0.92,722.9999958765917,129.6999976553982,123.97644954387823,89473.99555667488,92278.25378130541,2.6950000170545203,2.558250071845512,0.40379071798922356,0.4292384259837214,0.0015051396759988294,0.001575918640685907
(Cu3SnS4)0.875(Ga2Te3)0.125,741.0000072425255,170.20000263750697,170.24419275824482,34492.99976063851,30940.81999102564,1.3846000010935198,1.219159947365102,0.534741594446756,0.5745746773470221,0.000999194595122868,0.0009867255796293212
Li0.03Cu1.83Bi0.02Se,504.0000001992981,47.74999988703448,49.01691958344854,173563.00922096794,164082.344771376,2.035700013880335,1.9691823453157995,0.09797621549065098,0.11323450793396002,0.00039573448569899086,0.0004399620182225302
Cu7P(S0.75Se0.25)6,324.9999980889164,402.96000518694535,400.6639738605096,16.440001135225256,26.009927391288702,0.23919999680769477,0.22142482600390176,0.0036270032891140957,0.0061150873368256715,2.6694737332384757e-06,4.738824716687439e-06
Ca5Al1.9Zn0.1Sb6,525.000000255088,133.59999887435472,146.55207747583432,21640.000032203876,18955.32820453045,1.17500000635588,1.0928492697115897,0.17400000002914814,0.19794339325826202,0.0003862514919359101,0.0004225934914398031
Sm0.2Bi1.8Te3,457.99999756195507,-154.79999719378594,-150.83119839047131,56600.001651426326,62917.68780522926,0.6899999822925217,0.6849818463798953,0.9200000051131372,0.9379351257352838,0.0013563080396682893,0.001450930592758509
Ba0.99K0.01Zn2As2,623.000001395739,191.36000286927407,183.45969214454266,23358.000020710595,25729.686643658137,1.475200001925136,1.488263816516454,0.36122277905608274,0.34492750625597374,0.0008553384119940216,0.0008528480112357836
Bi1.9Nb0.1Te3,572.0000008829786,-105.50000044883618,-107.14793739825481,34480.99957169568,41826.721860815465,0.7395000168283173,0.7460709308254477,0.2968538032315916,0.40568759179952185,0.00038378215327838455,0.0005709237879648281
GeSe0.95Te0.05,326.0000092839301,634.0000211666229,569.7784388649113,12.400001194322682,22.81254535301356,1.9126000163613432,2.0849573182768464,0.0008495593459305731,0.0009766282572359756,4.9842545157790595e-06,6.662413632135406e-06
Ag0.97Cr0.99Sb0.01Se2,502.9999995678573,111.23000058233585,122.2546784633968,15015.99996685973,14359.84514738923,0.5071000215636353,0.4820611163418858,0.18427758342911899,0.20201498409498203,0.00018577964957268341,0.00019736870525966738
Cu2Se,373.9999973387952,42.569999652751946,106.16127691869191,320269.9647191268,74408.9533809414,2.000000006336106,0.7982682646117463,0.10853383845098713,0.38904126115424326,0.0005803948649129869,0.0008732012469359923
Cu2SnSe3,523.0000003126531,203.9999975481941,140.31542383114532,2648.9997569065313,11056.168451675554,1.503299999094623,1.4582689597737064,0.03835290845921859,0.05725472820848058,0.00011024078858168554,0.00017330409995985853
Cu2Mo6Te8,500.00000031442823,3.239999732410965,-5.544618235768418,214200.00139982757,208886.4460827076,3.3100000468435633,3.7508922533819877,0.00033966558479174585,0.0010744474233613944,2.248586052558067e-06,8.107865690719973e-06
Cu2.88Ag0.12SbSe4,473.00000175178013,408.00000351107934,398.46073709154257,6281.999918895299,6478.209247611536,1.0899999995863714,1.0741421909439688,0.45378789844602024,0.47017025849621175,0.0010457268524791442,0.0011146347095356622
Sn0.98Ce0.02Te,722.9999958765917,142.29999933583426,138.43241281490037,75999.99846004263,77710.83106296885,2.089999990675116,2.097659679427002,0.5500000113105465,0.5684012061127799,0.0015389461099328072,0.0017184854651244295
Cu1.875Ag0.125SnSe3,500.00000031442823,229.29000129843303,219.68058717129566,2510.0000357956947,2702.8475772495144,0.6348999970631704,0.5898813609265381,0.10392227038427256,0.11073509550256565,0.0001319605017796204,0.0001378945044190718
Ba8.07Cu4.89Si41.03,763.0000000070766,-91.00000554980463,-99.30124417655469,103699.99924675724,108888.88915219004,2.8800000196999807,2.9403607246443517,0.22750638762970574,0.25933584581898983,0.0008587397013650363,0.0010083095509771252
(SnTe)12Sb2Te3,322.9999968260349,64.14000002771732,55.65020128113376,224000.0215121269,240148.83229677836,2.90999996270976,2.9918362309604105,0.10228582648059423,0.09317776514129458,0.0009215224642027852,0.0008542028703393777
Ba8.03Cu5Ge40.97,760.0000086763271,-165.10000522957458,-173.94314810526677,27734.99979718881,28547.20554485775,1.3800000009744302,1.3561169674861742,0.4179999957543402,0.44130976108216013,0.0007560009065428925,0.0008304900815707814
Yb13.44Ce0.4Mn1.09Sb11.07,473.00000175178013,102.60000107593055,111.47862284239582,28150.00015382109,27976.33747585424,0.7420000008298582,0.7081705911805735,0.18889930353130907,0.22759956072639642,0.00029632829383237044,0.00034161984989372347
Bi2Te3,366.00000285084207,-126.53000142265157,-137.50988456256604,32337.999656435342,43887.802245912324,0.9177999957001747,0.8617511101260168,0.2064587067937947,0.33996260325619854,0.0005177262357335231,0.0007962825346111721
Ge0.98Mn0.01Sb0.01Te,398.00000192980076,51.61000003611812,49.736721647421454,383505.0061636948,400161.64089379786,5.187199962124616,5.278377574680033,0.07837703519798567,0.06663683005079506,0.0010215008866925972,0.0009152083941296952
Ag2.0Se0.5Te0.5,374.999997970236,-104.00000178619169,-93.5653805930225,63999.99828936465,62387.80334087979,0.670000010084151,0.6454586289582994,0.38743880095974614,0.3677015474231673,0.0006922240077932065,0.0006423886028205549
Ca5Ga1.8Zn0.2Sb6,624.0000020271797,94.600001360042,98.19179879323596,42069.99978369201,37292.422696644346,1.4129999998524925,1.2952907869891879,0.16626361259088335,0.17422426728039195,0.00037649116323881045,0.0003760581757335979
Sr14.8Ga28.6Ge56.6,509.9999987061562,-101.00000446090269,-103.81375521993624,92545.00213653338,92810.81582894911,2.159999979587664,2.1637455210365415,0.22290105831372636,0.2379563599450263,0.0009440515313375408,0.000997625036180694
Ag(Bi0.9Pb0.1)0.7Sb0.3Se2,525.9999995660822,408.10000655264287,382.7845852648382,914.9999696548666,771.5417483916132,0.6184933235179331,0.6066651850599798,0.12959999966536478,0.0938443345044292,0.0001523892393936343,0.00012298465943123336
Ag3.8Mo9Se11,350.00000331136266,92.39999901675597,100.21253118536976,35800.000035138204,34722.62539494799,0.8526999848973544,0.8010972319792161,0.12500000135559905,0.15150064082487122,0.000305651814214056,0.0003529272520747568
TlCr5Se8,822.9999956392309,294.99999468330765,287.14218349021036,5000.000232474174,4921.495848947962,0.7046999886936112,0.6541201458522738,0.508170678726699,0.5320411049400773,0.00043512500099277294,0.00043789349092449264
Ag(Bi0.9Pb0.1)0.9Sb0.1Se2,576.0000007678484,366.6700073305794,419.53829762410106,355.85999604851355,349.7280198928157,0.4292569832594873,0.4334452302994185,0.06419999776628864,0.07232705273738374,4.7844266148994334e-05,6.375913379332757e-05
Nb0.8Ta0.2CoSn0.9Sb0.1,530.0000001111754,-131.15000575654213,-126.92584581715701,109078.00577479873,115573.86247219706,4.48999992649076,4.7292963336638545,0.22146407415893657,0.21097369870324917,0.0018761767755394619,0.0018925959577497824
Cu2Zn0.4Fe0.6SnSe4,672.999995995272,231.2000030393263,231.99312413299452,6210.000051376937,5931.5486010730765,0.8583000140635824,0.8399175174184246,0.26028144536791326,0.26582344887325393,0.0003319458656462583,0.0003465908895545404
Rb2Bi8Se12.9805,724.0000070716053,-254.299994577353,-250.39536771876556,3890.000172885631,5792.890737299985,0.5709999704375354,0.5377317335572775,0.3189662819802052,0.4673835333784919,0.00025156043100456847,0.0003532999959695692
In3.95Pb0.05Se3,517.9999997963425,-258.9999966484135,-263.32334955541666,10899.999945957044,9889.910502519342,0.8100000155288248,0.7738604483664668,0.467595984231286,0.4550335611025759,0.0007311828961256398,0.0006889954084605307
AgBiSe2.0,322.9999968260349,-133.00000332445686,-168.2013439794675,18550.000203544892,7020.363121950383,0.6049999953148881,0.573833705502118,0.17518396171133216,0.09846021370135713,0.0003281309509790247,0.0001854722964698653
Al0.0075Sb0.1Ge0.8925Te,322.9999968260349,142.73999863047126,144.59154003496332,58473.99875997377,56606.99474319862,1.4282000001767812,1.519462336266502,0.26944347978373456,0.22531265204615705,0.0011913906289999288,0.0011432093876653155
AgCuSe,382.00000239032136,-26.750000218787456,-20.63544467603092,55855.99957026254,50469.542676234814,1.9464000125873175,1.3000380120538908,0.00784420008264829,0.09720182308565879,3.99684555789353e-05,0.0003568933779431566
Mg3.5Gd0.04Sb2,500.00000031442823,-278.0000110157828,-271.2943362968436,13524.000149326928,15130.971835533921,0.8054999945879165,0.7816203996029116,0.6487826050466234,0.6786975470331958,0.0010451888285539744,0.001081896026488796
AgBi0.94Pb0.06Se2.12,299.99999286647017,301.99999626911665,318.4894153763081,4079.9997912132376,3284.955451863898,0.6000000102401476,0.5691039783671232,0.18605615989432675,0.19217269303660936,0.0003721123233936323,0.0003791475644515076
Ge0.98Mn0.01Sb0.01Te,698.0000012177184,147.42000126723931,144.9080969745264,143299.0077244666,131062.45155673918,2.149700025937468,2.2256748303680745,1.0111918572646412,0.950942144351689,0.003114267946162187,0.0032694954235150185
Ca0.05BaGd1.95NiO5,632.0000017969194,234.56000192208234,216.17385924258275,48.111182489957734,60.39190913751693,1.683799993139218,1.6433609656181019,0.0009935291019767712,0.0010971297687703005,2.64699971360524e-06,2.9945750749885155e-06
NbCo0.98Ni0.02Sn,903.9999939680683,-187.64999843022588,-195.3993771166454,40479.999090429534,48142.98049847551,6.892899772198376,6.985725563226986,0.18694079845821746,0.21221708809862622,0.0014254028554778367,0.0016554325499647828
Ge0.9Mn0.05Sb0.05Te,398.00000192980076,92.29999891024298,96.70848295778819,136081.99833652124,130770.57857955487,2.6100000272264676,2.6399712082900844,0.17678550357697953,0.16799521052908406,0.0011829999857101434,0.0011302275299796627
Mo3Sb7,822.9999956392309,44.699999573438454,36.013909783932675,401149.98629136133,374864.4961851724,6.97299978483089,6.911827218900719,0.09460236901690024,0.10070691613343084,0.0008015338068531895,0.0008840085386848145
CuGa0.97Mn0.03Te2,474.9999977328752,213.99999645929216,218.63378379045855,22148.999916940305,19250.980043331307,3.652000138393145,3.442432205109206,0.13193028857363842,0.1345514182856484,0.0010143355904140548,0.0009833760423161436
Ca14MgSb11,799.9999916796662,149.9999987321838,154.02598405997085,6817.999753561652,8690.769173445104,0.6930000174056872,0.6655003063270346,0.1770909091953044,0.2444350118307841,0.00015340499444850946,0.00021174270720666422
In3.99Pb0.01Se3,329.9999906825473,-206.00000476763432,-216.97998182916564,10000.000036017953,8590.301053117955,1.1200000049097296,1.0799272282816252,0.1250346427268754,0.11451179106000886,0.0004243599996203142,0.00039471418232860843
Zn0.9Cd0.1Sc0.04O1.06,372.9999967073545,-92.99999593986257,-98.57190760094409,43999.999218450284,40359.85447244954,6.800000183040143,6.449998961474014,0.02087461708734137,0.019272518466947493,0.0003805559985220118,0.0003413466162903032
YbCd1.2Zn0.8Sb2,449.9999977922154,110.19999743071656,120.55541335035811,99700.00404404143,86049.9688792907,1.462999997829571,1.4455525996646068,0.37800000229156594,0.4000514279766554,0.0012107607723956827,0.00132607545719251
Bi2.0S2.79Se0.21,523.0000003126531,-553.0000162915853,-537.13853363439,292.0000680790145,336.6452154292718,0.5500000234432026,0.5112621222401812,0.08491259362287193,0.10021953464424807,8.929622564257287e-05,0.00010077449037448645
(GeTe)0.7(AgSnSe2)0.3,623.000001395739,53.99999994023339,51.135173431925104,65799.99945004717,73039.95747035007,1.3370000014562222,1.3350682932026905,0.0894066978126841,0.0915602842547898,0.00019187280249265658,0.0002040475035923834
Bi2Te1.95Se1.05,523.0000003126531,-189.4400035653642,-190.91006471263103,35849.99971160206,38183.606637671684,0.9069999813484741,0.9032630130712095,0.7599999922782743,0.7597073042759452,0.0012899999419080067,0.0013214515781571554
(SnTe)15Sb2Te3,322.9999968260349,55.33999982660608,50.871026222101385,293375.97565489094,301205.02936867916,3.540000153572017,3.6193746253468357,0.08197891107647805,0.07092161810431075,0.0008984685663787852,0.0007998601352984414
Li0.02Cu1.85Se,399.0000025612415,36.22999994394891,32.755035132041584,220192.01671406202,242184.78822531746,3.358199937853162,3.3339374472584393,0.03434033650165606,0.035662168074043016,0.00028902685904982575,0.00029505758272133027
Ba1.8Bi0.2CoRuO6,517.9999997963425,24.399999964178086,21.31785937978372,137179.99537582416,82162.25907018721,1.319500000239721,1.3469522864742518,0.03336870077714318,0.036142373623209004,8.499999658760595e-05,9.528417481673801e-05
Sn0.91Mn0.09Te,523.9999996236472,94.53000040496775,93.63430516547417,175147.98987556755,178347.68692943943,3.2895000829948744,3.325812070120978,0.24931355611119552,0.244564445018838,0.0015651087003113997,0.001576980555647431
TiZr0.015NiSn,422.9999965886741,-176.4899971095568,-178.79985839407678,47231.00011219648,46625.82947581528,2.3799999621255585,2.2772859718616876,0.2772999946224449,0.2693567788464287,0.0014711852251137793,0.00141098418410527
Al0.01Ge0.99Te,773.0000063214842,144.59999885058278,148.37231950150408,191070.9964475673,175401.61012378577,3.0599999376192373,2.959917696372556,0.9620000128793746,1.029139528370473,0.0039951338916699025,0.004151105181273743
AgBiSe2.0,514.0000012319193,-176.999991489167,-196.76297811118883,13400.000170158606,4021.8617220548376,0.7100000024360246,0.5104548581584375,0.3039177757533016,0.17629629923686163,0.000419808602105598,0.00018531857495407354
Cu11.6Gd0.4Sb4S13,424.9999978515556,95.27999973629,98.5015933763843,100000.0016817545,95870.46697812664,1.3256999973603356,1.353261991185282,0.2910363131689791,0.2938746197709204,0.0009078278276586527,0.0009544298356164232
CuAgTe0.6Se0.4,421.9999959572333,231.52000572820833,236.7477064036593,6783.000265329651,6303.667192676004,0.3476000143973909,0.31841410140245974,0.4413992018139272,0.505193296987711,0.0003635790450869594,0.000386820211135039
Ba8Cu5.18Si9.98Ge30.85,613.0000003631177,-126.0000017386478,-126.89877291109391,52779.99989144147,56554.49457857111,1.7000000001696982,1.6424602525197813,0.3021496096071603,0.3230436432328614,0.0008379352843073067,0.000901436618713625
AgBi0.9Sb0.1Se2,525.000000255088,429.69000342685024,96.53067759684905,362.6000374958226,885.4623097133039,0.41850000422950917,0.381151825336855,0.07099999954677975,0.08076732997480071,6.694810328039182e-05,6.700409745931987e-05
Cu1.875Ag0.125SnSe3,400.00000319268224,196.4299974097963,188.51429528010013,2570.9998385929234,2977.8114965322807,0.777799995308786,0.7705233858207305,0.051016395544449415,0.054021329863611085,9.92013816474229e-05,0.00010740208824045251
Al0.02Ge0.98Te,473.00000175178013,64.81999987149058,64.23554105871683,380357.0437611847,387390.52474123635,5.252999998625587,5.245675353209961,0.1439008010125626,0.1510334068658395,0.0015981202661963256,0.0017045385807888183
Rb2Bi8Se12.961,427.9999997458779,-218.5000092766079,-220.0629823833645,8480.000286240152,8592.232953458273,0.5870000254223099,0.5748518105449666,0.2951918791150092,0.30617827527560026,0.0004048542756040293,0.00042026791899672886
Al0.01Sb0.1Ge0.89Te,672.999995995272,268.0099979274992,251.1046704203982,54165.001079123445,51035.304480880965,1.396200000220813,1.4436820790080886,1.7739000727743615,1.5392539777718444,0.0038906372705740295,0.003579007826671622
Bi2Te3,477.9999996271975,-127.73000270080757,-138.50438534300804,22791.9999674775,29529.481475339522,0.9089000088731787,0.8843929785976121,0.1955600111099747,0.2823969060828562,0.0003718504065934266,0.0005342178794222837
(CuI)0.003Bi2Te3,568.0000009981087,-151.47000626762025,-159.7658444014002,79899.99593599711,79082.91534706618,1.7288000111492954,1.6528851932629571,0.6022871810586157,0.6729877060291688,0.0018331585577798573,0.0020243677930794277
PbTe,628.9999999025971,-320.38000391209346,-308.1642531765803,13223.99971244757,13570.067969523683,1.1860000022400679,1.200277201692292,0.7360000372761607,0.6612978241208063,0.0013573555988801564,0.0012978295336805816
In0.01Pb0.99Te0.994I0.006,637.0000049541233,-202.00000050711424,-206.09949124030504,31406.0003193145,29992.42165181194,1.3759999998603303,1.3477630918392918,0.5932481315280141,0.5819654711044466,0.001281490456871391,0.0013004808592471686
Sn0.95Mn0.05Te,769.0000037957211,126.2000027325947,123.34557804335489,144399.9973427818,140608.12367401528,3.170000013325545,3.0660493441787637,0.5578956677287967,0.6060774114251527,0.0022997779512438955,0.00252826338769115
Cu2.1Se,295.0000002728392,50.99999967989387,54.431873547485765,260829.97471064702,242974.8070892207,1.6875000001791984,1.5324809425629424,0.11859766271210266,0.1287891657836382,0.0006784188228450429,0.0006604020622044517
Cu12Sb4S13,521.9999996812123,123.19999953720466,112.09416163896495,30440.00012346317,72753.76918174118,0.6530000039625585,1.3660385651307478,0.3650000073555217,0.3441421621802593,0.0004620256249176476,0.0009371443269087954
Ba0.5Cr5Se8,507.3699991581816,285.8099992765104,287.21267166367215,709.0000384170139,674.3034581113321,1.2776091811439727,1.281809309803882,0.023000001185734698,0.022373833590215428,5.791633384461002e-05,5.8339091023231594e-05
Cu2.05Cd0.95SnSe4,700.0000024805998,171.00000348961098,167.8821110547445,14330.000420714885,13939.536986678197,0.606999999819849,0.5927405179179998,0.48322320370951094,0.5256465499231927,0.00041902352754121614,0.00044112317918021935
Bi0.825Ba0.175CuSeO,623.000001395739,191.67000290595934,192.03690770226638,13413.000222428942,12970.052488389938,0.6047000133822367,0.5867318718446283,0.6313999778463762,0.6452075526271746,0.0006946999918945322,0.0006439334995743284
Bi2Te3,398.00000192980076,-147.43999405050985,-142.124218378838,98420.99948690347,40831.19522725999,0.841500016047473,0.8439391172862515,1.0119227728146145,0.3661157715030415,0.002139530100504173,0.0007862739262773144
FeNb0.86Hf0.14Sb,500.00000031442823,124.49999798682316,128.5083143104363,366666.9879731739,323513.1013864739,5.762699784106652,5.882579608117724,0.49312217294003674,0.4932523793461418,0.005683429647362316,0.006211851444797014
Li0.02Cu1.85Se,705.9999957056715,61.300000011174866,59.141674284731444,202885.01641688938,200583.71170965684,3.0521999257919608,3.020667610043268,0.17634477698419532,0.19087072802091262,0.0007623789477359678,0.0008570963943231312
BaBiTe2.95Se0.05,474.00000238322093,-185.30000913489772,-183.98231233060008,7829.999865829646,7929.237667175396,0.4142000085769582,0.3838780253545722,0.3076669469793269,0.33166163580814634,0.000268851583146596,0.0002741225172931116
Ca5Ga1.8Zn0.2Sb6,525.000000255088,85.70000068553645,90.71889012627868,45100.00079084505,37892.02653341942,1.5100000028128076,1.389289055954751,0.11516500967745862,0.11711033182436253,0.0003312365064609879,0.00031478491534594365
Sn0.91Mn0.09Te0.97I0.03,720.0000045458423,174.23000311441524,169.91464528504827,76409.99966858684,67603.22526214771,1.9199999813404365,1.796457373488575,0.8698158653126328,0.8676114227299839,0.002319509113207397,0.002309237463391449
PbTe,322.9999968260349,-230.71000731308771,-243.24574899728077,22499.999937209697,24365.95670253226,2.165000004437959,2.103188174157867,0.1829999999505093,0.19166026932376187,0.0011976098940616694,0.0013000875064832762
NbCoSn0.9Sb0.1,826.000008097126,-153.26999057455112,-159.53000722143682,99857.9985660261,98091.83337565884,4.77079989281227,4.85982526746086,0.4061495784801312,0.4049760454016152,0.0023458335220503906,0.0024485886405234475
CuGaTe2,775.0000075843657,250.69999739390687,256.700872559643,21299.99992250176,20030.554175533176,2.411999972343775,2.240017211666214,0.4311728790172381,0.48918549076940665,0.0013530000297699374,0.0015183851448899264
Mg1.98Li0.02Zn0.98Sb2,299.99999286647017,77.2500004903394,72.31416270684073,100528.9947055794,92486.52471347793,1.1789000038776152,1.2201103734050793,0.15266258988614745,0.14206620308198134,0.0005999130939580219,0.0005820344821242534
Rb2Bi8Se12.9935,822.9999956392309,-219.59999577299828,-228.06519806240112,7386.0000570399125,6585.21224561794,0.5593999914046284,0.56312546869962,0.5240241985168517,0.4664393472289689,0.0003561836465584495,0.0003251277113268236
Mo3Sb7I1.5,322.9999968260349,6.5999986151669745,4.1424866788245325,497000.0225872636,505846.282613885,4.309999797076761,4.385640264259545,0.001622443096133546,0.002313136055446677,2.164931901823304e-05,3.180038448638448e-05
AgSn15.0BiTe17.0,299.99999286647017,65.85999980520558,68.90954885478304,204809.9853217784,179868.4928808187,2.5999999374294873,2.324835063778885,0.10250440456981516,0.10593852318555246,0.0008883714684623427,0.0008442863626769086
Cu2ZnSn0.925Ag0.075Se4,572.9999988735261,88.17000126187222,92.07183688740827,56985.000580444364,55388.16914193362,2.3313999507243945,2.3162362634568203,0.10887798065302974,0.1092655965720652,0.0004429984762457929,0.0004405318194766022
Ge0.55Pb0.45Te0.5Se0.5,369.9999948130322,249.00000438833743,247.0655008456429,10000.000036017953,8613.22595492808,0.6000000102401476,0.555530775420103,0.3999999976026297,0.4079169375373776,0.0006200099984285774,0.0006193406806140801
Yb13.43Ce0.44Mn1.07Sb11.07,773.0000063214842,173.75000495119326,171.68260232062607,19059.999945093383,18601.80868105042,0.6549999922411074,0.6379984936979766,0.6790640204789612,0.7071936418760294,0.000575403533912354,0.0006040128731748005
FeNb0.96Ti0.04Sb,500.00000031442823,205.99999967845415,203.8474571021933,113000.00237537203,106881.0027922563,10.309999197982082,10.015494562334437,0.23255421851434857,0.22924921786808564,0.004795268253406919,0.004732724775526314
Cu2.075Sn0.925S3,700.0000024805998,85.9499994842937,81.12717435382046,140624.99789061156,154381.20071418968,2.5050000282416653,2.5462827815589013,0.2902983744597881,0.3015676721774696,0.0010388534762464624,0.00115120620143074
CuAgTe0.6Se0.4,403.0000050870046,239.13000473519114,234.1199791470411,7397.999675281801,6619.839216224649,0.36199999258068255,0.32203721014079867,0.47095447739272195,0.49507918789515876,0.00042304099400100994,0.00039672694499436875
Gd2Se2.92,650.0000025992803,-131.1599966685368,-139.86953604422982,21329.000033520675,20162.28783554525,1.2452999944027197,1.272780937384864,0.19151935876922738,0.20580468956966622,0.0003669216226207746,0.0004128418994230882
Bi0.92Pb0.04Yb0.04CuSeO,350.00000331136266,148.9999976670538,140.39128901717297,16409.999865858266,15904.205873311364,0.709799984766245,0.6848573951266916,0.17964418641790225,0.17540912445549942,0.00036431840839998443,0.0003486391400841002
Mg2.16(Si0.4Sn0.6)0.97Bi0.03,299.99999286647017,-120.34999425313796,-117.33276231115312,203876.0101630906,203745.03105601462,2.7650000067332914,2.679818080989743,0.3203940228872822,0.3051984952346016,0.002952964812985604,0.0027611761145901093
Sr0.11Ba0.18Co4Sb12.09,750.0000023619194,-158.000000602202,-160.20643070614264,222273.02378872858,217705.906641996,3.900000071813074,3.9270251503794045,1.0670813458065547,1.0513256987633663,0.005548822685441166,0.005888346089400737
MgAgSb,500.00000031442823,199.1000011342086,203.96595096207832,42000.00110549484,36903.4529947981,1.0099999872829173,0.9356735379936009,0.8242148896176257,0.8399305751454124,0.0016649140919028143,0.0016170943273508547
Ca14MgSb11,700.0000024805998,139.39999918200775,143.53827367286527,6249.999675913717,8287.19350646281,0.679999994157789,0.653509709822606,0.12502437630953878,0.17650622938515473,0.00012145225418891162,0.00016815414191030038
Co0.99Ni0.01GeTe,775.9999976522336,-93.83000474855689,-103.57912728079006,72339.99908194733,70306.72087016585,4.839699984730014,4.665257939974323,0.10211868334993317,0.11181888502227766,0.0006368863404438853,0.0007068874574863782
Yb13.49Ce0.39Mn1.05Sb11.08,473.00000175178013,98.39999953743501,106.42845456818497,33007.00043523435,31072.91876467959,0.7739999897506459,0.7259781480999531,0.19530637973293963,0.22673492638009776,0.00031959226238436006,0.0003495838474567384
ZrNiPb,303.00000532436536,-228.19999906301535,-226.52807688068827,14589.999910567216,13730.832889199204,7.669000017790897,7.294649995166824,0.030018604017512114,0.028129571495442058,0.000759777734825438,0.000665884208298521
Mg3Sb1.9Bi0.1,469.99999985745785,340.0000015234509,319.16823386224416,499.99998660910495,763.11374088791,0.9800000089418075,0.9791667716869373,0.027720410539855304,0.034461146870535246,5.780000075393433e-05,7.59557896744238e-05
Cu2Se0.92I0.08,400.00000319268224,186.00000185625805,183.03132739019557,10471.999728171395,9295.818215434429,0.5179999912355451,0.4530427410108903,0.27976009136391344,0.2919135479803375,0.00036228931199931003,0.0003336658546713692
Rb2Bi8Se12.909,822.9999956392309,-185.00000001020715,-188.7113361812738,11200.000062628298,12200.560749302686,0.6200000092570349,0.626700064117546,0.5088263738567441,0.5545405081497562,0.0003833199970273973,0.0004428939098028957
Gd2Se2.98,550.0000001957478,-167.19999866119602,-192.05219853459232,28600.00005430836,27525.618706125213,1.505699995812039,1.4410522924639155,0.29205377493294615,0.3336130138765253,0.0007995370364867671,0.0008646235020648997
AgCuTe0.7Se0.3,623.000001395739,250.19000301429668,262.5226509422081,11649.9996628464,9738.65360803007,0.4319999835708299,0.42599088966598936,1.051647213325791,0.9796286740222963,0.0007292321774368372,0.0006904510044848176
Sn0.91Mn0.09Te0.99I0.01,523.9999996236472,106.69999957286257,103.0190353046516,154872.00016013568,153745.0833776096,3.0457999743313056,2.998686882363941,0.3033413812189382,0.3046467409807483,0.001763200752808168,0.0018065799499344928
Tl9.0Bi0.98Te6.0,502.9999995678573,239.30000286172785,241.99714993341593,14545.000195895413,12761.4520839444,0.390000013550647,0.3993331479347984,1.0742429864079637,0.9541299542770767,0.0008329120169229888,0.0007807942634026084
Sr0.16Yb0.03Co4Sb11.82,750.0000023619194,-183.99999307497606,-192.3601205555043,160000.00195396345,159315.8331563237,3.4600000695739586,3.478532439199096,1.174196421270779,1.164122306043866,0.005416959755739944,0.0056984365045431185
Cu2Zn0.8Fe0.2SnSe4,572.9999988735261,365.3200014900781,372.0025245304585,725.8899964115952,522.9490899350503,1.0394000041208815,1.1152211559526453,0.05340594547524452,0.04104803762879567,9.687634230012833e-05,8.239783656915206e-05
(GeTe)0.7(AgSnSe2)0.3,523.0000003126531,44.10000040188571,36.04806790196849,61934.999115827886,70918.22513411667,1.3846000010935198,1.3776495810900236,0.04549782762188443,0.04356861579814067,0.00012045180741267332,0.00012139103101738525
(SnTe)0.96(CuSbTe2)0.04,818.0000030455999,164.19999624672687,148.9280302281263,93248.99462107873,94923.36816398037,2.136600014832314,2.2381152073159396,0.9625439532673823,0.8574477556933233,0.002514145811048401,0.002414958314082167
AgCuTe0.6Se0.4,722.9999958765917,258.09999940576796,256.2654754242327,6698.999658772295,6976.422010948676,0.6429999851770689,0.5067180888748636,0.4945000116648052,0.6836069905318134,0.0004462579701068755,0.0004982778648852841
Yb8Ca5BaMgSb11,500.00000031442823,129.29999722934616,139.50693481291657,14600.000031644571,13218.881000032528,0.5779999707876999,0.558316162448525,0.21115047908090978,0.24055230243645764,0.00024408995080126776,0.00026492642462946166
(PbTe)0.05(Ag2Te)0.95,449.9999977922154,-117.2999954070672,-120.5166933828821,50212.99881515637,41795.017994067864,0.5020000101567766,0.47410708913375244,0.6193283678429594,0.6675832723239677,0.000690895232624338,0.0007271079539353869
Ag(Bi0.9Nb0.1)0.9Sb0.1Se2,675.9999978895944,-153.99999634168194,-173.90870235227928,21830.99998382799,22418.19822340813,0.6849216240624963,0.7694558491340233,0.5109999987515761,0.5398709129546513,0.0005177439965016478,0.0006326818858652166
La0.3Co4Sb12,672.999995995272,99.00000017651303,98.09571697917679,25361.99997840604,30118.881661272626,3.580000170098154,3.8284398907793578,0.046728939536685665,0.04892317140961013,0.00024857296697164253,0.00028732566278288826
Ag2.0Se0.6Te0.4,314.99999177450877,-107.99999430650965,-101.53212912148814,77156.00267536887,73872.62331914839,0.6880000085380598,0.6777132250892127,0.4120399543429423,0.39604097659618026,0.000899947574809652,0.0008371258378691759
Mo3Sb7I1.5,722.9999958765917,35.75000031320165,35.80430902063212,366599.95809593564,380523.0229753327,5.589999869409535,5.6661778588687985,0.06059978059522179,0.06879342303646103,0.000468537712221907,0.0005455950097467003
Ti0.98Mn0.02NiSn0.98Sb0.02,797.0000003489167,-149.3999973121849,-156.93946118489748,150330.99958095673,149653.26131582455,5.642000220853497,5.656595973728521,0.47399632554762233,0.48327239206012657,0.0033554422181748217,0.003529151053803618
Bi0.96Ag0.04CuSeO,322.9999968260349,228.9999948259392,216.3314831960967,1623.000118503142,1696.450053612175,0.5749999990922335,0.5732362010867955,0.047810595203203174,0.05439945004546439,8.511174915989382e-05,9.71018369651541e-05
In4Se2.67Cl0.03,422.9999965886741,-137.08000532214692,-136.05542614390194,71049.997272003,67552.01980679405,0.7420000008298582,0.7410620653905695,0.7611122826750276,0.7470221749239591,0.0013350953141861243,0.0013178109902771422
(Sn0.8Ge0.2)0.94Mn0.06Te,672.999995995272,106.99999989240158,108.03784843408012,141099.99392402032,137904.1936502457,2.209999968676313,2.1153413974258113,0.49194590451970543,0.51612004283693,0.0016154539065600837,0.0017122853455595203
(Cu0.003Pb0.997Te)(MnTe)0.03,422.9999965886741,-202.810004011415,-201.5410994870819,59585.99981277385,63111.23361709687,1.5680000020861173,1.515714268766606,0.6611763081168115,0.6557519944397416,0.0024508852638510967,0.0023933682834569392
(SnTe)15Sb2Te3,722.9999958765917,156.92000258082288,153.32976659450944,93924.00403364975,92168.43728393265,2.1099999866593993,2.0330681579674725,0.7924812870751667,0.8456489225417754,0.002312773940088305,0.002505999639340028
NbCoSn0.9Sb0.1,430.00000100875945,-99.62000240401315,-95.93282756888658,139999.9972727716,141673.1898147082,6.1770000230064115,6.191302877876188,0.0967190385921111,0.08325792794163528,0.0013893802680989419,0.0012572309162065343
Ca0.05BaGd1.95NiO5,839.0000057422831,230.88000035044428,207.75935114588614,82.07398627249881,110.35755083445616,1.4962999983042928,1.4895658373641942,0.0024531342772909468,0.0027593664323698943,4.375000020507773e-06,5.2032599250133205e-06
Ag2.0Se0.9Te0.1,314.99999177450877,-136.5999954187228,-131.89483939893645,94127.9951437475,97344.69589922945,0.8180000095422693,0.7914889485377657,0.6763593219247134,0.673616665913388,0.0017563870125657708,0.0016625230035735216
(SnTe)0.92(CuSbTe2)0.08,525.9999995660822,73.99999996371737,78.13000641723971,195470.00470350415,188387.08518405422,3.043499972621196,2.9831676031066863,0.18499329605509565,0.19121886331840185,0.001070393736720159,0.0011027684592592995
Cu2.82Ag0.18SbSe4,473.00000175178013,411.0000008363683,399.2832791316957,5781.999767600518,5880.579424376963,0.9300000051792612,0.9402311720650105,0.496752331507473,0.5017818752251578,0.000976701240297926,0.001023495660880838
Cu10.5Ni0.5ZnSb4S13,322.9999968260349,168.20000050724693,175.56177642104146,6860.000278210761,5909.341500428959,0.39799999131855507,0.3925330165322656,0.15750543667214978,0.16498714207880652,0.00019407790774632835,0.00019658322770950773
Ca0.99Yb4.01Al2Sb5.84Ge0.16,517.0000004853483,212.7400027483597,201.41048464944035,2056.0002276208006,1970.427746397991,0.970399993519148,0.9432530217501153,0.04957482484556688,0.051295510627686086,9.305108554308154e-05,9.359018399126071e-05
Ca3Co3.7Ti0.3O9,299.99999286647017,178.199999418345,166.85507817425878,4299.999938197397,5305.338614423686,2.3000000282415214,2.311101649819947,0.017810548991137858,0.019837232302016554,0.0001365475301046694,0.00015242700247975916
(SnTe)0.98(CuSbTe2)0.02,523.9999996236472,52.46999992486225,48.48329070946787,278382.9852614678,290756.4482121736,5.197500230431994,5.309171668665786,0.07726834988931446,0.07238962672009107,0.0007664164957322142,0.0007595997368369555
Cu2Se0.9S0.1,425.9999984829964,57.92000004316044,60.72081511731724,66000.0015897371,53143.61085047898,0.6346700047412491,0.6155345785662494,0.14861500825500223,0.1543224019020828,0.00022141195234427215,0.00024126057602201115
Ge0.58Sb0.22Te0.8(AgSnSe2)0.2,422.9999965886741,178.88000366469402,187.8726110534345,41290.00016250302,35058.13557299284,0.740000014047182,0.699504047163596,0.7739999829098033,0.82479330400182,0.0013211996225774875,0.0013742070711938688
Ag2Se1.06,309.00000911301,-142.98000867136346,-137.26469044152185,110599.99462348326,117497.50259572674,0.9071999777509672,0.9414917618962201,0.7930000013877021,0.7536567316229587,0.002261026906139409,0.002270007068341519
Sn0.99Ce0.01Te,422.9999965886741,31.999999254014625,31.531377346636155,399999.9724125882,399670.4941157229,5.323999801279003,5.174155502371366,0.032543352031203544,0.032057695333624195,0.000409599999714154,0.0004071148930875317
Bi2Te2.55Se0.45,523.0000003126531,-157.59998843594786,-141.76860765695972,56811.99958375043,65321.09986574754,1.1679999941458237,1.2243011658822218,0.6282000107100938,0.6337336826506972,0.0014110828222408747,0.0015004847435505654
Ag2Se1.03,309.9999991808778,-143.19999657847987,-137.7771033027665,108699.99595716364,124501.5650064088,0.9879999970569263,1.0172761187597488,0.6993914918321922,0.726986037054986,0.0022290283007701944,0.002377918461681402
Co0.99Ni0.01GeTe,625.9999980082748,-125.31999749229877,-132.868912227709,52925.999862238015,54755.67392197559,4.595399964224241,4.346687384687881,0.11322983148263434,0.11903829014883262,0.0008312082591794899,0.0008191487841190078
(Cu3SnS4)0.875(Ga2Te3)0.125,429.00000037731866,95.99999991617351,96.16967812220277,80475.00103541261,72943.30911109675,2.1922999902259517,2.0557529771352003,0.14513119038230984,0.15426902248547036,0.0007416575924678163,0.000743292472259738
Ge0.87Mn0.05Sb0.08Te,398.00000192980076,124.03000247579794,120.98118939014017,95875.9948791772,98122.32063757272,1.8600000232461338,2.034895752798106,0.31559747433678326,0.2803945286038413,0.001474902797269739,0.0014711605540804666
Li0.02Cu1.85Se,501.99999893641655,35.7099999770914,38.269472633699024,296153.9712592627,284652.4903276123,3.2612000651304207,3.4905092424020796,0.058133116479928255,0.06039486494620932,0.0003776567981519041,0.00041479974705821025
Ag8Sn0.7Ga0.3Se6,639.9999962848726,-192.0000015960162,-194.35473393299634,7979.999640145798,8609.958160490283,0.32200001657582106,0.3103020526986989,0.5846951207277732,0.5883255025212267,0.0002941747138403027,0.0002896167640020811
Cu2.1Se,869.9999936262282,147.51999843870178,140.2417305825078,81081.0015390615,78648.49077643806,1.7749999985127833,1.826731603524837,0.8648519883805974,0.8869057895325668,0.0017644969156580105,0.0019507381930665183
(Ag0.05Sb0.05Sn0.9)(S0.05Se0.05Te0.9),434.00000353452253,68.31999993063246,70.53438695655242,201869.01135959453,193266.92228785538,3.1759999794009217,3.051330426005593,0.12875810818167116,0.135239979534104,0.000942248253822795,0.0009659174919847304
Cu2.1Cd0.9SnSe4,650.0000025992803,151.2999971818023,154.24689944305385,20099.999889187642,17948.431246252596,0.5980000049668386,0.5899239297085657,0.5001336647343347,0.5074614650374963,0.00046012296826119576,0.00046615726363948007
Ge0.55Pb0.45Te0.5Se0.5,469.99999985745785,300.62000595242927,291.3074897964236,6875.000086404858,6392.109634088971,0.5290000236199852,0.49316747153048474,0.5800000189698532,0.612725092849709,0.0006213101366338172,0.0006330296922679434
Yb10Ca3BaMgSb11,299.99999286647017,50.00000008228911,60.15325852676715,19825.999900637566,16207.577282695229,0.5296000120165776,0.48993102682917417,0.028076847573148843,0.039135434707498556,4.956499820661424e-05,6.214095990045435e-05
Ag8Sn0.4Ga0.6Se6,474.00000238322093,-442.89997826713494,-429.71211531660146,295.00002337786844,312.282835879276,0.27399999096017075,0.2411052394762637,0.10010624062056754,0.11000621634274267,5.786732355364425e-05,5.3412121842620794e-05
Tl4PbTe3,422.9999965886741,66.99999984543359,64.21733567405911,39900.00043946959,41045.01503431141,0.8229999844442071,0.8253010881649049,0.08759999949404289,0.09747130059150047,0.0001750000080114292,0.00019937403936600776
Ag0.02Cu1.955S0.5Se0.5,374.999997970236,150.99999979731382,156.5351000546829,5808.999805064698,4875.090342774382,0.6326000152116656,0.5460846701907698,0.0785158520631327,0.08780252280376531,0.0001419999964743164,0.0001318010186602269
Sr14.1Ga29.6Ge56.3,367.0000034822828,-125.70000435415932,-120.37821769900773,61474.001230188245,59412.0924032592,1.4649999994904328,1.4649505399957117,0.23999999871207955,0.23522240429538147,0.0009713193136134543,0.0009467419374175403
Cu2.88Ag0.12SbSe4,398.00000192980076,378.0000067777852,380.794268801318,9158.999939571744,8354.427201530862,1.3899999989089433,1.3465840949917212,0.3747140089309144,0.37873129708426645,0.0013086746160953352,0.0013357988682295551
MgAgSb,299.99999286647017,172.17999946337343,178.45273074914306,49817.999223079445,40549.19359124174,1.0655999965202825,1.0102178250490874,0.41579450731389095,0.4144741798414906,0.001476902013079485,0.0014241755775134285
Cu7P(S0.6Se0.4)6,623.000001395739,286.3999913932905,297.474641444628,2255.000106464545,1854.0901425677214,0.2199999932089745,0.20840405536466974,0.5237908929613037,0.49546856306232356,0.00018496628819369247,0.00017629114601401611
NbCoSn,677.9999991524759,-219.20000708714838,-218.59482314883934,43076.99982507787,53281.44107866645,8.779999895000513,8.38600564714387,0.16000000094872918,0.19190655541781865,0.002069791194362372,0.0023584646542828607
(Cu3SnS4)0.895(Ga2Te3)0.105,331.000001877561,52.020000179316376,49.1208291772638,178472.99376355973,183211.30758371387,2.9505000177561924,2.9130209267346037,0.05418082117577774,0.052867122855209614,0.0004829622877107264,0.00047347478209982613
Ag(Bi0.8Nb0.2)0.9Sb0.1Se2,477.9999996271975,-142.00000704052596,-143.4448502336629,20706.00006601379,22539.32229210483,0.6289711608676409,0.5850331933809333,0.3172999929453294,0.3410619130827296,0.00041751578502761835,0.00041751731416928044
Ag8Sn0.5Ga0.5Se6,672.999995995272,-175.92998946896273,-162.86427158117013,13167.99965108681,12282.625078841025,0.3040000007914055,0.2897574448741866,0.9022795120652367,0.8466174856002321,0.00040756756913021616,0.0003667745384361753
Eu2ZnSb2,473.00000175178013,317.0000063759658,280.8615980092299,3027.000028377467,3986.9473901057486,0.40000001057140644,0.3695363237590642,0.3596930846834731,0.4254868192305916,0.00030418019773212026,0.0003357882080588515
Cu2Sn0.8Zn0.2S3,322.9999968260349,44.00000029537271,41.071066413448825,137533.99330169632,141010.46288123436,2.5750000180297716,2.5460653846634864,0.03339955745045442,0.031004127333336566,0.0002662658222072043,0.0002540456847716898
Ge0.55Pb0.45Te0.3Se0.7,469.99999985745785,338.74999872451315,308.80445304860007,3570.999886587078,4163.72808382267,0.6476999875630346,0.6346847449174938,0.3700787355669506,0.3850599236680734,0.0005100000000196794,0.0005180895457264802
CrO0.09N0.9,275.00000877116975,-46.39999913571331,-56.88586631108779,33713.00050276814,25956.191544212856,2.68100002823636,2.569113704639244,0.007445078145876163,0.00545429175652067,7.258274517768585e-05,5.582699615000607e-05
(Zn0.98In0.02)4Sb3,322.9999968260349,135.00000036553675,123.90459363687077,38540.0004406708,34448.84429635419,0.8420000086537429,0.7504108320542994,0.2694447169908811,0.308816941605136,0.0007023914922635272,0.0007017867136508471
Ag8Sn0.5Ga0.5Se6,476.99999899575675,-435.27997660795535,-430.8147550986684,298.0000132745476,281.10919510032176,0.24776646687502973,0.2323124329078303,0.1086999985001738,0.1110445929464051,5.6461669081753855e-05,5.168451946683942e-05
Cu2Sn0.9Zn0.1S3,422.9999965886741,92.69999933629498,92.02205256036552,46850.00004433978,51554.141679514214,1.5879999992782847,1.608371033082223,0.1072405260310706,0.11007800571007491,0.00040259563794209114,0.0004319358712550704
Mo3Sb7I1.5,822.9999956392309,42.60000027171595,39.38533775344168,343854.0374214644,347765.41650638677,5.78499976635867,5.846252853102403,0.08800000165075918,0.09815258533408612,0.0006240124916336365,0.0007158272390964787
Ag2.0Se0.6Te0.4,299.99999286647017,-106.99999911148066,-99.06592356548407,75499.99799653327,73931.26630491948,0.670000010084151,0.6753546317057301,0.3870445597799736,0.3626323719738868,0.000864399482452281,0.0007952750682160601
(Cu3SnS4)0.895(Ga2Te3)0.105,626.9999986397155,102.01999987114505,110.64699388581046,104439.997001043,87690.95409548363,2.2747000010063796,1.945298111538655,0.2996269808064428,0.3393354134618412,0.0010870199125980289,0.0011083782743448877
GeSe0.55Te0.45,630.0000005340378,102.10000054336555,107.71046115807161,150741.0052982423,132930.1817652096,1.8932000000493374,2.0989484781654424,0.5229100003609953,0.4861830852680127,0.0015713860117360329,0.001671558000064939
Nd2.9Te4,372.9999967073545,-35.70000241407478,-30.565372190842062,179999.99255187385,185030.72064054044,2.4484999757846033,2.3552259476847746,0.0349476243018638,0.0302904988255888,0.00022940820202653372,0.0001925993540762869
GeSe0.8Te0.2,630.0000005340378,35.939999341556145,26.482051431926628,66418.00140161121,66906.9279889202,1.7621000003569192,1.647933924142774,0.030672692875153538,0.029692677329422282,8.5791046681281e-05,8.105793374030923e-05
In3.95Pb0.05Se3,404.9999957863132,-230.00000685035047,-235.65897211006939,7500.000212125335,7163.862799085321,0.9300000051792612,0.8752658775961542,0.17277822596196812,0.17768708026698596,0.0003967499974448455,0.00040383587301378617
Cu1.97In0.03Se,295.0000002728392,95.59999949012149,103.6994445879734,107383.00417031898,97666.20443457924,0.8619999794658708,0.783500507828406,0.3358660253886357,0.3989792047610094,0.000981411888587487,0.0010954248995360951
Cu11.7Gd0.3Sb4S13,320.0000054952855,80.21000041456867,80.59106389461903,117112.00539622274,114349.09304137905,1.3916000007856417,1.4025504160029145,0.17325827605635313,0.17557286440016534,0.0007534569111100841,0.0007850453367262523
Ag3.9Mo9Se11,547.0000002820955,146.60000098084282,155.34809518026142,21555.999964120907,20120.018375285294,0.76000001843366,0.7368144275651372,0.33343398076485,0.3587404228303707,0.00046327206806135183,0.0005131801632055074
MgAgSb0.985In0.015,449.9999977922154,186.18000263499155,199.04944782392772,67207.00040551559,52878.16810601019,1.2754000033747732,1.1712256723946104,0.8219524295989598,0.8482170483634635,0.0023295957728540102,0.002260434803115258
Cu12Sb4S13,421.9999959572333,107.20000010542756,94.93309437427544,26850.000084316154,81418.24280856583,0.6053000005467989,1.428368263765876,0.21511744718215364,0.21957798733751807,0.00030855589739738174,0.0007596835059262191
Mg3.5Gd0.01Sb2,599.9999974361742,-308.80000860118093,-303.5009040165037,5926.000047902948,6236.857928246134,0.7858999853181222,0.7755463361944335,0.4314199071132474,0.4316135304951679,0.0005650881900790333,0.0005687049235602842
Rb2Bi8Se12.9935,427.9999997458779,-263.59999567791056,-260.4361755723941,5454.99987302654,4977.214161982854,0.6080000057955356,0.5740249574778055,0.26682452912430865,0.2402077587202348,0.00037904045519391254,0.00033076967791641275
LiGe3.5Sb2Te7,572.9999988735261,252.00000171362643,259.0366796908237,35549.99947546314,30960.621285051897,0.9460000025400682,0.9499793527761483,1.279999905106458,1.2686342354395166,0.002257567216570503,0.0022207024805050934
Cu11.7Gd0.3Sb4S13,722.9999958765917,144.10000125306829,140.34678778107923,73219.99572650513,72259.03121770559,1.329999996068054,1.3620358362053335,0.8328000282595511,0.8110586904671244,0.0015203993255714933,0.0016329944752701505
Bi0.96Ag0.04CuSeO,572.9999988735261,283.46998915297473,285.9867127986534,1780.9998522468113,1799.1246195124722,0.512999983373503,0.47764897897500314,0.15985100984480463,0.1834368634692113,0.00014311268916562518,0.00015834030878909502
Ca5In1.98Zn0.02Sb6,921.9999842068564,238.5500035304056,252.42936438515275,5348.999995069741,5051.252820180111,0.6977000163689219,0.6779277823143414,0.4022477586525792,0.48739933335775687,0.0003043907437625782,0.0003623972442807847
Bi0.8Ba0.2CuSeO,420.0000052579247,180.25000306938676,175.3597979839601,17499.99980885026,16306.509999533093,0.8046999794032212,0.7818278480972213,0.36535355564977706,0.34954401076589603,0.0006999999996622089,0.0006742941905776809
TlCr5Se8,722.9999958765917,296.0000016185387,293.1267280348131,4880.000178368342,4479.178715925795,0.679999994157789,0.6467496425209576,0.4546033292541744,0.4715759424840997,0.0004275660774842548,0.0004294880510285565
Cu1.97In0.03Se,572.0000008829786,174.29999819938845,185.6449898846873,34899.00010846246,29984.79291477538,0.8500000052115181,0.8344621265637374,0.7299999921075363,0.7789181255852812,0.0010602487238565753,0.0011688359723804362
Gd2Se2.94,750.0000023619194,-162.2999905070084,-168.21670016382592,18299.99994911694,19061.113256997556,1.253000005866735,1.323577046507813,0.288534887339896,0.2857106405721166,0.00048204560704805783,0.0005339086819842406
(SnTe)0.88(CuSbTe2)0.12,322.9999968260349,40.110000261087684,39.00800472261142,299152.97499622556,303606.4232894778,3.515500001280687,3.4695948899034033,0.044219526764491486,0.03646749704370397,0.0004812809662726766,0.0004155607042689057
Ba8Cu5Si25Ge16,710.9999988628754,-107.99999430650965,-116.74124396809879,72799.99733499973,73230.58605061822,1.9139999910914913,1.901499663088089,0.3129999993969492,0.3425816499935354,0.0008491391988751096,0.0009407687679834938
CoGeTe,701.0000031120406,-91.91000035546685,-98.73691614158454,11702.000208347274,14855.629493556666,5.885999786584548,5.884556675430527,0.011772898459185648,0.015833296202425018,9.885203149085361e-05,0.00012842651181980437
YbSi2,376.99999923311753,-46.20000479278837,-32.85996534251942,699999.9415547838,753661.3409806725,9.150000209946693,8.533454261168185,0.061560513459618244,0.05609560120562717,0.0014941080254656095,0.0012809954344441678
Ce0.2Bi1.8Te3,422.9999965886741,-150.17999285989538,-135.41641868331712,72257.00015398672,77636.28210155747,0.5386000043667659,0.566728428109289,1.279906133156899,1.200306558194316,0.0016296867399607294,0.0017103277560989259
Li0.03Cu1.82Bi0.03Se,710.9999988628754,90.49999992805948,89.91287242059386,119540.00280003354,112739.05002382319,1.732100005054221,1.6398971327584901,0.4018898678419151,0.446348016989349,0.0009790624709226274,0.001077788338605901
Cu10.5NiZn0.5Sb4S13,715.0000013886385,214.69999426983264,228.6336418191313,18499.999856109738,14921.253880266171,0.548999976076078,0.538498938194273,1.0249999935633656,1.0469703668093422,0.0008527776694313174,0.0008165764433646076
Ca3Co3.7Ti0.3O9,500.00000031442823,217.00000552478326,209.62830914020674,4579.999957142118,5822.530281624409,2.172000021548603,2.232925140784716,0.04964724204170657,0.0499316731833532,0.00021566761689617784,0.00023163485277891735
Zn2Cu3In3Te8,668.0000034016412,191.40000173785907,182.43582911862632,12965.000146925731,13070.232600126512,1.1799999928892146,1.1377060556299217,0.2688752629950652,0.29142118301680214,0.00047495929163015053,0.0005014429929569208
Cu2.075Sn0.925S3,299.99999286647017,35.0399998504644,32.54223516366637,356436.03648590605,390475.7597225104,4.3300000388777224,4.263792912174495,0.0303209729739767,0.03067480790673513,0.00043763269015957394,0.0004335923675667164
Mg3.07Sb1.5Bi0.48Se0.02,700.0000024805998,-302.1700112250357,-296.91939367506814,11566.999858185944,13336.635207613874,0.6319400099570072,0.6160048533157968,1.1698915652649298,1.179543977566905,0.0010561447162165832,0.0010915941667390785
Cu0.99Pd0.01FeS2,69.99999552511457,-172.4999955012335,-276.5101793681646,1382.0001510842972,1097.2673629062747,29.199996981483526,23.468109278786503,9.858283722781935e-05,9.644514422917726e-05,4.112313415808535e-05,3.856244522961291e-05
CuFe0.98In0.02S2,389.9999968782746,-348.8000042455731,-375.61335792045116,4714.9997970843715,3724.8036456149707,4.000000040387505,3.2492103877157037,0.05592928544157087,0.06297098779496499,0.0005736336889936226,0.0004987043468452216
Ge0.55Pb0.45Te,472.00000112033933,84.4700002559417,81.99496900300227,47999.99990173942,46770.913213879794,2.0310000262067924,1.9546212384026178,0.07959362886090234,0.0840203850976949,0.0003424886871360764,0.00036472392802077775
Cu5Sn2S7,677.9999991524759,74.99999956132213,65.83853944951316,139505.99570691297,160217.32954953742,2.8874999252121984,2.964106315897422,0.18425662591698644,0.17963502722386562,0.0007847212358764649,0.0008072832099071959
Pb0.96Tl0.02Na0.02Te,301.0000040614839,120.13000125684141,109.50633932931488,102248.99699560966,111497.11418591428,2.161099977001778,2.090051185382096,0.20551979442081303,0.2275780414862633,0.0014755774279708383,0.0016010804781865153
Ge0.85In0.05Pb0.1Te,424.9999978515556,242.3500017077986,245.7387640857214,27446.00003925483,22909.162253842715,0.9332999992196829,0.8693327200543958,0.734062046716021,0.7146205084578517,0.001612000207302863,0.0014769615666537022
Cu2Se0.9S0.1,769.0000037957211,202.9699943965748,197.21858678545047,19811.000128259795,20334.45013530132,0.4372999911251278,0.4558152215201762,1.4352148747937414,1.408342075247068,0.000816150203936066,0.0008766415645479118
(Sn0.8Ge0.2)0.8Mn0.2Te,372.9999967073545,73.30000068565163,75.82600936367312,142000.0060781693,125477.48250444076,1.9839999764802085,1.8609979887432833,0.14199999833929258,0.12670966464746705,0.0007629503845457169,0.0006469935160698069
Bi0.96Pb0.02Yb0.02CuSeO,846.9999896666634,221.04999956588298,212.1868161651909,9359.99989085963,9024.202978779318,0.4937999753522504,0.4709358633033077,0.784493280462448,0.7945738358606691,0.0004573586401209402,0.00045799553405125075
In4Pb0.01Sn0.03Se2.9Cl0.06,473.00000175178013,-221.99999832931036,-234.58652812782645,7699.999649627826,6542.924236647997,0.7199999949474896,0.6769477892241471,0.520000010192787,0.26670544641709143,0.0003794867974983343,0.00038932828923046384
FeNb0.86Hf0.14Sb,299.99999286647017,84.4700002559417,83.88520024354418,668991.9372941352,522537.22115267144,7.33900030487976,7.218159465277247,0.19512381578766694,0.2008787500891717,0.004773378652162592,0.004953390548141012
Sb0.05Ge0.95Te,473.00000175178013,121.48000122724167,116.26796198140397,189908.0029561088,201794.92044507843,2.836000037666206,3.1067413764607403,0.46742046190624215,0.41740152878265513,0.002802546751517808,0.002761805191140134
Bi0.96Pb0.02Yb0.02CuSeO,343.0000094548502,137.99999769082572,132.74879313075277,27050.00001997498,24150.640570999738,0.7999999852132361,0.7750186651557015,0.2208663615357554,0.21517534074403014,0.0005151401996445225,0.0004951751980394051
Ag0.5Sb1.1Pb19.6Te18.8,623.000001395739,-136.00000064974586,-124.8037338447624,31140.000309963296,37832.28084714481,1.3999999995325034,1.704613541347372,0.25630461805199056,0.23454924797420398,0.0005759654398114248,0.0006354366201076606
BaBiTe2.9Se0.1,575.0000001364076,-204.1999969802992,-207.33599280681761,3890.000172885631,4026.2386909710854,0.39299998315651197,0.3697267939706587,0.23599999856037085,0.25608413771647437,0.00016220381712023864,0.0001711726525912841
CuAgTe0.6Se0.4,363.0000009565197,222.2799970604272,223.5033378603757,8671.000479150842,7892.916603231385,0.38799998757110177,0.35867643156685897,0.400815822280992,0.43422618739018365,0.00042842022501790675,0.00043677506621751474
Ge9Sb2Te12,826.9999981649939,168.75000549564422,165.56662621341437,95455.0041825658,84624.7513426613,1.6869000067461974,1.87167560082039,1.3326079744971389,1.0320655719141407,0.00271823035827829,0.002453358079288972
Ti0.97Mn0.03NiSn0.97Sb0.03,797.0000003489167,-146.11999616659887,-149.3969448596366,137100.00007725824,141851.3955034889,5.474999836624128,5.245394718661739,0.42611908962124906,0.45113937653254826,0.0029272297631944017,0.0030716750795577426
Mg0.98Li0.02Ge0.8Si0.2,400.00000319268224,361.0700013658513,355.00348673012434,2537.999701043378,2412.0999634367827,3.358500085445313,3.4357579142606958,0.0394084235196522,0.039054451601162665,0.0003308829878121168,0.00033273446073834353
SnTe0.2AgSbSe2,599.9999974361742,127.9250023686561,131.5453989341873,72819.00240316869,78012.25481965471,1.0860000032495996,1.1798504670755943,0.716999993692163,0.7375645718286622,0.0012919999752408781,0.0015112079287988255
Sn1.03Se0.15Te0.85,322.9999968260349,10.829999305101254,8.76469230061052,517391.0162149322,571421.7671511109,4.874000235710395,4.6638728249611106,0.004021544366263972,0.00435036582794111,6.0684218063126675e-05,6.624965866966476e-05
LiGe3.5Sb2Te7,473.00000175178013,232.5999986604073,239.02964948756434,28999.99992493969,27633.94646798352,0.9380000112538581,0.9267252752061369,0.7499999820745783,0.8136902377045271,0.0015689800916928545,0.0016432765968157949
Mg3Sb2,750.0000023619194,287.9999930974986,277.8067504596882,2399.9999221663643,3206.307516496917,0.6000000102401476,0.6181377488561528,0.24883200170668396,0.33772984378570814,0.000199065593214911,0.00027865158241073345
Sn0.91Mn0.09Te0.99I0.01,720.0000045458423,161.85999786339337,168.61022664933577,91795.00351031787,79723.975830126,2.274800001276175,2.039241959212893,0.7611799950193963,0.874511529195232,0.0024049059923423074,0.0026303366070342285
Sn0.965Pb0.01Cd0.025Se,372.9999967073545,335.9999972629309,326.4642998648352,3316.9999012818002,3261.4730176000417,0.7826000123943013,0.8383991453880669,0.17848142087931457,0.16593784069158365,0.00037447603096239313,0.0003957728701147259
Ba0.11Yb0.08Co4Sb12,599.9999974361742,-159.00000753743305,-164.08093220611866,135100.00098882537,132362.21019323394,2.345999995511169,2.278153496793352,0.8639999658853067,0.9220265312746385,0.003415462897587969,0.0036582920018072
Ag0.97Cr0.97Bi0.03Se2,703.0000043749221,151.9199972551728,152.31617624543836,12876.99990861458,13409.693656236646,0.39580001144445676,0.3825901974776171,0.5278665164069143,0.5790370726483878,0.00029719711573303564,0.0003312803385628249
(SnTe)0.84(CuSbTe2)0.16,718.9999933508286,139.2899993583485,138.22851485477423,107239.99758845638,105066.32058139473,2.08700000579394,1.953007023175286,0.716808443400385,0.7862690793243599,0.0020806387901713746,0.002213001667158458
Ag0.4Sb1.1Pb19.6Te18.8,623.000001395739,-145.5999991347919,-137.9605439607179,24031.999998414623,30219.03798820337,1.340000003402926,1.6227414770693207,0.23686228429696796,0.2272135921519465,0.0005094630195575768,0.000579658166677697
(Cu0.003Pb0.997Te)(MnTe)0.03,623.000001395739,-151.40001118264703,-158.48475354727807,90821.99637685047,79620.84532628692,1.6692999913239166,1.5249667849391353,0.7769560901760272,0.8516550415659179,0.0020818181844210948,0.002175137704869828
Ti0.98Mn0.02NiSn0.98Sb0.02,297.0000015357208,-107.67599994891057,-102.7423443754789,162252.00518000382,173592.9922307738,6.127499910587918,6.077775110122491,0.09118029873209407,0.08068391931612673,0.0018811693767181714,0.0017043977517835279
Ge0.96Mn0.02Sb0.02Te,698.0000012177184,186.999997051287,183.26480478953508,100000.0016817545,101158.66646125983,1.7859999794839942,1.9255347361462825,1.366649610802335,1.2981967419561622,0.0034968998531613297,0.0038047056845408834
Mg3.5Gd0.04Sb2,700.0000024805998,-303.7999974054298,-301.89439824032735,11322.000105600102,11912.735235334561,0.6260999942114973,0.618489732451633,1.1682963607002077,1.1033503383303311,0.0010449576495214102,0.0010246912572070101
Li0.02Cu1.85Se,784.0000027037597,76.3600007163939,71.85577825570121,166346.0025245006,169219.41905553517,2.970099946401181,2.9108439775147428,0.2560290160775285,0.27202051222479806,0.0009699385042598478,0.001056613469498632
Li2Ge3Sb2Te7,672.999995995272,251.33000011947416,267.49324119147434,26111.000053937973,23844.96726121883,0.7946000171434983,0.7802030467428259,1.3969429264290911,1.461582688542348,0.0016493475699415699,0.0018059853672830288
Cu11.9Gd0.1Sb4S13,326.99999935179795,78.34000047731091,75.2244443426641,108426.99920676927,107258.8969370397,1.4826999977544306,1.4934886969841121,0.14675707299956917,0.15159878976246063,0.0006654333669285081,0.0007114703125666482
Bi2Te2.55Se0.45,473.00000175178013,-156.6399921095039,-142.49549053032956,62900.00130063866,70280.53666563622,1.1390000067786057,1.151081040686572,0.6409046439903471,0.6508219197542979,0.0015433200268317115,0.0015967319424602167
Cu2Se0.96I0.04,365.00000221940127,120.00000199888967,116.57557288696006,34927.00008449892,39667.97486059287,0.35000000183705376,0.5838983686159979,0.5245037685581339,0.3575012747725968,0.0005029488000466762,0.0005624159498971266
Cu2Zn0.6Fe0.4SnSe4,672.999995995272,299.13000994198154,298.1017795608807,2168.9997755576264,2284.486306036555,1.0275999912894889,1.035138698618328,0.12710729178928032,0.1366496747951776,0.00019407942535401012,0.00021569521098865874
NbCoSn0.9Sb0.1,337.9999957340734,-85.69999696956503,-80.4168590597559,149078.00364945768,150090.42466027234,6.708000029482083,6.557784032099457,0.055169473525343224,0.044716475383315725,0.0010949018957562649,0.0009283886514723799
PbZn0.015Te,420.99999532579255,-292.6999885175372,-278.4375448679769,27830.0000420727,29455.703860661106,1.522000004542266,1.519471749326689,0.6649999688242226,0.6335983128368172,0.002384287553871684,0.0023583813328763963
Cu2Se0.98S0.02,750.0000023619194,205.97000346206593,212.03314865978763,27925.99994014577,25006.291261079477,0.8220000134938994,0.7726823316653565,1.0809512437870221,1.133094289914267,0.0011847226168136917,0.0012328344151407518
Bi2Te2.01Se0.99,372.9999967073545,-158.39998928805187,-158.98432262741557,54399.99985974685,55492.73822017095,1.01399998835932,0.9633717690619255,0.49039999098842774,0.5467292475726271,0.001364926448516257,0.0014122545110524629
Al0.01Ge0.99Te,672.999995995272,116.30000099295913,127.03492481587162,250000.0139396239,222903.6052471365,3.6949999773041786,3.389689089468395,0.6158856018654756,0.7234941780018305,0.003381422477482151,0.0037893058009274903
Li2Ge11Sb2Te15,372.9999967073545,100.00000124164305,99.419134196952,179399.99204398404,175960.35663324493,1.8481999905747257,1.966036183134863,0.36206146000694867,0.36494520065004205,0.001794000013227703,0.001968334431177565
NbCo0.98Ni0.02Sn,704.0000050063629,-167.65000060802979,-181.4515474031992,52619.00006493911,55455.105401059714,7.749999701477386,7.581728707319522,0.1343447386132866,0.16028132173687318,0.001478937099637821,0.0016679656552232899
Cu2Se0.92I0.08,374.999997970236,174.99999600992894,177.38296353298097,10899.999945957044,9820.398747306821,0.3849999826290832,0.4277927450392998,0.32500000177970756,0.28554553569432806,0.0003337999996516434,0.00032309996491137766
(SnTe)0.88(CuSbTe2)0.12,726.0000083344869,148.9000004955913,138.9083488681927,96763.99580984766,97387.42058857858,2.0496999915527168,1.8639583796649202,0.759887862454709,0.845191593537339,0.0021453748798608485,0.002228783664245244
Ge9Sb2Te12,422.9999965886741,77.27999964177815,76.13170661628547,173635.99498743724,185410.4668207231,2.858600066566694,2.8211631564099684,0.1534479102203489,0.14686805605702521,0.001036988637447705,0.0010202892593983784
Ba8.02Cu5.04Si6Ge34.93,814.0000005198369,-138.0000027800059,-142.90470701503705,42179.99933055386,42862.13145922215,1.3899999989089433,1.3423289845858095,0.47200000672133063,0.4885356056836505,0.0008032759093992583,0.0008528945741936713
Cu5.133Sn1.866S7,667.0000027702004,59.090000002984944,61.57859243904962,219416.9750115972,221953.5498929134,3.349999972498204,3.38057074768997,0.15253843358047037,0.16286980866709813,0.0007661225686416633,0.0008209483142328151
Ba8.02Cu5.04Si6Ge34.93,615.0000016259993,-115.52000466432779,-119.58072925015503,56349.000870091244,53104.45806629622,1.3773000009007272,1.327299710774643,0.3357740575698043,0.3603789225492027,0.0007519700886035021,0.0007993453559870127
CuAgTe0.6Se0.4,392.9999987725969,228.52999931491402,232.59149875408045,7771.000391399597,6841.4056244440435,0.2373000171445541,0.3271057846794897,0.6721375691829143,0.48710035924499206,0.0004058479453474205,0.0004049198182332402
Cu2Zn0.8Fe0.2SnSe4,473.00000175178013,360.1200076916041,362.5122617145243,155.34997486893366,180.30462540832733,1.5389999962408236,1.5904276083907236,0.00619196182441412,0.0070781242235120004,2.0146780731602913e-05,2.478978267989596e-05
MgAgSb,449.9999977922154,206.36000123592115,212.08648439796832,36909.00008710536,32452.904750716276,0.970500007609635,0.8915315021249803,0.7287864376315425,0.7624089223750113,0.0015717494981879157,0.001524546009676533
Sn0.91Mn0.09Te0.97I0.03,423.99999722011484,78.35000019445715,72.07751838798235,186667.00597571267,183115.3792939547,3.183200046144511,3.2128085787558227,0.15263266209765658,0.13078788364826496,0.0011458969412849053,0.0010425790764235043
(SnTe)0.92(CuSbTe2)0.08,619.9999995014166,105.4899985775603,109.61051014262706,141253.99339254104,133813.42427904907,2.447200027704399,2.3015412839418095,0.39824062343121147,0.457662960751359,0.0015718943239482288,0.0017370038439969606
AgBiSe2.0,424.9999978515556,-177.3000006138576,-172.41330584886148,7620.000365768747,6769.824140346479,0.6739999841638042,0.5704883968613829,0.15104330410052494,0.16298492627200697,0.00023953691105886018,0.0002385266415456382
Mg2.975Na0.025Sb2,322.9999968260349,74.99999956132213,57.047307344970676,36600.00052657679,44984.63414322184,2.0100000253625647,1.8664531263234776,0.03308339567566533,0.037145802348359624,0.0002058749995316793,0.0002198149966845062
Ca0.15BaGd1.85NiO5,811.0000091890875,167.64999551884964,140.8753258099204,332.235986628461,394.78765734867085,1.7794000105098622,1.7887575611194162,0.004255994808279046,0.004851081145141462,9.338001675819795e-06,1.1134109124471651e-05
(PbTe)0.1(Ag2Te)0.9,599.9999974361742,-181.55000073808438,-172.63644013014306,19670.00006653445,22092.057744777365,0.5146999906842784,0.4948261770569867,0.7557774999163518,0.7923544461032909,0.0006483311193346236,0.0006700183241002669
AgBi0.9Sb0.1Se2,299.99999286647017,132.9999982352767,45.62220565681917,2.1999991461852084,576.6702836919187,0.4634999953129031,0.4308989618169206,2.518822395925566e-05,0.026955396181860776,3.891579623997912e-08,4.1063621990606734e-05
Cu2Zn0.2Fe0.8SnSe4,773.0000063214842,221.38999581895644,230.5916022856394,6210.000051376937,5470.081273514308,0.6929000075541192,0.6731784355524923,0.3395600147699611,0.3657130000628806,0.00030437403981651136,0.000329175963934991
PbZn0.015Te,617.9999982385351,-296.5999897364937,-301.22990280096417,18800.00007546459,19398.268045383793,1.122000010591804,1.1223164748345889,0.9370000476638002,0.9966732729873986,0.0016538652636937821,0.001854323679260935
BiCu0.925SeO,722.9999958765917,291.9999973580186,289.9348958070648,1907.0001511420865,1961.6768788695554,0.9300000051792612,0.9388544789570181,0.12640718118196054,0.12477648419323263,0.00016259845096274004,0.00017028300405627013
Mg2Cu3In3Te8,376.99999923311753,325.9999983518328,321.461799746237,1620.0001572528663,1639.7174628766227,2.750000053249739,2.7660886000408254,0.023602544661985966,0.022296527833911423,0.00017216712781855886,0.0001657164669379833
Ag2.0Se0.9Te0.1,344.99998959058587,-134.65999746144132,-131.64918741001003,101743.00522891928,99106.8845553488,0.8700000111920081,0.8137979113740862,0.7316133264356715,0.7266522287588165,0.0018449379026301864,0.001740206883809324
Bi2.0S2.91Se0.09,623.000001395739,-517.9999848821359,-512.3475471747895,373.0000313713627,394.96771453078645,0.5500000234432026,0.527745340180602,0.11336884223939732,0.1098056793040778,0.00010008485425904162,9.79566808275257e-05
SnS,700.0000024805998,620.0000179950048,585.871438307694,79.99999162690541,133.46167876270763,0.7539999962242284,0.9546547978591035,0.02854960490489004,0.034724040845563735,3.075200284051023e-05,4.506112921206045e-05
Cu12Sb4S13,720.0000045458423,219.52000468685026,150.68918968668305,8570.000098900871,50212.08200916631,0.44799999226401627,1.2043198926842522,0.663717856863611,0.6568642209545932,0.0004129799880087451,0.0011485661413296083
Ti0.9Mn0.1NiSn0.9Sb0.1,297.0000015357208,-74.8099968169962,-76.02969815429094,347681.961687243,359428.0707295491,6.859000285052656,6.757889657156791,0.08425528581244104,0.07877675831415133,0.0019458148359559587,0.0018222461916315344
(SnTe)0.84(CuSbTe2)0.16,624.999997376834,105.40000112324407,110.57418115233112,141199.9955994849,137578.40844761417,2.4600000443407555,2.3252258266566015,0.3985298314668552,0.45035793060039175,0.0015686134033813068,0.0017481686205101565
Mg1.98Ag0.02Zn0.98Sb2,299.99999286647017,94.71000118370125,99.3998362397355,62221.99904956405,51346.197019706284,1.0780000114236705,1.0618630930082864,0.15532384447963904,0.14796421744361374,0.0005581303474548716,0.0005214227759254578
Ge0.55Pb0.45Te0.5Se0.5,668.0000034016412,279.499992849045,282.30139291546004,10000.000036017953,8977.083403204784,0.390000013550647,0.43312681054157076,1.4640001006741465,1.2684574743603434,0.0007812025163634995,0.0008223473973740007
FeNb0.80Ti0.20Sb,700.0000024805998,149.9999987321838,153.72860474055264,164999.99057951043,158248.02611279153,5.300000072930224,5.40018874894021,0.4903302036370785,0.5093485286944193,0.0037124996706698627,0.004197560889749495
Sn1.03Se0.12Te0.875Br0.005,623.000001395739,120.00000199888967,100.37910410794123,145614.0071148232,152209.09356118442,2.5969999838888946,2.5996173079586335,0.45800002155502034,0.39385121622395447,0.001700000020911592,0.0016748000286910523
(CaZn0.4Ag0.2Sb)0.83(LiZnSb)0.17,773.0000063214842,189.24999504525374,178.3810685554704,21775.999936885244,20078.048563620883,0.5778000257929894,0.5453881923545214,1.0434023506173467,1.0764528584874522,0.0007799196868075203,0.000776529995869626
(Sn0.8Ge0.2)0.88Mn0.12Te,572.9999988735261,95.3999992770955,101.1309818716009,150750.0048819299,136229.13010621423,1.9500000223953315,1.755332059875302,0.4031568903856043,0.43902398638415463,0.0013719998963518407,0.0014143425514767589
As2Te3,297.99999160358857,118.80999750282936,99.7457436845708,185.28999688675157,322.45297302364304,0.8540000167935553,0.7929944671769363,0.0009126754779141172,0.0002573271283259623,2.615519439832113e-06,7.28950465569795e-07
Ag0.97Cr0.95Bi0.05Se2,403.0000050870046,97.03000013274226,105.66504792605438,14779.999927573912,14008.748820048897,0.47239997740067674,0.4497688757022093,0.11870845586887788,0.12863565201542657,0.0001391510564633864,0.0001486336469029568
Zn0.875Cd0.125Sc0.02O1.03,873.0000060841234,-128.9999990639368,-144.7040103902456,27710.000091241425,28216.531731123192,3.299999984421535,3.3783769608818384,0.1219877586109772,0.1405937596693311,0.00046112210989815547,0.0005559138728227289
(PbTe)0.1(Ag2Te)0.9,550.0000001957478,-159.39999622328295,-155.945230429104,27150.000062216623,28471.015455187164,0.531999993803445,0.5035458735904572,0.7131773049085529,0.7553621080427103,0.0006898369770328434,0.0007123996846357325
Ca5Ga2Sb6,624.0000020271797,112.69999715849107,202.08582803555217,1465.999938462415,1260.2384027152766,1.0320000031459147,1.039818761862627,0.009999999886985581,0.02466050512988962,1.862009113417753e-05,4.2248244022488013e-05
Cu2.82Ag0.18SbSe4,398.00000192980076,381.0000041030742,384.0406929688726,7509.999801205129,7192.753147744699,1.1500000061526139,1.1782455663448346,0.3772898432729769,0.3756407456329852,0.0010901590954055206,0.0011483089595552727
Ge0.98Mn0.01Sb0.01Te,648.0000013363988,130.0000009099877,133.29137831141725,140206.00614271444,143023.1545831272,2.235299992128562,2.3866905580535356,0.6868983743737164,0.7560323679918763,0.0023694813700705364,0.002938519236254239
In0.005Pb0.995Te0.998I0.002,637.0000049541233,-233.49999590305288,-246.33896352731438,18260.000256086798,17152.587999169322,1.2747000003168278,1.2162568656072117,0.5000000001106574,0.5077710608082685,0.000995576284420572,0.001008424833138829
Ge0.85In0.05Pb0.1Te,525.000000255088,239.00000547723937,247.53452191989308,34441.00047067745,28109.80088834072,1.026699989067791,0.9680662524105376,1.0059752147374774,0.9818887016792748,0.001967304398287615,0.0018926999119434314
MgAgSb0.985In0.015,299.99999286647017,148.9000004955913,154.86246172002717,90184.99792775488,71709.74015972295,1.4245999997413485,1.2810418924642188,0.42106778240927617,0.4775608990451612,0.0019995106365943128,0.002101914440092017
Pb0.99Tl0.01Te,597.0000008236384,258.16999449074115,245.0083591517189,28888.000038883827,29094.973327847736,1.1555999996857043,1.137797271215145,0.9947085244735151,0.9891189842146887,0.001925435783772444,0.0019410993868327953
Ca14MgSb11,599.9999974361742,130.0000009099877,137.8745066704838,5400.000276848053,6646.832641465619,0.6650000020448914,0.6466239917278271,0.08233984949345774,0.11610736107070566,9.126000602821102e-05,0.00012566404053024246
ZrNiPb0.98Bi0.02,771.0000050586027,-156.33000381302077,-145.1066288813679,204868.9897377933,204097.81369933303,7.10999966619245,7.239571172404539,0.5429323238783951,0.508347211117857,0.005006807376422794,0.004848161838783662
Cu2Sn0.95Zn0.05S3,422.9999965886741,125.00000145443869,119.57777737024553,16437.999953561226,16677.47913969688,1.2099999990136525,1.2974578140703041,0.08978917710373593,0.08458203410521968,0.0002568437528679193,0.00027209805559618306
Cu2.2Sn0.8Sb0.2Se3.2,622.0000007642982,87.4299987126457,89.31040633907298,129154.99558232274,131690.82586547398,2.5730000463029974,2.583264137258663,0.23866172515608658,0.255144879081,0.0009872614583772837,0.0011187385279070392
Cu2.05Cd0.95SnSe4,550.0000001957478,155.99999925286284,156.7145607841194,18257.999963667313,16873.532338959845,0.9645999998120662,0.9210169737249986,0.2533482072180863,0.25578442240390087,0.0004443266879038526,0.00044122692226260105
Sn0.99Mn0.01Te,331.99999194542886,30.080000731025628,26.744233625422368,701775.0412304926,672392.08259724,8.460500745365717,8.861031735107495,0.024916991484389455,0.017597399202928035,0.0006349705145327672,0.0005014160836458265
TmCuTe2,720.0000045458423,174.99999600992894,169.74189995121804,23730.999991225824,24955.16186336619,0.7109627149572256,0.8036141285785046,0.7360000372761607,0.6591906462482305,0.0007267618791722924,0.0007586733111533134
Zn0.875Cd0.125Sc0.02O1.03,473.00000175178013,-92.99999593986257,-93.14735895673334,38329.999886945865,37995.11245921341,5.079999816796193,4.906843555813523,0.02979999897266528,0.029693841192625463,0.00033151617019452423,0.00030676277271350514
Bi0.875Ba0.125CuSeO,521.9999996812123,192.95000192128532,185.21379574163197,12451.99971894922,11999.986590264964,0.7826999847526612,0.7208045446051707,0.3269919452143827,0.3367062882847934,0.0004902999993412882,0.0004873690390965062
(Cu3SnS4)0.85(Ga2Te3)0.15,624.0000020271797,149.75000286847708,151.1247511849229,31852.99977673794,27296.286034062225,1.2360000001812628,1.144614612181283,0.36062026443570566,0.33282074788383803,0.0007143055104757834,0.0006466848415236853
Ag0.5Sb1.1Pb19.6Te18.8,672.999995995272,-133.00000332445686,-119.48541054923294,42000.00110549484,47926.79784432148,1.4430000002997294,1.6849469315471166,0.3464984553049397,0.38825332654799627,0.000742937994370149,0.0009887608686914614
Zn0.96Al0.04O,473.00000175178013,-75.0000002479265,-69.86146640749257,54099.99893792159,55842.68611361405,4.519999785694667,4.3021064143327505,0.031845094232307816,0.02847802373943408,0.00030431249404592195,0.00025323678517669536
AgBi0.7Sb0.3Se2,576.0000007678484,-274.99999021008955,-276.1198880892566,2371.0002275946244,1650.3402081826953,0.3946532506199725,0.37238382393034536,0.2617000029811987,0.2411787888965577,0.0001793068697172121,0.00015690729705194938
Cu2.9Ag0.1ErTe3,700.0000024805998,84.99999993994544,80.08099907379618,72000.00286576737,77616.34608784725,0.679999994157789,0.9116848468328247,0.5354999782036579,0.4804394602481086,0.0005202000006771718,0.0006035036608687685
Mg3.07Sb1.5Bi0.45Se0.05,299.99999286647017,-279.2400111625238,-287.2249452640561,7900.000272791816,7014.976513258332,0.8735999982333491,0.7819629481800446,0.21153925927708597,0.2296594158568273,0.0006160023171106747,0.000584412528259929
Mg3.5Gd0.03Sb2,400.00000319268224,-221.07000995945668,-226.27145954299215,19149.99989448237,17862.396074166558,0.9902000069647712,0.9323572971823777,0.3780641206199867,0.3921618598569824,0.0009358977555185129,0.0009382469631284602
Sb2Si2Te6,773.0000063214842,222.2799970604272,215.94750814592334,12361.000007989913,11614.283291479105,0.41879998513083455,0.45897008459694916,1.1272679648297153,1.0255293611217495,0.0006107372096191939,0.0006379924913314108
CoSb3.0,722.9999958765917,137.00000249579676,124.16408732408357,16128.999943423347,17318.923327504475,4.3999998228071,4.339526711946976,0.04974325341570282,0.057215098872791824,0.00030272520646521,0.00035622969754228474
Ca0.99Yb4.01Al2Sb5.84Ge0.16,420.99999532579255,242.92000026038735,216.64150671318617,1308.000002488458,1125.2532040696842,1.0369999872426567,1.0093562790401804,0.031335573953425774,0.027505087593700045,7.718524317084831e-05,6.666502734774862e-05
Pb0.97Tl0.015Na0.015Te,301.0000040614839,119.16000227820066,103.58862295016652,95295.99706469738,106827.78665626573,2.138899972628696,2.0432991383242776,0.19041961228548998,0.21088556012299095,0.0013531179428778817,0.0014631068644792322
Mg1.98Ag0.02Zn0.98Sb2,572.9999988735261,151.40000022336582,159.28742607628274,34920.999996838684,31615.329729216664,0.9151999934781229,0.9013071566562675,0.5011607116901058,0.4986056599183204,0.0008004577806102767,0.0008022942500094764
MgAgSb0.99In0.01,350.00000331136266,170.35999811184692,188.58959693642655,62523.001378406385,47562.46441353976,0.9884999924760905,0.9523228826167404,0.6424900817044197,0.6801400628184189,0.0018145755693785605,0.0018858076394801314
Gd2.84Se4,449.9999977922154,-77.89999453165197,-82.66974514344142,31600.000278250885,30783.30304959092,1.2870000017822059,1.234516060575157,0.06704956790393732,0.06924870156932006,0.00019176175385795003,0.00018858130267746895
Sn0.87Mn0.1Bi0.03Te,623.000001395739,105.99999882727155,115.30973842547844,154759.99182673506,141241.5057341103,3.3659999363386177,3.020959515004102,0.321843229520235,0.3846889043728755,0.0017388833482608862,0.0020103040775925544
Ge0.87Mn0.05Sb0.08Te,598.0000014550791,192.90000040050356,190.50849775051836,82474.00392304671,80406.84998146327,1.617000001997793,1.6056592860081929,1.1349395115975207,1.1639880540998544,0.0030688912820463115,0.0032923477370160777
In0.005Pb0.995Te0.996I0.004,584.9999985281356,-207.7999890745652,-217.4830494895316,31410.00041359739,29472.34241135564,1.4799999999868345,1.4079273811269857,0.536109076800775,0.5383511336617812,0.001357000015577021,0.0013561669781842656
BaErCo4O7,368.00000411372355,131.99999717014668,127.20006249873526,94.00000051327719,103.95596407466428,0.6239999844690101,0.6576025579064227,0.0009000001390392403,0.0008221417527077576,1.5999997673771669e-06,1.47085358239606e-06
FeNb0.96Ti0.04Sb,700.0000024805998,254.9999990389154,247.9949022053911,66000.0015897371,59909.68961157669,8.0000001362056,7.799942779017292,0.3755193718637589,0.34495957315155457,0.004291649638465754,0.00424697808495251
Ag0.4Sb1.1Pb19.6Te18.8,422.9999965886741,-0.9999977396190403,4.409130149121658,16246.999876887407,20772.913068241265,1.5549999981591496,1.815434169514795,4.419600445082135e-06,0.00039177732579806555,1.6246995225151087e-08,1.709028550489546e-06
BaZn2As2,623.000001395739,267.89999223373894,268.60661151826883,3636.0000872716946,3558.0543899302875,1.0780000114236705,1.0201683314476913,0.15081293405841015,0.16560628274478775,0.0002609572126540045,0.00027081849032029867
Bi1.2Sb0.8Se2.88Cl0.12,599.9999974361742,-176.999991489167,-191.49031246166084,13700.000391308855,12854.617739057132,0.670000010084151,0.6233870199321876,0.38436473816003014,0.4125672300734505,0.00042920730144084855,0.0004479545105234154
Sn0.97Mn0.03Te,624.999997376834,92.97000050439524,89.88479866230098,202367.01724008896,207631.6751129154,4.2237001181160565,4.227466594185878,0.25882862558237985,0.2491288107960838,0.0017491430775709114,0.0017733484912625648
Cu10.5Ni0.5ZnSb4S13,517.0000004853483,205.4000049094772,216.85711552491594,10152.999782060395,8619.701069135177,0.4699999923661433,0.4551283008286263,0.473000000670484,0.4894794163804212,0.0004283465402791251,0.0004301108992605327
Sn0.98Ce0.02Te,623.000001395739,101.70000011731355,104.8522209031464,129113.99773124767,121078.37066513504,2.535999973323708,2.531724421398118,0.32806057247509535,0.34433335748696003,0.001335411943124329,0.001459371864941862
Ge0.99Mn0.01Te,398.00000192980076,43.8699995698957,46.48509877162051,432989.97017506324,439895.20185013255,5.914399858208885,5.834130340241521,0.05607709344397833,0.05662298695998507,0.0008333225545495763,0.0008623619486224608
Sr14.5Ga29.2Ge56.3,773.999996389352,-166.66999897719228,-171.066516823738,40300.00066639723,44921.13228098538,1.753500002265591,1.7214937497053244,0.49414582396600026,0.5395736344265508,0.001119489213152557,0.001271134445349526
Ca5In1.98Zn0.02Sb6,521.9999996812123,287.7000074532122,295.86963841432157,5339.999929542731,4841.346265255615,0.8119999945208906,0.7665198754152702,0.2819999947382283,0.3041432911047875,0.0004419986891823636,0.00044661399744146986
Pb0.995Zn0.02Te,724.0000070716053,-287.5999977606267,-283.1859870129387,24419.999994316102,24752.98670390227,1.1105000017451114,1.1566353604793036,1.3168716890172039,1.2390167488874548,0.0020198699312260707,0.002052687802730891
Sn0.91Mn0.09Te0.97I0.03,890.9999963229113,215.45999625335165,208.66557734667137,44614.99909616219,40242.650143135594,1.5530000011276,1.3429518318968616,1.1882845899764158,1.323432991556789,0.0020711626794931415,0.002128937192695505
Cu2.075Sn0.925S3,400.00000319268224,47.109999645608845,42.89989933201176,281250.0006096772,309656.1351871115,3.766999914291112,3.8467518570775456,0.06628009328211622,0.06494097892990007,0.0006241927797905921,0.0006228687993890385
Cu1.85Ag0.15SnSe3,299.99999286647017,249.00000438833743,228.96680527457738,1069.999913391767,1277.8353664911142,0.9841000092479506,0.9411788102646413,0.020223882565059633,0.02141699724973672,6.634107191429744e-05,7.045531252384475e-05
Ag0.97CuSe,557.0000006544933,204.46000214722466,210.82319169024328,15596.999948391762,12998.760492770423,0.5640000064940414,0.5872784700900379,0.6439228988390298,0.5918966120676524,0.0006520152929274887,0.0006280680560054494
Tl8.97Sb1.03Te6,504.0000001992981,200.79999413977805,204.51599117108194,20000.000115088296,19501.366085274545,0.46299999790435387,0.43859877482025605,0.8829999897036584,0.9574854341012824,0.000806412808138602,0.0008560652135824823
Ge0.6Sb0.2Te0.8(AgSnSe2)0.2,722.9999958765917,175.7800032978415,192.4154000780549,55483.99993304318,45710.79657637463,0.9300000051792612,0.8597165662261533,1.3686998931325758,1.5381478506767683,0.001714378419533354,0.0019772076293732106
Sr0.21Co4Sb12.25,700.0000024805998,-187.99999733549612,-192.40849018819293,131817.99234983668,136029.81426355097,3.6199998666862916,3.578580687691464,0.9009068406069791,0.9181659590838491,0.004658975095912939,0.004852387724627819
(SnTe)0.86(CuSbTe2)0.14,722.9999958765917,145.5000027442503,140.0659680167356,95550.00321149986,97107.51948487952,2.1119999825850413,1.9246617477186696,0.6924701869843992,0.7724567542734144,0.002022817463398885,0.0021318064765180962
Li2Ge11Sb2Te15,722.9999958765917,198.00000289761613,195.8258348690707,86517.00353616868,86658.30191303416,1.6960000056080347,1.6430173750217056,1.4459200756090886,1.5569104087899002,0.0033918122768709464,0.0038512659034135996
AgBiSe2.0,624.999997376834,-236.00000150092842,-234.60479588230788,4000.000098886894,4231.315966036544,0.44300000746780277,0.45158837883764574,0.31431150938353697,0.339491087794687,0.00022278400856060794,0.00025868280335658215
GeSe,623.000001395739,742.7999961703433,698.614759356557,53.111990094626734,76.14823914045206,1.1359000022859644,1.304889558512361,0.0160725370054176,0.019375794899455463,2.9304644028902564e-05,4.247132790038907e-05
AgBiSe2,500.00000031442823,421.87999833674036,-192.85064968001797,240.00000345946697,4370.252877823178,0.5179999912355451,0.5220760371774303,0.04123152307419433,0.1737500628871896,4.271585945641667e-05,0.00019230095404918578
FeVSb,599.9999974361742,-234.99999456569736,-217.98588234585537,52099.99983451002,75893.06977811764,6.499999984308516,6.7359356076313865,0.2769999974762144,0.312106726082605,0.0028772225004119,0.003495954465340062
La1.25Co4Sb12,372.9999967073545,-63.99999440159737,-56.301274687277704,244999.99166881377,230305.13042038868,5.264699880622725,5.185587836934587,0.07109862890838153,0.061112705553117756,0.0010035199985467653,0.00087734803195335
NbCoSn,970.0000145160132,-230.900010744018,-224.1174377012656,32429.999606084933,46271.458098011244,7.345000321402167,7.515252520837116,0.2283361872003688,0.270358938370629,0.001728999290219103,0.0021169445064127684
AgBi0.99Pb0.01Se2.12,299.99999286647017,565.1300232419172,570.4975497244851,142.3999676293345,111.60416632588856,0.555999996532677,0.5366708563157915,0.02453879242023278,0.024622204977666873,4.547856124111404e-05,4.53083705190447e-05
Er0.01(Bi0.23Sb0.77)1.99Te3,350.00000331136266,241.79000580740666,251.18614742303393,46227.99943213033,41940.153240900305,0.8606999949628804,0.852216346477524,1.099000708534041,1.1573749611599187,0.0027025997890572475,0.0028362497534612906
Al0.03Ge0.97Te,372.9999967073545,47.679999665722846,43.58791920135065,483928.9884190486,492860.41196033795,5.625999995912012,5.847696877806523,0.07293957574225032,0.06077836968111326,0.0011001556793964389,0.0009721087654611619
Bi0.825Ba0.175CuSeO,318.9999943002718,151.2799977475098,151.37089039223684,24279.00000285992,21769.20636744074,0.7669000143038244,0.7441582994644582,0.3194575539908113,0.29688263458498754,0.0007680000008289542,0.0007158756620167948
Nb0.75Ta0.25CoSn0.9Sb0.1,337.9999957340734,-104.99999698122065,-100.05970819359743,121985.99425865011,125123.5510046913,4.603000035417796,4.79895219963683,0.09875618963905475,0.08294468174198538,0.0013448956329147304,0.0012251249666658513
YbCd1.9Zn0.1Sb2,350.00000331136266,137.31999931457773,144.36164339726702,61376.99929073693,53403.32281634784,1.9549999926697144,1.7495482342808446,0.2072022792029115,0.22611224590611936,0.0011573727005347236,0.0011398364715082038
In0.005Pb0.995Te0.999I0.001,584.9999985281356,-268.9999955595116,-279.3995839895878,13049.99973842721,12397.766133080951,1.3500000021380696,1.3514548259466397,0.4050000018369504,0.3905372490618751,0.0009443110507664215,0.0009264195478228761
AgCuTe0.9Se0.1,722.9999958765917,225.8699982426985,228.3171377104777,17864.000028761428,17007.750142512985,0.5778000257929894,0.5365648114521471,1.1403984405031018,1.226768935205781,0.0009113722856515161,0.0009476062640060964
Ce0.2Bi1.8Te3,497.9999990515467,-154.6299990672492,-150.26992280804947,59028.00117771675,65286.92951770412,0.670000010084151,0.5885886983879348,1.0490595481417306,1.2521359076996488,0.0014113852934708882,0.001587904357127487
FeNb0.88Ti0.12Sb,500.00000031442823,139.99999982108577,136.53429802864235,250000.0139396239,249256.1277222115,8.239999196231107,8.244143768792732,0.29733009999091176,0.2895006771497624,0.0048999997780648135,0.00513256463662244
Mg2.16(Si0.4Sn0.6)0.995Bi0.005,519.9999997387774,-240.19998836417136,-238.15129961576577,51743.99858280203,55511.5158614657,1.7745999979024007,1.7315177475875987,0.8748001541924905,0.8810704502692654,0.0029854240397836932,0.002912322310919097
Cu3Sb0.997In0.003Se4,372.9999967073545,270.99999260059144,268.38725758206635,5900.000292461348,5390.067449887869,1.9500000223953315,2.019314042433615,0.08288287823386815,0.0813356245701783,0.00044299999959498905,0.0004363593485785628
Cu2ZnSn0.95Ag0.05Se4,372.9999967073545,38.870000114346674,34.1812994553412,238461.97914144755,216932.16286719023,3.526300071254898,3.537609742065797,0.038109900903923424,0.032190088885124445,0.00036028673147735647,0.0003170991163954457
CuAgTe0.7Se0.3,348.99999211634895,248.6400028308704,243.4695239004982,9233.999794682955,8467.660391567253,0.3538999821232362,0.3123823264530557,0.562958940553518,0.609645667969946,0.000570862957486682,0.0005555654695057087
AgBiSe2.0,528.0000001687404,-213.70000416398386,-201.46093738708242,3678.000128810775,3757.212472098859,0.5740000208911874,0.497965041187036,0.15450509189352285,0.18263506627287618,0.0001679657588818682,0.00018245251304331038
Ag8SiSe6,398.00000192980076,-158.71000106493923,-137.68679766814492,50338.000741703974,48606.334024089774,0.6016000078701311,0.5227786254956129,0.8388412333358717,0.6095453388916676,0.0012679570012953396,0.0008043797843036828
Zn0.9Cd0.1Sc0.01O1.015,299.99999286647017,-73.60000462684553,-78.41206692703543,62186.999670937395,57416.793873719624,8.170000013876678,7.733935282435545,0.012369565830417003,0.012485782087581571,0.0003368644941629792,0.00033375463931511654
AgBiSe2.0,611.999999731677,-263.0000009089336,-231.88468497529487,4535.999808662467,3992.9129548547535,0.4999999946552032,0.4493940114196973,0.3840307180028824,0.30848282409352235,0.00031375058900913716,0.0002393750918160694
In4Se2.32Cl0.03,422.9999965886741,-246.1499932341697,-245.0444653623839,23399.99997957453,23500.4452990689,0.9930000021156821,0.9867473676628378,0.6000000127131817,0.5886702981236227,0.00140799998939851,0.0013880631676808624
Pb0.97Tl0.015Na0.015Te,497.0000010609992,192.86000153191858,185.05200401636935,54449.99962258208,55489.37538310049,1.4111000001264407,1.3878208656751247,0.7133140869761502,0.751447686816284,0.0020252666586081927,0.002175613382802793
Ag0.01Sn0.99Se0.9S0.1,418.00000399504313,347.440002403897,314.59119866807214,1107.9999900412631,1161.5086759542946,0.2630000028095369,0.23626773498315648,0.21257878717968723,0.22550333607320724,0.00013375172026569248,0.00013331001954763107
BaGd2NiO5,1272.0000150668125,527.9400214918837,465.3362390407773,37.85511201986752,45.643773081701646,1.3841999999445287,1.3996674090693846,0.009695761426412874,0.01194769699230932,1.0551001894971054e-05,1.2406512439985218e-05
Mg0.97Li0.03Ge0.8Si0.2,400.00000319268224,315.4399918001407,304.651027826921,7307.99974259972,7456.139178774879,3.33959997041195,3.5034163806135328,0.08709587780363875,0.08782336362694497,0.0007271634939594045,0.0007608234107465145
CsSm2Ag3Te5,539.0000000171883,189.34999808681727,225.35717447438003,188.23998758586708,229.07995651175005,0.48269999485632115,0.5044826845767423,0.007536226826865829,0.009038736531969684,6.749048997055217e-06,8.920004702220346e-06
Cu2Se0.92I0.08,299.99999286647017,144.7000018921463,148.09301422323253,15720.000151196651,12371.348370542726,0.47389999025362967,0.4215728817365547,0.2083647027002312,0.20754885051792726,0.00032914676729978344,0.00028503408937928396
Sn1.03Se0.12Te0.865Br0.015,822.9999956392309,164.50000537141744,151.9922758094562,63157.99936914173,70818.00393145712,2.1070000207085076,1.9323269962685137,0.6675679286564927,0.7465444893741807,0.0017090712237765112,0.0018113620939167712
Tl8.98Sb1.02Te6,385.0000042846437,139.99999982108577,148.55848388634476,34219.99950283054,30932.478595262874,0.5400000154078158,0.5014533859326983,0.4781927991993591,0.5479098278384161,0.0006707119986738633,0.0007347677579792556
Mg2Zn0.98Sb2,672.999995995272,208.00000180871416,197.06628114349184,12631.999746511276,13218.305407821505,0.8420000086537429,0.8103689908639626,0.43681924920284154,0.442038131521056,0.000546510849009339,0.0005544990956014009
Ti0.97Mn0.03NiSn0.97Sb0.03,697.0000005862776,-147.20000083899993,-147.5624678389098,138500.0054314963,144485.15455319727,5.400000065887301,5.156010361282243,0.3873507552506243,0.413963516971555,0.0030009957466260737,0.0030737970182749667
Ge1.04Te,422.9999965886741,100.54000064279305,97.62557765067575,323461.96440414083,320945.3871523673,4.105000020822898,4.105821961652295,0.3369211116145448,0.3267390781142832,0.0032696482069189143,0.0032965514531115374
Cu1.975S0.5Se0.5,299.99999286647017,99.39000088541879,107.28473207909796,15891.000181170293,13196.162965837837,0.5022000190147288,0.5589513714170508,0.09377372150769733,0.08015112376912224,0.00015697720409957615,0.00014641643966683608
CuAgTe0.6Se0.4,407.9999976806355,237.76999624249305,234.9665768613153,7229.00023753172,6527.575421938443,0.3398000175607402,0.32051426248293063,0.49071478639598765,0.49798955241631837,0.00040868842422842657,0.0003935806181385626
In3.95Pb0.05Se3,329.9999906825473,-207.00001170286538,-220.91346610453672,5149.999816031745,5479.678389035641,1.05500001336581,1.0050614855963165,0.06902547455464081,0.07476033220354898,0.0002206723430536336,0.0002452011356878704
Cu3P0.8Ge0.2S4,350.00000331136266,84.99999993994544,86.85393928071824,32249.99979018772,28079.357512167986,1.0349999905771337,0.9656285885779552,0.07879438552038878,0.08239527059948382,0.00023300624933649772,0.00023359641370802392
Tl9.0Bi0.95Te6.0,442.99999865391646,182.20000367886504,193.11157058270788,24459.999997190767,21402.69468888554,0.5200000265385516,0.4776223361263284,0.6917570412723419,0.7359605416887974,0.0008119946896795428,0.0008224501737590642
Tl4SnTe3,523.0000003126531,174.99999600992894,164.77111011851596,16400.000069928705,16874.105955262046,0.4699999923661433,0.4266090189544194,0.5460000021010794,0.5972946350232408,0.0004920000000507898,0.0005061917392660217
Cu1.875Ag0.125SnSe3,599.9999974361742,268.6899904336462,263.9327666175069,2723.999750640383,2760.5369324264134,0.5110000095659418,0.4782625219620288,0.23090878830174083,0.24826130567611898,0.00019665732322273898,0.00020421477906553036
GeSe0.65Te0.35,320.0000054952855,11.55999920213101,6.151687257436883,131715.99619268387,127921.16169336457,1.8882999858980454,1.8107335528807615,0.0029828623272560653,0.003122237880306884,1.7601685734164947e-05,1.707617506377277e-05
MgAgSb0.995In0.005,550.0000001957478,182.73000336286879,206.37508739563108,54000.00023884356,39334.98550524894,1.1148000030527299,1.0127859024581076,0.9067999550627309,0.9563513701532798,0.0018030736526016692,0.0018483876866812051
(SnTe)0.98(CuSbTe2)0.02,722.0000058087238,120.33000146986741,114.5544794836114,135006.9953195441,135455.15597242286,3.0932000779814435,3.1733131000947763,0.45628198768971745,0.44477348921916127,0.001954808054698002,0.0020052785596013246
In0.005Pb0.995Te0.996I0.004,377.9999998645583,-191.01999996517867,-201.66324454982282,49399.999228548404,46254.50866673705,1.828000018857153,1.734962783140124,0.3800000079053463,0.40208704999436745,0.0018049999892565077,0.0018437026708250262
YbCd1.8Zn0.2Sb4,550.0000001957478,182.44999954257176,188.39452173818523,45691.00081928461,40320.58945922005,1.3737000015857703,1.2971743389013708,0.6089605815476964,0.6309112225541984,0.0015209620724984652,0.0015270336921654015
Eu2ZnSb2,722.9999958765917,287.9999930974986,264.4887591089797,4320.000127418602,5062.82980047971,0.4200000138621973,0.41745619861984,0.6168189992415333,0.6212711468667276,0.0003583180820115226,0.00037526550059008805
Rb2Bi8Se13,724.0000070716053,-237.00000843615953,-261.5725801757263,1403.000111316926,2591.0579375566413,0.4799999762416487,0.4809747587138046,0.11886437013724205,0.2510116272175506,7.880510385417013e-05,0.00016966918389819488
ZrNiSn,572.9999988735261,-152.10000899318752,-154.5002933143502,58897.00000252456,63532.50124858539,3.5729998851713356,3.4564589833720447,0.2185109505379066,0.24160017464042735,0.0013625473921111083,0.0014056721890597693
Zn0.9Cd0.1Sc0.04O1.06,473.00000175178013,-101.99999965593165,-102.60130932754481,41146.0002357388,38689.2727852937,5.700000247799203,5.4438766002121985,0.03552337753631655,0.03160921150115298,0.00042808298628938733,0.0003671093414518076
Ag8.0GeTe6.0,769.999993863589,-20.000000366786175,261.91561205196575,1111.0000103660043,3110.6882427733676,0.30000000304142677,0.3126497090368717,0.0013999997147640792,0.5615467093770719,4.999998462755444e-07,0.0002437373426161658
LiGe3.5Sb2Te7,372.9999967073545,201.80000107500913,203.7129026458233,28890.00017386521,28644.774490767133,0.93300000018992,0.977583808572819,0.4703455586130079,0.44238987571461963,0.0011764944233457594,0.001204784176027089
Ca0.15BaGd1.85NiO5,1179.0000091606857,205.88000307269917,171.94747302040477,500.46507395137274,571.768173501401,1.6011000063935683,1.6254978737189598,0.015620590104562867,0.019488385312212732,2.1213003010564964e-05,2.8447185823593215e-05
Ge0.95Mn0.05Te,497.9999990515467,88.39000090919072,85.82832109458663,228865.99329716622,243236.8684977645,3.5079998297757706,3.6496018304093583,0.2538383909558187,0.23372239662524802,0.0017880824272569129,0.0017397380574389707
PbZn0.015Te,811.0000091890875,-239.40001099247155,-254.55834946496122,27000.000061301056,24815.32338948984,1.1369999942766413,1.1558451959996836,1.097000030875467,1.145897265207583,0.0015474337313118292,0.0016955160350613208
Mg3.07Sb1.5Bi0.44Se0.06,700.0000024805998,-314.09000278902164,-310.31524604616277,10117.000297497998,11203.62371297333,0.6763999907207733,0.6316713345773548,1.0328908475689869,1.0594209577027625,0.000998067628361,0.0010027706937769136
(Zn0.95In0.05)4Sb3,398.00000192980076,163.2000010516979,164.48003528763024,24034.000001514367,21387.47377560262,0.8300000187287134,0.7413843793221889,0.30695262796282563,0.3277865637380961,0.000640127330461472,0.0006197645120621729
Ta0.92Ti0.08FeSb,769.999993863589,230.59999653014725,233.6370341930898,95550.00321149986,87204.42445930622,4.450000172157109,4.503447314718028,0.8829999897036584,0.8681799366383177,0.005081000843110548,0.005343511993337604
Bi2.0S2.85Se0.15,523.0000003126531,-508.00000945144205,-502.71278595129905,529.9999814941932,547.9564773366836,0.5699999749904495,0.5220438310155842,0.12549606931412602,0.1324243505242943,0.00013677392411207376,0.00013386098983798707
Mg3.07Sb1.5Bi0.45Se0.05,700.0000024805998,-306.3000030033054,-304.1217024236176,10689.999797350789,11976.936756482664,0.6669999863238693,0.6475432006370233,1.0525527292837866,1.0672116479946088,0.0010029324909285587,0.0010342577233859469
Bi0.875Ba0.125CuSeO,420.0000052579247,178.199999418345,167.77774065799647,14999.999780855089,13838.005387911277,0.8589999824873927,0.7870127757955865,0.2576717095624428,0.2539677544203569,0.0005269999997117155,0.0004954102736507226
Mg0.99Li0.01Ge0.9Si0.1,599.9999974361742,318.1199981767498,315.06160508617114,12692.00007770286,12485.075097503106,2.974799971589676,2.9825425741926357,0.2590630582888366,0.25702499473354673,0.0012844346007637986,0.0014055241396744372
Cu3Sb0.92Ge0.08S4,322.9999968260349,105.30000101673107,108.39575143042018,100815.99665062166,83342.75814719741,3.8824492912206203,3.422870064963452,0.09299999938804865,0.09478696634239163,0.0011178569053136576,0.001001075355762119
Tl4PbTe3,523.0000003126531,130.0000009099877,126.7787301254514,19900.00003939031,19330.19348733473,0.6339999845451793,0.5775899693489404,0.2689999998320718,0.2949311150964659,0.0003269999950933841,0.000331355938767961
Bi1.2Sb0.8Se2.88Cl0.12,400.00000319268224,-123.00000441335882,-134.05996747185804,22652.000026497106,20541.10164723111,0.770000010510771,0.6829177123601423,0.17802706903682752,0.19567112426494387,0.0003427021067839334,0.00034424219867731877
Ge0.87In0.05Pb0.08Te,424.9999978515556,207.39000438754044,214.37185562088914,43511.00038762149,35661.311875715444,1.0999999974832366,1.0059213734287777,0.7230543137989122,0.7362468005193561,0.0018714347236231698,0.0018062351566453245
Cu2.1Cd0.9SnSe4,550.0000001957478,143.79999799847877,148.75918264139622,24080.00000000349,21152.944318022022,0.8346000049577578,0.8164779153187486,0.32813953525719763,0.32557254956399706,0.0004979368353531391,0.0004997788119052268
Bi2Te3,572.0000008829786,-75.32000293680852,-130.730692698021,15973.999877524335,16288.372611452207,0.9597999906312346,0.9297307081804166,0.05400694211557567,0.166277701513042,9.062214417563295e-05,0.0002817448674407661
Ag0.01Cr1.99Se3,565.9999997352272,152.40000128849584,151.23584284737828,26499.999917051588,26337.453039363645,1.614200002217932,1.6545414502243656,0.2158116546212001,0.21496144119604071,0.0006216999963668302,0.0006471583571905985
Ba0.95K0.05Zn2As2,322.9999968260349,31.00000112393514,28.778135589271823,213333.01034878494,190433.63505560416,3.732999845069516,3.5482577315783264,0.017738869111406794,0.01729300766424601,0.00020501301807237862,0.0001917870119992775
AgSb0.93Mn0.07Te2,343.9999995227181,71.30000002291686,71.15443986083241,111140.99564746446,97539.30156285208,1.125300009581598,1.0559510988243959,0.172720339669665,0.15845502466563124,0.000565006389511986,0.0005217004525652823
CoSb3.0,623.000001395739,149.9999987321838,99.92998267626561,10525.999883379174,12378.36906128776,4.299999793735016,4.527856807954822,0.03431353597613856,0.03158405309065482,0.00023683500364412414,0.0002275774145153655
MgAgSb0.985In0.015,550.0000001957478,165.44999904566464,178.10394108469004,96036.00436640887,70050.40785201083,1.6731999975280627,1.4622796754211254,0.864136679939223,0.9303984470514356,0.002628861077856816,0.0026104404163106057
In0.005Pb0.995Te0.996I0.004,427.9999997458779,-200.00001011705632,-207.7141916775534,42700.00077176674,40812.99053333287,1.755999997087367,1.6368218485655532,0.41630067974242424,0.4431686818638646,0.0017080000110920404,0.001721635217557692
Mo3Sb7I0.75,523.0000003126531,31.55999995937763,33.20153556359638,511222.04622330674,504602.6555515436,5.908000138680882,5.983160077674986,0.04507593460019401,0.0542954822184719,0.000509194289023882,0.0006227926062983084
In4Pb0.01Sn0.03Se2.9Cl0.06,422.9999965886741,-230.99999030517733,-233.14046395367023,5224.999871923951,4734.554084734724,0.7719999908358341,0.7236996404883604,0.15500000087090968,0.15555566016371977,0.0002788112281673519,0.0002740013967513677
In0.005Pb0.995Te0.999I0.001,377.9999998645583,-254.71998856759643,-264.0462642404737,23016.0000248535,20301.7710985817,1.734199996656184,1.6373505328210904,0.321999997934699,0.326118816301417,0.0014933305174395304,0.0013903454339886652
La0.1Co4Sb12,473.00000175178013,83.99999887481542,66.273104498099,27613.000042838332,25838.402551340503,3.715999862207411,3.873997547022688,0.024800338220602076,0.022826178489232258,0.00019483733119632615,0.00018807354534177152
Bi0.96Ag0.04CuSeO,372.9999967073545,249.00000438833743,230.8987846738185,1564.999832313421,1664.688714438537,0.5699999749904495,0.5305073486856541,0.0634960925833058,0.06955800894727159,9.703156837527253e-05,0.00010086195006454816
(Sn0.8Ge0.2)0.8Mn0.2Te,773.0000063214842,142.00000195134578,139.09371491928997,85459.99979892584,83568.90884773472,1.559999994948877,1.488000575232926,0.853875363660631,0.8939978702212777,0.0017232154237712522,0.0018079032325572808
Cu2SnSe3,599.9999974361742,148.48000063524682,158.9910211936396,13696.999844241007,11959.335094356255,0.8983999857946101,1.2207825423256724,0.20167073405403407,0.11739628115903844,0.0003019683161260819,0.00025406507205854987
Cu2.9Ag0.1ErTe3,899.9999914423054,132.9999982352767,113.70282761232934,35000.00021857488,35132.07128891059,0.6600000122362127,0.6495966858348847,0.8442477040796605,0.8228003028093527,0.0006191149987325165,0.0006211000039811957
Mg3.5Gd0.035Sb2,500.00000031442823,-234.60000587984746,-239.97396599317096,17971.99989650557,18641.496252701185,0.9272000053976527,0.8779472976414785,0.5333950589586881,0.5838723979693299,0.0009891278182078962,0.0010562373556269333
Cu2Se0.9S0.1,519.9999997387774,86.13999998017346,90.54238205767257,65143.000346753295,48681.36926569349,0.6959999987066179,0.6474861020240502,0.3611366704137064,0.4003749587692719,0.00048336754780455433,0.000497463519017597
(SnTe)12Sb2Te3,722.9999958765917,162.50000324115743,154.35364136062788,87700.00291707314,85823.08317625773,1.8799999955169486,1.8519150991340854,0.8779999714975741,0.909016848074569,0.002315828154668881,0.002454021524672018
LiGe3.5Sb2Te7,623.000001395739,260.80001108677055,268.07642399103133,33299.99980309706,30555.004609256648,0.9239999903590431,0.9303560943957015,1.3619999717915716,1.480115809558143,0.0022649540414638805,0.0023494291425030516
Mg3.5Ho0.03Sb2,599.9999974361742,-283.3299923320064,-280.55378673931705,10251.000220867147,11072.10766946991,0.8102000015643881,0.7918036810236954,0.6094111339144537,0.6387508216694369,0.0008229081554342501,0.0008808974660674512
Cu3Sb0.925Ge0.075S4,572.9999988735261,247.77999780578787,255.5300456837276,13637.999861706443,12623.87149302249,0.9600000089021291,0.9233590353621034,0.49976585247217736,0.5126471446080315,0.0008373040169920098,0.0008733355146247829
Tl8.97Sb1.03Te6,385.4999993185776,148.2999998565133,151.35306876543555,33000.000228329925,30210.02250321061,0.5799999828234083,0.5012909908397204,0.475399985047218,0.5486098746661552,0.000725765376377712,0.0007347275229065889
CuFe0.92In0.08S2,299.99999286647017,-381.9999809068791,-405.00786547018134,1784.9998214401387,1607.9633322710424,3.4420000059515745,3.0202608067261827,0.022702586679591675,0.023235926733768432,0.00026047434041840827,0.00022742688842394213
Gd2.75Se4,550.0000001957478,-146.99999475587288,-152.58154512288579,7229.999789194084,7705.9789157810965,0.811300008569,0.7884204690229498,0.10591419863428513,0.11193866361198569,0.00015623307300729897,0.00015591363100783323
Gd2Se2.98,750.0000023619194,-196.3799892379926,-218.87853687300276,20127.000058745325,20346.507988205565,1.2369999939637129,1.2664439877159372,0.47061430523719433,0.48895996965287297,0.0007761998674031341,0.0008771935610818456
Mg3.07Sb1.5Bi0.48Se0.02,299.99999286647017,-275.81999636658713,-274.7348494856624,11040.000209439526,10424.99786759135,0.7972000193385809,0.740688974212105,0.3160636446805386,0.32413787897994417,0.0008398864599423545,0.0007717958725877368
Sn0.97Pb0.01Cd0.025Se,422.9999965886741,350.00000043454895,348.41241986417214,3110.9998919276372,3060.3059383870177,0.7876000160717043,0.8194855587985214,0.20467780820058307,0.2007165406582923,0.00038109749966138703,0.000415336725509454
Cu2SnSe3,422.9999965886741,100.85000067947828,103.92282541349925,12245.00010387288,12951.908429005518,2.0454999872536366,1.8414294486434006,0.025754400298450046,0.029718884436941585,0.00012454049436046781,0.00013284038883166422
Cu26V2Ge6S32,497.0000010609992,49.079999689379605,49.095982507025596,302778.01492315467,301787.24152933335,3.864999933429624,3.7963465186587406,0.09378649547983382,0.09171167975961368,0.0007293456991692644,0.0007110422791799592
Ba0.9K0.1Zn2As2,422.9999965886741,37.04000051319917,34.98082776431033,168420.99657332196,163224.966846954,3.463800117213384,3.3414998926082577,0.028217967855966312,0.02755354290715305,0.0002310671458965442,0.00022445492830761146
Bi2.0S2.79Se0.21,722.9999958765917,-536.0000157946782,-506.23221677869384,418.9999392212101,483.8247817150631,0.4799999762416487,0.4702241566659839,0.1813178923919622,0.17082029723239076,0.0001203770250308375,0.00011439694147296648
(Cu0.003Pb0.997Te)(MnTe)0.03,773.0000063214842,-182.98000431575565,-184.68268582760805,53517.000207783814,53351.69500742248,1.3306999963937203,1.3146279010898798,1.040874488562824,1.0070753257244314,0.0017918391027453924,0.001836290116970923
Mo3Sb7I1.5,523.0000003126531,21.099999384299565,21.976373186172438,422000.0303463182,425434.38160399365,5.129999749953723,5.155789048528024,0.019154098575558158,0.021307199855153468,0.00018787861693055004,0.00021613283938435386
Ce0.75Fe3CoSb12,422.9999965886741,79.29999973880541,76.4962486969181,132190.00265904432,121178.66498017641,7.025000148177067,7.200778107930616,0.0500540257769259,0.04493429512266264,0.0008312754904528145,0.000751339131799167
Mg2Cu3In3Te8,572.0000008829786,290.7000047785012,293.6045307802407,4861.999780847208,4936.712617690232,1.730000000378971,1.6797544086435694,0.13584852946951306,0.14119958748775308,0.00041087055080159837,0.00044252892935413946
(Cu3SnS4)0.895(Ga2Te3)0.105,797.9999904167846,180.79999631758196,153.3955410768245,29627.99991529083,45840.83181071483,0.8314999898063655,1.2887731981475805,0.9294795615057433,0.7013422159524505,0.0009684990245130397,0.001166446551130156
GeSe0.6Te0.4,430.00000100875945,70.80000022411448,69.31303612086138,168519.00393386823,161771.54894235026,2.635899945206989,2.5364318833086066,0.1378018072373751,0.1454603324230098,0.0008447250680659209,0.0008760869852888819
Ge12Sb2Te15,623.000001395739,237.9999985420083,241.71734569655473,51699.99856479961,42591.17242517111,1.5299999978667262,1.4446540842562727,1.194999988737565,1.1522054630844094,0.0029284947567396057,0.0027930929625556472
Cu11.9Gd0.1Sb4S13,724.0000070716053,138.50000115844125,135.00781934014125,64592.00032547578,64562.31382284116,1.3679000008431275,1.3738529949336078,0.6557865127175797,0.6602802494952933,0.0012390198466320584,0.001330163130773009
Li2Ge3Sb2Te7,623.000001395739,248.60000396228543,267.2549855298765,26939.999929657617,24214.614619965574,0.7820000004061571,0.7870650823225599,1.3264203097012377,1.3536986737027126,0.001664944835560403,0.0018231356925700393
Cu2Se,671.9999953638313,94.00000072096401,152.0380449873777,151351.002747749,51987.15599043055,2.4720000495281877,1.171691739781957,0.36354804738710966,0.7382623679905562,0.001337337484630158,0.0013468144203395906
AgBi0.99Pb0.01Se2.12,400.00000319268224,548.679980772599,531.1593727533752,379.0000884035783,371.59186318772447,0.5312000238828267,0.5369596649381891,0.08591705967877604,0.09291233531446035,0.00011409784797523043,0.00013319298033625032
Er0.01(Bi0.23Sb0.77)1.99Te3,299.99999286647017,241.24000081900934,241.52356192054538,57647.00030157552,50995.441478555855,0.8619999794658708,0.861764154992419,1.1675871474565982,1.1341020525593,0.003354867559355926,0.003243884888755535
Ca0.2BaGd1.8NiO5,796.0000102810488,149.9999987321838,124.79181832054277,272.8755792595975,363.75768759918185,1.6286999922993324,1.6218944412644634,0.003000675655904109,0.003697243207626743,6.139700828762079e-06,7.789714613277332e-06
Bi2Si2Te6,773.0000063214842,100.99999937172254,76.49750489854375,8888.999909972788,8262.880985014039,0.7409999857214887,0.7244270133812645,0.09459255094819913,0.18968145207907358,9.0676681963931e-05,0.00018047140399386142
Ce0.2Bi1.8Te3,372.9999967073545,-141.20000618842195,-124.70887301172257,84082.9963864362,86883.93060040577,0.5769999800466927,0.5784795333343836,1.0837038597865445,1.1065057703317966,0.0016763997886378294,0.0017719982469776392
Cu2SnSe3,299.99999286647017,181.14000431085753,80.1957067185011,1717.9998533757112,16379.966122022608,2.9054000588023134,2.6662444223194997,0.005820592114698008,0.011311772821389737,5.637049490361546e-05,0.00010194183561560666
Cu0.99Pd0.01FeS2,299.99999286647017,-395.9999840784972,-367.2061522294663,5233.000192110563,4936.5691121857135,9.19999928658585,8.204555761508809,0.02675928510093407,0.027093276048308385,0.0008206181272384925,0.000750610367261632
Ba8.02Cu5.04Si6Ge34.93,716.0000020200793,-130.2000003420928,-136.76721111735975,47499.99925627712,46722.50935903443,1.329999996068054,1.3411701937488085,0.43399999589340704,0.45296077701260445,0.0008052218950826252,0.0008767647556819482
Cu2.88Ag0.12SbSe4,598.0000014550791,350.00000043454895,368.5454576566662,8000.000335116503,6945.446528785964,0.8500000052115181,0.8264554440372124,0.6699999760674963,0.7062013778197689,0.00098000002045085,0.0010361235567954749
AgBi0.9Sb0.1Se2,500.00000031442823,453.1299978689723,96.02345683998706,178.99998162051406,959.1809546254332,0.40199999358321986,0.3897212273852252,0.04000000117516081,0.08132649908563495,3.675349451578473e-05,7.057392167674407e-05
NbCo0.98Ni0.02Sn,803.9999942054292,-177.64999951912785,-191.35574626508873,47337.00002502618,49965.6299522688,7.250000149473435,7.149104901350461,0.16567203131480918,0.18723829575533774,0.0014939330684658589,0.001640552866193299
GeSe0.65Te0.35,775.9999976522336,123.05000084496041,110.90156842833963,86194.00400644408,68664.65085610111,1.6067999981255308,1.4658825482605147,0.6302896704720276,0.39472334701079137,0.0013050893929943085,0.0007654155555015701
Ag(Bi0.8Pb0.2)0.7Sb0.3Se2,477.9999996271975,291.79999127489157,282.46808030500205,1777.999992139779,1766.8925475811502,2.341918384754926,2.787510924877952,0.030900001533522004,0.024268816467233528,0.00015139179103566876,0.0001550429806492457
Cu2Se,333.0000031404426,85.10000004645845,96.9569702055239,122499.99373134694,90753.69463785998,1.0639999949791579,0.8256611534829396,0.2776500897666788,0.3482328133430865,0.0008871462278973939,0.0009092350363726825
BaBiTe2.9Se0.1,372.9999967073545,-170.99999683858903,-174.73584655165905,4498.99996763384,4488.548364192475,0.4090000019372459,0.37967854825643454,0.11997582288296867,0.1467516200662662,0.0001315552640569269,0.00015135344312177217
Cu2.7Ag0.3ErTe3,799.9999916796662,116.99999880349961,115.476807371589,43559.99874962899,40120.17851862278,0.6600000122362127,0.6454909197158056,0.7227791914810184,0.774328448065053,0.0005962928426940442,0.0006299948236370049
Ta0.84Ti0.16FeSb,303.99999539223325,105.00000069719206,108.21761734382198,409100.0220142246,379163.5092591215,5.493000237418641,5.546291061080863,0.24961579313352034,0.25314164656872307,0.004519999914784341,0.004769796732517411
Tl4PbTe3,473.00000175178013,94.99999885104349,92.9703732558122,27500.000051094972,27203.902138160032,0.7300000020306586,0.6865241104674553,0.15599999998258623,0.16351214212082116,0.0002481874945948219,0.0002464878390676708
Cu3Sb0.997In0.003Se4,322.9999968260349,252.00000171362643,248.6603251207209,5599.999935174263,5341.1604389496515,2.4799999428299344,2.4424454466148453,0.04999999921449107,0.0513100499872808,0.0003699999992908448,0.000382058938039057
Ba8.03Cu5Ge40.97,809.000007926206,-162.9999883175489,-173.69383317328237,27309.99990013137,27705.694499528505,1.4880000015107462,1.3997434402731208,0.39900000201501384,0.4429213799581898,0.000725599396986492,0.0008094037883670083
(CaZn0.4Ag0.2Sb)0.87(LiZnSb)0.13,472.00000112033933,147.0999985783573,152.66142623895556,34301.0004127937,28735.996001182357,0.6932999898134654,0.6314750180139435,0.5053042399454023,0.5292706132270174,0.0007422191092058534,0.000723232702424315
Ti0.97Mn0.03NiSn0.97Sb0.03,497.9999990515467,-128.43000051134806,-126.87719441961778,141722.00593838817,149485.70530232738,5.456399875247025,5.3163473996325,0.21335036125351403,0.21799899999458966,0.0023376001225702265,0.0023092043950283902
Ti0.98Mn0.02NiSn0.98Sb0.02,697.0000005862776,-153.70001069739556,-158.18692810017973,152317.99319112682,151178.11365767222,5.5599998745228545,5.471170061793061,0.45108350741434927,0.4638764092465774,0.0035983128816116355,0.0036624253452702217
CuGa0.97Mn0.03Te2,424.9999978515556,198.89999505108156,203.22613038598448,23250.00001475131,19315.57694837764,4.162999884617783,4.029313200427193,0.0939020454022359,0.0912488933031772,0.0009197981385304656,0.0008636872489881987
Ag0.01Cr1.99Se3,511.99999996903773,143.19999735940075,146.35420810949108,28600.00005430836,28113.944702234177,1.606700002242817,1.6421874234029734,0.18689050447977398,0.19655832449480876,0.0005864784641316199,0.0006282940122581487
Cu2.94Ag0.06SbSe4,598.0000014550791,355.0000116303001,364.75304364983555,6667.000358505701,6178.455632076152,0.9600000089021291,0.9364070914882492,0.5233800118913746,0.5249909957772101,0.0008402086869510191,0.0008771664963540366
GeSe0.85Te0.15,630.0000005340378,36.69000014040366,31.549257674447997,53358.00154005272,53474.66884672276,1.6845000042270895,1.6083065822275804,0.026863616398441655,0.026522075217345994,7.182819614488e-05,6.920643999041564e-05
Bi1.94Nb0.06Te3,477.9999996271975,-115.07000271749399,-107.84869832193237,63528.99842450505,71555.53650062179,0.8520999854291057,0.845648733840625,0.4718821890024954,0.49105427087882947,0.0008411941391179541,0.0009098523000515244
Ca5Ga1.8Zn0.2Sb6,424.9999978515556,72.29999962052162,74.40786339013181,47699.99886530737,38206.71789172593,1.6400000024040817,1.5081568514883883,0.06461599843858251,0.059472506702194686,0.0002493417387601513,0.00022052837868566803
FeNb0.9Zr0.1Sb,500.00000031442823,157.50000378560838,157.80301840203887,244186.02283879803,226627.85101983865,9.55930076655847,9.259565919830303,0.31682962589831626,0.30676799239225855,0.0060573391603246825,0.006072416750751901
CoGeTe,824.9999969021123,-73.69999592820696,-77.10168426865164,18599.999955925,20489.32193182918,6.18939986539654,6.093806522964154,0.01346645661839465,0.020451945674391774,0.00010102942532101593,0.00014904825046990376
Cu5SnSbSe6.79,572.9999988735261,56.44000008104581,53.12555740160742,260344.97818620235,282736.6387291321,3.8190000398875115,3.9371728636973264,0.12443089082470599,0.11763358772104185,0.000829322129644478,0.0008346559489387733
Sn1.03Te,523.0000003126531,48.72000033320048,46.44421058272577,286957.00519625086,318169.34421876125,6.283000134567487,5.874258936035471,0.056697775691274564,0.06066821114834088,0.0006811321611831319,0.0007119412943129729
Cu2Sn0.95Fe0.05Se3,623.000001395739,103.61999864030254,100.07515321039259,75676.00004139455,77735.87092585374,2.020699995273444,1.9968953923252932,0.250513741059866,0.24014988172524152,0.0008125411158905845,0.0008256558442973628
Ge0.55Sb0.25Te0.8(AgSnSe2)0.2,322.9999968260349,167.6999970396314,181.51915413796416,34838.99949738035,31951.484120057085,0.7570000081079293,0.7409322264748679,0.42668428009506193,0.48359104751980175,0.0010000000139177402,0.0010902145064061344
Bi0.9Ag0.1CuSeO,422.9999965886741,200.00000502787614,199.52026514910057,2078.999843939385,2004.7812815747532,0.5500000234432026,0.5122310799369268,0.06395759791940325,0.06862785497891491,8.316000016687741e-05,8.568718484593514e-05
Ba8.02Cu4.98Si35Ge5.99,665.0000015073189,-89.99999861457357,-93.93122877113976,95349.9969867849,100153.9239152056,2.2529999914688505,2.2077447004109825,0.23859999744736848,0.24845988144288972,0.0007723350021275762,0.0008358993721879734
Sn0.98In0.02Se,422.9999965886741,439.9999906344314,424.7163137642272,46.00000346918584,72.45662210092704,0.7160000135561129,0.84142930446746,0.005261268861217587,0.006285927287175485,8.905599020371399e-06,1.2891855220224188e-05
Sn0.91Mn0.09Te0.99I0.01,890.9999963229113,219.0700027400165,204.71039717780306,51281.99959900545,49519.05120293574,1.5953999922982962,1.575559764134047,1.3744816015620311,1.3154566477022667,0.00246110867563548,0.0025024899675575264
Ca14MgBi11,913.9999791553303,85.96999891858619,72.56211284032997,33332.99959149817,37122.93133740109,1.3999999995325034,1.3305126820477844,0.1608371674099459,0.2232935078909311,0.0002463588979650796,0.00033480961337291424
FeNb0.9Zr0.1Sb,799.9999916796662,209.2999943882316,210.04802136559957,126399.99786133833,113965.35536340126,7.525000312001699,7.2137378338075155,0.5886660699841135,0.575403014531084,0.005537140801272371,0.005659740775913569
Bi0.9Ag0.1CuSeO,523.0000003126531,266.00000488524455,258.47639028537895,1900.0002135003656,1957.567855398949,0.5200000265385516,0.45575827720389633,0.13521199315201377,0.15419123161055634,0.00013443639999248468,0.0001389891813257038
La0.2Ca0.8TiO3,537.9999999995489,-92.00000074483361,-99.83842886424907,118799.99594783914,117396.16541598135,3.410000153394885,3.40863075933648,0.15864266391271728,0.15398222655235314,0.0010055231881933484,0.0009935676838747614
Cu5.133Sn1.866S7,616.9999976070943,53.98000013905958,53.471458976341665,245652.02215564356,264229.77469610015,3.6375000069409658,3.6979345652604096,0.12141384844733402,0.12193204294808845,0.0007157907217486907,0.0007365003683912898
Ca5Ga1.9Zn0.1Sb6,773.0000063214842,152.89999888601034,152.97874042155465,23179.99996575726,23131.636001182374,1.0819999896496875,1.028839409371523,0.38499999138723656,0.44023580697331977,0.0005419115449449739,0.0006057720136481042
Mg3.5Ho0.04Sb1.97Te0.03,400.00000319268224,-210.9199947458112,-215.03613308559244,24309.999994475613,23117.71552149167,0.9921000101095151,0.9308030563705059,0.43603867094014764,0.4503912956522373,0.0010814849821251071,0.0010570255668949872
ZrNiSn,971.9999946517489,-151.40001118264703,-153.85648411110284,96110.99464296304,92012.59482000682,3.95119988295894,3.8041436876233123,0.5419536176601462,0.557400493790869,0.0022030524364920682,0.002285159827965018
Mg3Sb1.9Bi0.1,331.99999194542886,277.9999941864005,255.39125301439628,302.0000085204235,432.39023388570274,1.3199999994035478,1.2820774802653165,0.005870304731218285,0.0064834164011417245,2.3339767905781953e-05,2.6069270784286396e-05
GeSe0.95Te0.05,430.00000100875945,595.3500078823278,586.936556403821,55.01199710890391,50.98429197126995,1.4223000001176118,1.5548085957134974,0.005894940164553296,0.004810688849892813,1.94985397014146e-05,1.8297185187136884e-05
Al0.01Sb0.1Ge0.89Te,572.9999988735261,241.12999512524905,237.7342942878799,46104.001212850744,46224.39845946887,1.379499998080901,1.4017805401693828,1.0669000441935081,1.104257316095196,0.0026806559277359238,0.0028585709020975065
Ag0.02Cu1.955S0.5Se0.5,771.9999951264705,206.29999706294262,220.67702508508563,23088.0000248874,21889.05979650236,0.7608999907486783,0.7317213848547063,1.2109107250340225,1.239936260632182,0.0011934999615375935,0.001228463899335757
(Cu3SnS4)0.85(Ga2Te3)0.15,331.000001877561,78.78999948909416,73.07341625247531,58519.00127136759,52923.0182487758,1.7802000049803461,1.759776504563252,0.06754579232107784,0.06554962823605516,0.0003632779976157873,0.0003594617477384671
Cu2.2Sn0.8Sb0.2Se3.2,523.0000003126531,74.99999956132213,75.96812744525177,146800.00581606745,163579.4119737399,2.7999999277443233,2.897937337687739,0.15423830301294353,0.15305618236971005,0.000825750009889485,0.0008632391836102107
Bi0.88Pb0.06Yb0.06CuSeO,446.0000005482388,132.5700015928365,136.29246747550238,30967.99981785142,26927.582312826788,0.5732000068992811,0.5350371133811995,0.42347946741802034,0.4543004651768592,0.0005442565583115939,0.0005477596372546544
In0.015Pb0.985Te0.994I0.006,377.9999998645583,-201.59998834086014,-211.41836632533364,30470.00007568507,31472.591138346917,1.734999996979017,1.6273721268065693,0.2698024111258128,0.29591052634109066,0.0012560000409588272,0.0012830852190317138
Cu2Se0.96S0.04,333.0000031404426,97.03999984988852,102.59126343051102,112837.99365342312,100666.5466344005,0.8160000156386559,0.7863156603371638,0.43362172944099114,0.45553220347673484,0.0010625685494385828,0.0011251985039981436
Yb13.6Ce0.363Mn0.99Sb11.05,773.0000063214842,161.5899966952931,159.80623734767673,21626.999941463273,21077.930943813517,0.7844000062152224,0.7586909332726544,0.5565025335461717,0.5959796370388659,0.0005647096898769808,0.0006069120869152616
Ag0.97Cr0.95Bi0.05Se2,303.00000532436536,87.91999952806445,93.35348246608004,21363.999947071323,19584.22854786654,0.5356000215026214,0.49550277942542176,0.0934243284915466,0.09974089270836844,0.00016514214800712786,0.00016131044171748105
Sn0.95Mn0.05Te,720.0000045458423,112.69999715849107,111.55103640900346,169231.0058041172,164253.39718417003,3.460499828118151,3.3667988743298998,0.4472201906058484,0.488469441730288,0.002149452050335656,0.0023775777408545327
Li0.03Cu1.83Bi0.02Se,606.0000012248188,60.72000009047396,62.236208119977015,171263.9996334935,162168.58996006355,2.0893000221001956,1.9753155371719544,0.18314768295548542,0.20777400628173404,0.0006314363970446343,0.0007011086878082022
Li0.03Cu1.85Se,602.9999993304965,51.580000150916746,52.8135439202605,232691.98220376347,221480.8665296437,2.6269000492042314,2.6683372063754622,0.14210779402388185,0.14832152317356603,0.0006190762265992917,0.0006647406112938539
Ag8SiSe6,343.0000094548502,-145.4899934410316,-156.2670763297171,79144.00221781881,55045.12924842064,0.7379999853010789,0.5694715839450023,0.7786136779518914,0.6578282004540872,0.0016752679275005334,0.0010610247844365323
Ba0.11Yb0.08Co4Sb12,299.99999286647017,-106.99999911148066,-107.8356901779957,211500.01453969575,184554.4490021717,2.3799999621255585,2.2496274263944462,0.30000000025452156,0.302186985951038,0.0024214635716941265,0.0022989582355537382
ZrNiPb0.995Bi0.005,474.9999977328752,-209.0000020929233,-200.11757650097474,101910.00292769537,110342.45064081623,7.123999873280174,7.5652584758817145,0.2968103711069333,0.2547472159352119,0.004451530753285543,0.004137421158256585
La0.1Co4Sb12,773.0000063214842,101.60000001080053,107.51866734631972,24867.000030339048,28298.518220376583,4.499999930001808,4.364243950278882,0.04409382822797711,0.06114552237579848,0.000256691099176768,0.0003659656245228325
Ca0.99Yb4.01Al2Sb5.84Ge0.16,660.9999989815558,159.35000135352314,158.711604383448,3784.9997740738822,3812.295535411533,1.020000008126653,0.9502660914342244,0.0897000019790542,0.07699028123822213,9.611032122786375e-05,0.00011008342932909954
Bi0.92Ag0.08CuSeO,473.00000175178013,221.48999886051996,226.0861823243316,1674.999935001443,1826.8776364363066,0.44499997834498395,0.40464890215440386,0.08734221328025414,0.11553346780391707,8.217184536273235e-05,0.00010389050386613552
Ag8SiSe6,473.00000175178013,-110.07999417393964,-114.21026771705996,39318.00048122421,34714.71401822443,0.46360001150332003,0.4559619390693117,0.48610038095953617,0.5019519133541981,0.00047644004781659184,0.0005118383903476391
Mg3.07Sb1.5Bi0.44Se0.06,500.00000031442823,-312.6900071679407,-314.5738869591417,9022.00001145962,9346.339585809223,0.7402999904206999,0.6899541622556125,0.5957897896843365,0.6474185529371204,0.0008821263761073214,0.0008941153904093137
Cu2ZnSnSe4,473.00000175178013,144.7999990636088,132.1643658697722,16499.999830895624,19075.489118392466,3.7602000117477696,3.2730213738236853,0.04351823578022388,0.047543002676917974,0.00034595616176959096,0.0003345386276894225
In4Pb0.01Sn0.03Se2.9Cl0.06,322.9999968260349,-199.2000092649523,-216.52260703540747,3050.0001255262982,2925.1836941700835,0.9440000048820123,0.8579024547587875,0.03799999823558824,0.042199551913228314,0.000121025947224289,0.00011344076015806568
Cu3Sb0.997In0.003Se4,422.9999965886741,283.9999888369785,286.9399232882784,6200.000364156221,5542.098899674005,1.6799999916371005,1.6910283725629083,0.13799999877957722,0.12438600169476323,0.0005130000001513067,0.0005010236889571868
Bi1.94Nb0.06Te3,505.0000008307388,-115.60000240149776,-105.63759561755236,57077.999134276746,66214.6923947874,0.846699990804825,0.8565011020814417,0.45493174154502736,0.4647505484522314,0.0007627538576891921,0.0008257914757158499
Cu2Se0.7S0.3,425.9999984829964,50.99999967989387,55.67613685511756,140856.99963677704,136365.28180283343,1.3893300009786451,1.2001766841226793,0.11233703753205693,0.13664508989616966,0.0003663690600408532,0.0004062910308083462
BaDyCo4O7,368.00000411372355,142.89999997491228,128.52907098776484,76.99998521167942,99.81612243611595,0.6130000143568402,0.6566926270649389,0.0008000000142850108,0.0007935466195975458,1.501999781985056e-06,1.4184478452323831e-06
Cu0.98Pd0.02FeS2,299.99999286647017,-306.869989815692,-277.2825907453127,9304.999770254824,12505.935740638895,7.38599995614563,6.600547133887129,0.035590753165487675,0.035603778193876064,0.0008762443569995715,0.0007701657574984965
Sn0.8Ge0.2Te,572.9999988735261,67.59999975074896,65.93572484257055,255999.9711962245,273125.360196352,4.367000042401965,4.34777183545721,0.15349872960197242,0.14363963244113728,0.001169858532050414,0.001126193391177902
(Cu0.001Pb0.999Te)(MnTe)0.03,722.9999958765917,-237.18998838668557,-232.75414086307507,31506.99964142955,33592.23762877933,1.1493000037301475,1.117405972259423,1.115076489064705,1.0687844117903944,0.0017725554216778167,0.0017369144957827955
(Sn0.8Ge0.2)0.82Mn0.18Te,299.99999286647017,60.29999995496847,64.09804788300646,169299.99386875922,152944.27432493542,2.1339999957744484,1.9452821779676843,0.08550000067820598,0.07971148729650047,0.0006155900332298483,0.0005185689790332533
Li0.03Cu1.81Bi0.04Se,606.0000012248188,107.70000063799259,105.90297486199316,70115.00267093125,76078.21247225312,1.4280000000770796,1.422373892745521,0.3451332144109581,0.36332683395235277,0.0008132842265969693,0.0008824202476982302
Ag8SiSe6,297.99999160358857,-162.4600094617526,-164.4010875176281,42389.99947241102,54480.677272555346,0.554000024368501,0.5779242867360882,0.601814724578972,0.6095104402530679,0.0011188098846038332,0.0010971670872712562
Ca0.25BaGd1.75NiO5,579.0000000212775,163.9700056874137,147.43503459603974,131.27202525863774,172.42469146439845,1.2996000014902491,1.2706737018463417,0.0015724240417710415,0.0018947585083513492,3.5293997518635968e-06,4.172874903153016e-06
Cu10.5Ni0.5ZnSb4S13,616.9999976070943,220.9999980451012,231.1083707618664,10589.999791384551,9256.712572648847,0.5010000173018253,0.4712343908179851,0.6369831444112892,0.6747008989846167,0.0005163999997196293,0.0005283320009143325
BiSb(Se0.98Br0.02)3,500.00000031442823,-173.00001070905117,-176.14706580595612,16701.999853364126,16906.730256419716,0.5799999828234083,0.5435540242029949,0.41999999086634054,0.457113954271777,0.0004998741579482349,0.0005173139676172908
Ag0.02Cu1.955S0.5Se0.5,672.999995995272,180.9799970963155,197.8567959122919,27573.999877403312,25370.30236388348,0.8283000102243885,0.7757821337892895,0.9140710015190123,0.9757693831644709,0.0011249999712149986,0.001168653521567145
Ag(Bi0.85Nb0.15)0.9Sb0.1Se2,326.0000092839301,-70.99999598740644,-80.22503589749874,47661.000557005405,38465.749030965955,0.6609659556429739,0.6895066380266939,0.11850000064925623,0.11610998207686547,0.00024025909589461936,0.0002441039098117382
MgAgSb0.98In0.02,500.00000031442823,175.2699971780292,182.00188776827753,71171.00205102214,62078.05172647885,1.4468000010273385,1.3429386390305176,0.7917999992453895,0.8022289219045388,0.0022944999815972603,0.002228645923648786
Bi1.94Nb0.06Te3,425.9999984829964,-107.14000102162919,-105.48793152106825,72352.99990282813,76733.21394314768,0.8611000113136703,0.8239224484287933,0.41088078817488033,0.45623114603724824,0.0008305385928188042,0.0009417743382468648
TmCuTe2,818.0000030455999,179.69999808098947,176.8819856285904,19177.000074632393,19715.55366557716,0.6939165839138588,0.7198832879705181,0.7299999921075363,0.7703552611257564,0.0006192654150100613,0.0007121861529035631
Al0.005Sb0.1Ge0.895Te,672.999995995272,247.59999702705434,244.7487245820808,57030.001164683854,53894.6994464792,1.4699999996511541,1.4813205069373294,1.6006722372346278,1.4984275328660661,0.0034962673702888174,0.0035703412573446255
Ba8Cu5Si25Ge16,465.00000198204043,-75.50000371554202,-75.96906001039852,100000.0016817545,97918.34145679286,1.8699999787052397,1.8205581996676978,0.1417441848347289,0.13916676119163818,0.0005700250002530989,0.0005551380013578603
Sn1.03Se0.12Te0.875Br0.005,822.9999956392309,162.99999496857086,154.95350698738162,66666.99733554387,74146.8583810382,2.2000000102098847,2.04392833117648,0.6626180934867746,0.7475599940570812,0.0017712755333742565,0.0019219642370875522
Yb13.43Ce0.44Mn1.07Sb11.07,372.9999967073545,64.6899998797762,69.10327099473132,41057.00011889652,35832.65679390175,0.7311999917112787,0.686094247264751,0.08764641465958706,0.1012177954154949,0.0001718151709969599,0.00019268823094391432
Mg3.5Ho0.02Sb2,299.99999286647017,-194.3699961957379,-216.3295746323331,11238.999939681842,11254.254353712773,1.2494000033534887,1.1753163393365174,0.09799999905952661,0.12853513778641193,0.0004246060151934921,0.0005139914423078944
Ag0.01Sn0.99Se0.9S0.1,813.000010451969,310.6799972963037,335.1163592110031,2689.0002475551414,2209.54369131877,0.1807999998387699,0.2117522396465991,1.1671039595838253,0.9864734000769753,0.00025954782852200095,0.00026884223694725575
Hf0.5Ti0.5CoSb0.8Sn0.2,376.99999923311753,194.39999906314807,200.75364382185217,42149.999729860945,32932.163449701235,2.5119999584784227,2.460719154295935,0.23906269466435232,0.22119946699905899,0.001600000073623857,0.001556136018360414
Ag0.01Sn0.99Se0.9S0.1,666.0000021387596,410.25999241704073,395.8116074464799,836.9999095060159,778.7839099937821,0.236999993320249,0.19961939887527066,0.39588559117058253,0.4175978373801858,0.0001408782086688242,0.0001345905127521463
CoSb3.0,322.9999968260349,-223.99998871936828,-234.08071326016704,3570.999886587078,3765.3346712158923,6.9000000679383815,6.852762763770358,0.008387630571304453,0.008510667569028116,0.00017917849694860138,0.00019335667165145027
YbSi2,425.9999984829964,-43.599996153349274,-26.92752381487599,671200.0221109323,717202.3791248348,9.500000215135676,8.50598953060768,0.05721513409712184,0.0537437749477607,0.00127592432247184,0.001109083450882586
Mg2Zn1.04Sb2,372.9999967073545,317.75999661928273,288.12993365443975,596.0000367811272,693.3798968741891,0.665900006054372,0.580458515384185,0.03370889545098365,0.04018501521068213,6.017895925522312e-05,6.363437381963766e-05
Li2Ge3Sb2Te7,572.9999988735261,247.4000026841294,262.86717891329556,26944.000021485856,24812.27769626243,0.7814999839678011,0.7932145977891794,1.209169262285897,1.2414224011977248,0.0016491549008157524,0.0018058632076816176
NbCoSn,879.000009872768,-228.52999266389207,-225.25407710863993,35029.9999623551,46689.786560354034,7.6430003676345875,7.6870389387888665,0.210402836048496,0.24754574837082022,0.0018294753672104726,0.0021300863690198175
Cu5Sn2Se7,598.0000014550791,44.20000050839871,43.261849763028856,302199.98982022307,336648.32232927973,3.8560000291349934,4.034457504929346,0.09155944812083433,0.08977554739104686,0.000590390010915477,0.0006173925175851497
Ba8.03Cu5Ge40.97,660.9999989815558,-166.80000997534611,-174.14014869665394,30339.99978410955,29880.949713003854,1.2799999995431435,1.2469658316082133,0.4366999965473022,0.43699946717494925,0.000844126777880168,0.0008455158141422384
FeNb0.86Zr0.14Sb,400.00000319268224,117.96000100004464,118.82702666598831,354263.9608731697,346127.6429687001,9.644000572719655,9.44422196063177,0.20445575590820272,0.2068999936689988,0.004929428459914365,0.005210959914925573
Ba0.95K0.05Zn2As2,722.9999958765917,86.00000100507546,78.86941608625975,72699.99860715147,77551.15621603819,2.4035999419298095,2.3784050559112404,0.16173626719849454,0.17713029620967466,0.0005376892009825479,0.0006112762372032092
Sn0.96Pb0.01Cd0.035Se,572.9999988735261,390.67000941329553,397.0094837480542,2698.000049193497,2176.8872021782427,0.41490000028043866,0.42367528116168873,0.5686869412261534,0.5277620458120559,0.00041177698449933176,0.0004088066266558334
Cu2Zn0.2Fe0.8SnSe4,572.9999988735261,245.37999524947583,241.0353808364535,3355.9999642352936,3986.8089848859395,0.9331000052745925,0.9989034393350688,0.12408712044043885,0.1386615967538117,0.00020206928048436727,0.000248262012842231
Bi1.2Sb0.8Se2.76Cl0.24,700.0000024805998,-187.99999733549612,-191.38432191702177,15900.000115846635,16541.366077883686,0.5699999749904495,0.5528709374527073,0.6901381166762721,0.7323887524335517,0.0005619696007191088,0.0006049587895790327
Cu7PS6,672.999995995272,281.5499965000868,291.32735421839186,501.00003796983685,584.9471114355009,0.2068999976636349,0.20550094867012217,0.1291824025379601,0.15694609977164964,3.971447065607944e-05,5.0209493257849916e-05
BiSb(Se0.92Br0.08)3,500.00000031442823,-162.9999883175489,-161.28582488803403,20849.999849939497,20378.17644045666,0.5300000159487916,0.5095937583209214,0.5226072073629142,0.5425476772117669,0.000553963651079177,0.0005707393533589661
Zn2Cu3In3Te8,423.99999722011484,159.0000024482529,146.3815099494953,17900.00024780964,17707.89065234134,2.4519999642926824,2.3316044575626287,0.07825149811575316,0.07141016129670599,0.0004525299008296718,0.0004087600751954254
AgBi0.95Pb0.05Se2.12,350.00000331136266,334.000006872873,343.9367730554125,4264.999929971075,3002.8969006459074,0.5879999718881822,0.5575128048421457,0.28320615016069417,0.25999846582468944,0.00047578634068072204,0.00042080920110066256
Ag0.01Sn0.99Se0.9S0.1,322.00000675816705,300.8499965117424,265.04989380897626,1504.9998720657886,1667.998226548478,0.3315000147972375,0.3037961084351478,0.13231493597940655,0.1601222474521008,0.00013621863834708598,0.00015698510164977977
Ca0.25BaGd1.75NiO5,485.9999993969372,212.49999779664765,180.5779186544902,72.46174000813073,96.90086775895135,1.2738999967194937,1.2751292799293463,0.0012483246770836033,0.0014257378168056533,3.2720998682122685e-06,3.7321126582956825e-06
Ag8SiSe6,473.00000175178013,-113.70000331280124,-114.21026771705996,35006.0002137715,34714.71401822443,0.4410000174556387,0.4559619390693117,0.48538456458674367,0.5019519133541981,0.0004525467147253774,0.0005118383903476391
YbCd1.2Zn0.8Sb2,350.00000331136266,89.27999921561096,97.02119498116059,125000.004823832,105068.3399208906,1.6699999911745915,1.5877610124880066,0.21999999868212497,0.23343724773376295,0.0009963648000379313,0.0010610120395278158
Cu2Se0.88S0.12,650.0000025992803,217.32999912565995,222.8521792906082,19622.000071131544,17018.78796974945,0.6440000042283321,0.5763194020225068,0.9354274982256356,1.0410310719572695,0.0009267927420467595,0.0009399722667583004
Cu3Sb0.997In0.003Se4,572.9999988735261,288.4000052637527,289.7161054005635,8410.00006758544,7738.880109536134,1.1150000106147782,1.1232705376332943,0.36399999150644924,0.3553797377109015,0.0006994980516017718,0.0007172800347685639
Ag2Se1.03,331.99999194542886,-140.42998981250403,-137.51244392662576,118530.00635466102,126094.19533209731,1.065999992776616,1.0429531215971917,0.7279959267618288,0.7605031425685569,0.002337480981898864,0.002411719058185544
In4Se2.32Cl0.03,623.000001395739,-296.6999927780572,-298.6991378735633,12000.000284137253,13394.7731067799,0.7379999853010789,0.7544539440186497,0.8917600488396884,0.9203272510937309,0.001056370657198181,0.0011279099153956678
Ba0.97K0.03Zn2As2,722.9999958765917,101.84999880955777,97.12813648217048,58182.001579160715,58877.49444221885,2.092900019133072,2.1103051355995643,0.2084973454654875,0.2171957323006084,0.0006035464685605916,0.0006631612423890682
TiZr0.005NiSn,422.9999965886741,-159.9999909922599,-162.14520768240482,51076.99936938985,53755.321563956364,2.6700000204892564,2.643362130155183,0.21889999998372453,0.2079180143990191,0.0013075712471869304,0.0012871347127209499
Ta0.92Ti0.08FeSb,569.999999620097,194.79999948920008,199.29669648034096,144599.99149254564,131260.07050497248,5.04999981894925,5.110929388565872,0.6269999785070937,0.6140501975012232,0.0054871422881555415,0.0057329877797113096
La0.2Ca0.8TiO3,320.99999556315333,-52.000005100441406,-53.593972340765454,339247.0305409667,252195.87755278862,4.272999804384911,4.116767602562959,0.06891199912314339,0.0680173899872683,0.0009173239048200962,0.0008892892785761128
NbCo0.96Ni0.04Sn,803.9999942054292,-174.1200025098351,-189.47273524884378,64141.999195558514,63957.18776892566,6.690499872730476,6.585333683885491,0.23368847089406927,0.25503098278612757,0.0019446426871529575,0.0020695558451566446
Ce0.75Fe3CoSb12,333.0000031404426,65.04999996971794,62.50952589517304,154145.9942188102,139047.1885337452,7.9610000845402284,8.050375635219257,0.027283715024650754,0.024731665230515364,0.0006522691906545383,0.0006028828892841421
Cu11.5Gd0.5Sb4S13,424.9999978515556,98.55000116472978,102.58832250988274,90335.99789712872,86632.76064914167,1.4058999995837484,1.3935523723323424,0.2652214299397161,0.2777727908773449,0.0008773524954004808,0.0009293704381417532
GeSe0.6Te0.4,677.9999991524759,110.15999856213158,115.87782332512343,131343.00057505487,116132.85971227245,2.747600068772202,2.2560856683382187,0.3933063717335806,0.4881639006133957,0.0015938769218946604,0.0017197341751664448
FeNb0.92Zr0.08Sb,500.00000031442823,174.5000042825155,174.41022695698882,196123.98670843846,185436.1257444429,9.525399186825004,9.503241336011175,0.31347894599334714,0.2918454735919668,0.005972024361484387,0.005843034088039832
(Sn0.8Ge0.2)0.88Mn0.12Te,297.99999160358857,50.00000008228911,52.48379392857757,226694.99272055985,213859.1434976462,2.5590000249268674,2.333724794706952,0.0659975705432931,0.05939488671741701,0.0005667375027283581,0.0004677307654106169
CsTb2Ag3Te5,616.00000225744,179.000000270449,210.84636684920622,473.300024178109,562.9424320040251,0.4030000131414421,0.40852198681560825,0.023180255957668705,0.030196248257220455,1.516500732395264e-05,2.197722639687278e-05
Ca5Ga1.8Zn0.2Sb6,773.0000063214842,109.2499978863683,108.11145363120181,35699.999657669956,32264.831621879333,1.262000005896094,1.2145968388339545,0.2609944334735595,0.27763339566392803,0.0004260995831064339,0.00044829101137911165
As2Te3,322.9999968260349,79.20999934943865,93.01665606757598,309.79004043156743,404.3062001082606,0.796199984778729,0.7648919524774399,0.0007885111108047995,0.0003818836383889975,1.943692066440211e-06,9.433896879158297e-07
Cu0.9Pd0.1FeS2,9.999999892960204,-12.999998780977116,-56.41369886267244,55804.00152090773,41495.853414122954,5.469999930382319,12.069532644731217,1.724108972096529e-05,0.00012175030380940242,9.430876109478655e-06,3.138482763391876e-05
Cu1.99In0.01Se,373.9999973387952,117.32999827447736,125.70171333448707,74324.00026033408,66322.31547617026,0.5850000148494324,0.6814301078977069,0.6660000103911561,0.5649658232754144,0.0010231686395491659,0.0010743488405515658
AgCuTe0.9Se0.1,320.0000054952855,171.99999868463993,170.5060462260815,34854.00043906257,29358.05412327564,0.45310000373020853,0.40472274905987565,0.7445999732075699,0.7279375898699781,0.001031120719098925,0.0009617510380866859
Ag(Bi0.8Nb0.2)0.7Sb0.3Se2,477.9999996271975,-224.99999565459933,-212.45169195414974,2818.0003102509595,5703.117529131883,0.4930736014032928,0.6391118204546097,0.13830000070710344,0.1965245856031702,0.00014266125522588013,0.00026640809377187377
Yb13.6Ce0.363Mn0.99Sb11.05,972.9999847196168,196.2499966310628,179.22129133999945,15396.000190964398,16497.861381881965,0.7402600018963196,0.7379042304749108,0.7793917341678875,0.8152575359485866,0.0005929625032081193,0.0006540046808663724
Cu1.875Ag0.125SnSe3,799.9999916796662,370.7099987194823,311.5030089445412,2693.9998764605384,3778.1950792950156,0.32379999882459,0.36189637953273085,0.9147013997587575,0.8532546665486795,0.00037022538280116844,0.0003958418651609492
Al0.02Ge0.98Te,572.9999988735261,93.74999898715623,92.52347952748676,287500.0036695335,291052.773066279,4.333000005393348,4.293811660761593,0.3341537417071007,0.35180756474737895,0.0025268555926713015,0.0026464012828064896
Cu3SbS4,473.00000175178013,603.3000031423841,585.2279813105099,316.2000419404432,335.93441257248503,1.024400004852946,1.0963920047109892,0.05313982322490932,0.05515213715020613,0.00011508759244447506,0.00013233987972476483
Cu0.9Pd0.1FeS2,69.99999552511457,-56.48999843617812,-100.78215327057012,56200.00162813099,66927.8273937363,12.610000627153047,10.063054725128685,0.0009955484174375218,0.0010551826319493865,0.00017934094564703447,0.0001238840366818711
Cu12Sb4S13,724.0000070716053,136.93999832281824,151.60426212975736,63402.99864053572,49697.930037277925,1.3585999997462372,1.1998953978953026,0.6336032537816214,0.6646517924664319,0.0011889687655314595,0.0011519631532012728
Eu2ZnSb2,299.99999286647017,249.9999995833664,228.2208563129827,3230.999927796633,4605.009388291268,0.42999998639610637,0.39216665739400386,0.14088662772004862,0.19465059789708553,0.00020193749061280975,0.00026146282841779846
MgAgSb0.99In0.01,500.00000031442823,202.73000118506488,209.35634735835427,57454.998748975995,45679.66027656566,1.1508000004631767,1.0385964565539425,1.0259684637765993,1.0221241862924795,0.0023613689657529836,0.0021959829346111033
Ba0.99K0.01Zn2As2,322.9999968260349,108.69999876807208,102.57015748216975,47761.000124381826,49372.11130124422,2.3971999420689083,2.247821436362578,0.07603800814019766,0.07440637373284978,0.0005643291703348712,0.0005155448226993753
Ba8Cu5.18Si9.98Ge30.85,466.00000261348123,-101.00000446090269,-104.62341825837586,65699.99887734214,65960.63081912577,1.6799999916371005,1.6464852805596912,0.18590229540031303,0.18376513077616208,0.0006702057005133372,0.0006734614000283054
Cu2SnS3,722.9999958765917,411.0000008363683,426.3559973515633,276.00005841900855,339.9964997811707,0.7919999956086989,0.7907358471678498,0.04256041166386883,0.05450944465249889,4.662219313775295e-05,6.368372050876126e-05
Yb14MgBi11,326.0000092839301,24.31999929195758,27.979346913035553,74111.99704190626,68683.87166118047,1.5384999977486349,1.4225134929388952,0.009288289416905834,0.010014732907546781,4.383446489945884e-05,4.319669955384721e-05
In4Se2.67Cl0.03,572.9999988735261,-179.20001144275622,-183.89369728508217,33332.99959149817,35403.95506867287,0.6180000038180212,0.618153771439695,0.9959999731513293,1.065037139438985,0.0010800000133213451,0.0011930164492779773
Bi0.8Ba0.2CuSeO,318.9999943002718,178.40000550147204,165.616721655813,22596.000053223222,19387.940058204644,0.8865999903980067,0.8771419874955295,0.2696712146513772,0.2495105733616252,0.0007494999922253974,0.0007245237851157084
Ag0.6Sb0.9Pb19.5Te19.1,672.999995995272,-197.99999624659415,-186.6144421630091,27699.999948007386,33791.5074525983,1.7000000001696982,1.903114616830136,0.41999999086634054,0.41967698651773727,0.0010859508204873365,0.0012398666606734444
Co0.95Ni0.05GeTe,775.9999976522336,-96.38000012701212,-103.13040501598616,120369.99850987617,124094.45958507592,5.037999757075759,4.779435776745255,0.1722247896020819,0.1828953306368314,0.0011181294935161544,0.0011613731056362825
Cu3ErTe3,899.9999914423054,124.20000060233468,114.74668420243711,33332.99959149817,32796.11609935403,0.6200000092570349,0.6519916202268502,0.7463944424190305,0.7517967426123829,0.0005141828581631013,0.0005752706476652298
Ba0.9K0.1Zn2As2,523.0000003126531,51.849999851491745,50.09701083984014,127999.99877621263,127515.1585129516,3.1801000129203922,3.03472507354932,0.05659374134388623,0.05511042314470774,0.00034411808118529484,0.00033697347901976327
Cu2Se,374.999997970236,114.57000003079936,106.25432389050593,64784.99987682287,74158.39339069264,0.5400000154078158,0.7993131201653983,0.5905461113741123,0.3886171367877117,0.0008503863724274684,0.0008710320941624654
Rb2Bi8Se12.9935,525.9999995660822,-291.00000725216984,-285.224180020659,4015.000129497999,3500.5970316279063,0.531999993803445,0.5210134718812495,0.3361596880390331,0.2680865432289172,0.000339994212938622,0.00026708546352220474
Ba8Cu5.18Si9.98Ge30.85,663.0000002444373,-132.49999985684133,-136.0130087936825,49305.999042039526,52364.10254230466,1.6400000024040817,1.623054112734016,0.3499461380155558,0.37103738816238907,0.000865628455653978,0.0009393756763547276
Yb11Ca2BaMgSb11,799.9999916796662,169.9999965543799,169.3675753471782,15160.00015966933,15443.584983249353,0.6716999978916539,0.6487306891694502,0.5218091471903591,0.5988812561896304,0.0004381239996275573,0.0005071155267588831
Ba0.96K0.04Zn2As2,422.9999965886741,55.559999840805894,48.8929048935218,100000.0016817545,99018.82749242007,2.4071000123671165,2.480263772583982,0.05424637252082429,0.04693863265603035,0.0003086913618985909,0.00028028258003946034
In4Pb0.01Sn0.03Se2.9Cl0.06,623.000001395739,-249.4999894647289,-259.84040727617634,10334.99981295386,9591.588456050511,0.5679999935863348,0.5487257982720637,0.7149999963217756,0.7038372912662284,0.0006433563403495456,0.0006305390262006643
Tl9.0Bi0.95Te6.0,385.0000042846437,157.69999812853334,168.1904557229324,30000.00007674534,25969.146546095733,0.5500000234432026,0.5162844272622592,0.5222550725151981,0.5461409764332754,0.0007460787022570391,0.0007553098163004789
As2Te2.6Se0.4,372.9999967073545,227.99999963091025,224.77518917543813,1418.0001011780248,1403.0887613352952,0.5369999735806197,0.5560152155391151,0.04900000104698503,0.05355332133459682,7.371330880146592e-05,8.210040665204594e-05
Mg2Zn0.98Sb2,572.9999988735261,241.49999933491284,229.34256218327454,7648.999903778084,7523.747962797671,0.740000014047182,0.7052897190074302,0.3511999972908669,0.3191123497735219,0.00044610688931185906,0.00040697653220177996
Cu3Sb0.998In0.002Se4,473.00000175178013,324.4999996891883,316.53396731305133,5200.000241985793,4778.236075361216,1.3759999998603303,1.4258477206488733,0.18822419664120707,0.1692248079979139,0.000547561299472263,0.0005189545954063608
Ba0.97K0.03Zn2As2,623.000001395739,86.00000100507546,85.16362900683811,72726.99686221904,71975.98060066195,2.3000000282415214,2.3443404901729314,0.145697731205262,0.14250766297723672,0.0005378888910399892,0.0005651813239220824
Mg3.5Ho0.03Sb2,299.99999286647017,-192.95999792246016,-192.66433267254988,16694.99992770705,16741.85932998019,1.2371000041595603,1.1594286785341918,0.1507431037108203,0.16126113442751913,0.0006216143125338919,0.0006214612911488583
Cu7P(S0.5Se0.5)6,523.0000003126531,250.4000000094184,260.84896772956466,2839.9997541088264,2147.8705860723508,0.28900001335539893,0.26866233247501314,0.3222484534380516,0.30957876504829807,0.00017806845048767446,0.00016398138276547811
In4Se2.67Cl0.03,598.0000014550791,-192.85999488089664,-193.03931472790782,31889.99992831064,32827.69379686832,0.6172999943176846,0.6092829282214238,1.1490628340814393,1.1433906592450436,0.001186147896685138,0.0012117446620254634
GeSe0.75Te0.25,320.0000054952855,14.029999778466774,6.975696822853578,99253.99524497286,88492.63180900672,1.6845000042270895,1.5944844426768712,0.003711438962505077,0.0038187945177907217,1.9537250294072682e-05,1.832655477402227e-05
Ti0.99Mn0.01NiSn0.99Sb0.01,697.0000005862776,-167.30000170275954,-169.67502110898386,106650.00151783372,114526.10597854569,5.389999792033521,5.129544475294576,0.38600840577429485,0.4225527105625512,0.0029850578603081907,0.0031170817456573556
(CaZn0.4Ag0.2Sb)0.87(LiZnSb)0.13,773.0000063214842,196.6899959256998,189.11791777152874,19427.99997900968,17619.763054837185,0.5740000208911874,0.5003920128117004,1.0390000957181391,1.1302428950536265,0.0007516101800500999,0.0007526631221770139
SnS,400.00000319268224,578.9999919349773,530.8813647674367,0.5000001769985805,6.001369705840281,1.0899999995863714,1.9685292182865646,6.151211917573863e-05,0.0002001406587096533,1.6762047949616628e-07,1.12327591384631e-06
(Sn0.8Ge0.2)0.94Mn0.06Te,473.00000175178013,69.40000020045773,70.1017810541935,210599.98000809303,211428.23006817335,2.580000063725678,2.575010697255579,0.18595965931752867,0.1746736211566347,0.0010143254131107584,0.0009732039452562513
CuGaTe2,718.0000032829607,264.9999979500135,262.00887621751883,19449.999911421954,18675.368762647413,2.567999987649891,2.460008206169068,0.38189200298196463,0.38883106617482976,0.0013658762998355444,0.0014622597986990327
Sn0.92Ge0.04As0.04Te,769.0000037957211,89.43000084290573,75.9891130565214,233333.00578283623,228344.7387444598,3.862000036283032,4.04874338650341,0.59230001828976,0.5395077546872187,0.0018661331837631745,0.002783497981891131
Ag0.6Sb0.9Pb19.5Te19.1,572.9999988735261,-190.39999989180816,-182.36451247999497,13350.000343718502,23281.986643832726,1.6539999911875403,2.0734804203880266,0.16000000094872918,0.1530252785026415,0.0004839663359929657,0.0005358120474541775
TiZr0.015NiSn,521.9999996812123,-203.04999722292496,-203.22727427476923,57077.0015499928,57144.36562373187,2.3661000051897516,2.249266742005259,0.5545999720724178,0.5509251829571198,0.0023532448725216257,0.0022821396099848026
Sn1.03Se0.08Te0.92,322.9999968260349,12.63000122233528,12.928052668324213,557018.0398501952,619445.7562084174,6.308000216040557,6.184729215677352,0.004549741607657089,0.0048822569936621705,8.885378962318472e-05,0.00010122654743007405
Cu2Zn0.8Fe0.2SnSe4,672.999995995272,339.3699987978836,345.4697147251745,1733.9998192280004,1478.251302386086,0.8070999850565366,0.8211593030691897,0.1665266354439471,0.15570244505711994,0.00019970824893674746,0.00019239728787167625
Cu2Se0.96I0.04,400.00000319268224,111.99999934795059,120.43258148579383,41410.00114945203,37156.55720199299,0.7876700014757582,0.64892268169009,0.263789170507624,0.35462848366413435,0.0005194470405985904,0.000575806736993372
Cu2Se0.96I0.04,409.999998943517,115.55999844373261,121.79629988235834,40863.998867705974,36994.200723134454,0.7876700014757582,0.6738287266409967,0.28405045666508294,0.3557972125200646,0.000545702497216944,0.000587751781775016
Ge0.85In0.05Pb0.1Te,374.999997970236,219.4999993824567,225.8830885680499,29040.00013132197,23946.262931406076,0.9539999968004441,0.8835699382948738,0.5499821219176586,0.556274003002566,0.0013991544227462422,0.0013254659317289577
GeSe0.6Te0.4,728.0000095973685,122.19999847207464,126.24365867413661,115672.00093340114,102467.45015876918,2.2639999813687735,2.177113260238899,0.5554252150143968,0.5781830954038957,0.0017273114183719732,0.0018380297587579724
GeSe0.9Te0.1,630.0000005340378,118.05000138941139,113.09702731340954,3000.0003283925607,3498.2354716354707,1.2184000038132863,1.1780177860825596,0.021617423086181465,0.02073750369921248,4.1807405063254214e-05,4.0544079129276004e-05
Bi2.0S2.85Se0.15,722.9999958765917,-494.9999897346508,-489.33783113995827,547.0000052971035,650.3235591490296,0.5100000137490293,0.4805992480229755,0.19000535716051772,0.208561982481606,0.00013402867288099304,0.0001415903914148437
Sn0.965Pb0.01Cd0.025Se,572.9999988735261,392.7000077599438,395.66786041185867,2460.0001548030214,2029.6357368190559,0.4968999746850017,0.5354029196722964,0.4374642074113946,0.3594385694595048,0.00037936469726449336,0.0003630154674314039
GeSe0.75Te0.25,775.9999976522336,120.60000263796766,115.29514535425709,60820.9983518223,53922.32429116527,1.2129999940368306,1.2142156415657377,0.5659122207934346,0.4565810662200941,0.0008846025093806538,0.0007258856928630771
Cu10.5Ni1.5Sb4S13,517.0000004853483,172.600005193819,183.62670825974374,23550.000016586182,20060.8247762158,0.7160000135561129,0.6804215593262848,0.5065823042548276,0.5299236813506889,0.0007015723972268687,0.0007176657269820446
CuFe0.92In0.08S2,599.9999974361742,-379.1999896647172,-391.57092239170566,2507.0000402624164,2465.1105054082363,1.603999990656727,1.4837635233884734,0.13399999924163386,0.14638826116335052,0.00036048814689151594,0.0003606163766427736
Ca5In1.98Zn0.02Sb6,622.0000007642982,299.4000111100818,296.9052886031552,4794.000282610413,4369.586751264867,0.7280000160611528,0.7034323301523615,0.3580000083964456,0.3705406232739585,0.00042973588564975323,0.0004215471062890448
Er0.01(Bi0.23Sb0.77)1.99Te3,400.00000319268224,242.89000404399914,245.6077316899841,38353.00049336549,35298.567676426,0.9279999893388781,0.8991658916949133,0.9752829133698401,0.9953306005328757,0.0022626564156316004,0.002283849314107215
NbCoSn,374.999997970236,-195.290005393799,-176.55938170402035,58698.000614788296,72950.52942080426,11.762000361175462,11.297233309654088,0.07137291197388566,0.07131248271313063,0.0022386352320817376,0.0021693698203415247
GeSe0.6Te0.4,320.0000054952855,51.12999967160824,51.785825705476654,203730.98334365283,190595.7520945708,2.9563000001818973,2.855130921624735,0.05765144001282016,0.06353666917365612,0.0005326092484880184,0.000577899598733575
CrO0.09N0.9,299.99999286647017,-48.64999712968005,-60.05310281541794,35660.00001694032,25792.14375640452,2.750000053249739,2.4328044338753405,0.009207369625389776,0.007873087045519506,8.440089536549639e-05,6.855519853860898e-05
(PbTe)0.15(Ag2Te)0.85,299.99999286647017,-102.50000312354717,-90.59658872493895,95750.00340712094,92498.35724059051,0.9759999892674952,0.8495146392487147,0.41959999842938966,0.38882005472274644,0.001005973454412132,0.001050889707834884
Sn0.97Mn0.03Te,771.9999951264705,138.10000073238925,127.55243879493256,121892.99674022052,124009.86454992241,3.052599953570907,3.0666015738117056,0.5879136431276818,0.5884048298849803,0.002324695677056057,0.0024529480811472802
GeSe0.55Te0.45,430.00000100875945,70.7700003389131,67.94880996055568,181851.98824007856,171904.17597139493,2.466299963953166,2.30168816382739,0.15879580579752306,0.1648075514620431,0.0009107862534466437,0.0008947614603225801
Mg0.97Li0.03Ge0.8Si0.2,599.9999974361742,319.4600013650543,312.14611373566197,12076.999747988615,12954.583135555757,2.4619999913713815,2.4607497702388064,0.3003690921761129,0.3137332684148522,0.0012325144714009988,0.0014101902786626342
Sn0.91Mn0.08Bi0.01Te,773.0000063214842,143.99999821150476,141.8433348243037,116000.00542446271,110769.6072263266,2.4799999428299344,2.375172767161693,0.7497401469986587,0.7895439607121149,0.0024053759437023424,0.002610878706313625
Cu5Sn2S6.65Cl0.35,514.9999992224668,74.99999956132213,77.12139978396388,118947.00125041639,116962.32233932818,2.1250000039574055,2.1056162218528893,0.16215274896111798,0.16652367195335713,0.000669076869573445,0.0006949747343347151
Yb13.44Ce0.4Mn1.09Sb11.07,873.0000060841234,199.04999961342685,192.24851310507702,13840.000226233326,14308.13022797631,0.6636000010692995,0.6461717437718666,0.7213870142310107,0.7509650138187404,0.0005483532897585746,0.0005803009598960159
Sn0.91Mn0.09Te,769.0000037957211,158.97999714385935,149.83396292385882,94674.99676624277,91297.90896617479,2.3816000121586685,2.2978012158247694,0.7726411353797843,0.7408778424504445,0.0023928765562890642,0.002378177675178722
Ba8Cu5.04Si13.01Ge27.96,763.0000000070766,-124.77999515609824,-131.83568052050975,50710.00034651523,51756.47786383593,1.810000014633812,1.8433290071100226,0.33283541564516944,0.3381163673948304,0.0007895571433572834,0.0008640432312811543
Cu3Sb0.998In0.002Se4,523.0000003126531,317.47999279898573,314.3022957745766,5951.9999820082585,5562.579783798873,1.2499999975021447,1.2263927540995148,0.2510078733420953,0.2453632982508482,0.0005999232108859986,0.0005922101526909926
Cu2Sn0.9Zn0.1S3,322.9999968260349,70.70000011760149,68.141970038328,55616.00047613118,60628.64956282674,1.8779999971574217,1.8909460200410726,0.04781294511218379,0.049562114643058694,0.00027799602436176166,0.0002961051215523954
Ba0.03Co4Sb12,700.0000024805998,-184.8300018836704,-188.99345323795043,32978.00032868706,36182.4022020212,3.728999961257501,3.6350252905100864,0.21148272375972726,0.23365850596241597,0.001126598661113598,0.0012089525569871115
YbCd2Sb2,350.00000331136266,100.82499991908742,100.01774068702957,111511.00382921552,94412.73493252076,1.6246000030289047,1.5404304214852882,0.24421692992195712,0.2607690559154794,0.0011335852548110669,0.0011383572286591454
Ag8Sn0.5Ga0.5Se6,312.9999905116272,-566.3599906050353,-540.772924520835,16.99999702653456,19.128694685677512,0.20999998370291273,0.1862224531725786,0.005000000867870488,0.009213559809005992,5.45298239461585e-06,5.5834345910923516e-06
Ca3.3Yb1.5Sm0.2Al2Sb6,322.9999968260349,-79.17000263498329,-70.33830645634725,146.00003153300236,144.52523762682148,0.9687499927685492,0.9060335855151701,0.000305115990405977,0.0003217449507617649,9.151116973063126e-07,9.245706781702415e-07
Li0.03Cu1.85Se,705.9999957056715,63.54999983954819,61.81425645103191,192307.9991401048,184913.53670877777,2.4701000526686165,2.481221484086582,0.22198244242802972,0.24063838592654088,0.0007766555817413514,0.0008961311498364506
Tl4SnTe3,473.00000175178013,159.99999764328186,150.82374414305306,18199.999801948554,19305.127760408508,0.45000000034941856,0.41572938804698123,0.4799999825615795,0.5323736717330315,0.0004635000001383758,0.00047928285351154755
Ca0.99Yb4.01Al2Sb5.84Ge0.16,303.99999539223325,180.30000459016853,188.90639455013286,606.9999963966922,501.7182709443363,1.2499999975021447,1.122282642641031,0.004798921672323891,0.004727599026700523,1.9732412695147692e-05,1.692621780743601e-05
Gd2.75Se4,650.0000025992803,-168.80000036540403,-174.51956854840907,5719.999947580568,7024.174177824927,0.789000006509147,0.7890344470705719,0.13426946697477576,0.14794999990809582,0.0001629824823449436,0.0001763761695404313
Ba0.98K0.02Zn2As2,822.9999956392309,166.1999983769869,160.97021968576266,39529.99978864734,37446.31567281231,1.5209999978686741,1.4802098176624547,0.590825822057955,0.5938906781270282,0.001091915076741766,0.0011042978946823015
NbCo0.9Ni0.1Sn,491.9999979037953,-151.75998925970984,-148.5149739164083,90952.00201173448,99340.12542783229,8.095200189790331,7.698223460342203,0.12731055394489887,0.12670040148162107,0.0020947244210035806,0.0020274895910594223
In0.015Pb0.985Te0.994I0.006,481.00000152151983,-219.49999273143476,-230.04898697354878,25300.00002288817,23975.625377142962,1.5149999961935976,1.4296071937641666,0.38900000736716545,0.40121404573320024,0.0012189603228672683,0.001218087277443585
Sb2Si2Te6,572.9999988735261,191.9000052054746,207.83859751012113,19403.999905702745,17725.232900082912,0.6568999845113925,0.5909626781531957,0.6232991919841764,0.7008702959668592,0.0007145641411977289,0.0007972297237688733
GeSe0.7Te0.3,320.0000054952855,13.839999282587023,8.097878171330812,101119.00006196478,99899.07829676896,1.6407999915276168,1.5814557285961637,0.0037774552488469134,0.004091588429157017,1.9368899328487306e-05,1.9158645367774295e-05
Ag2.0Se0.6Te0.4,344.99998959058587,-111.00000337200075,-105.00810946087788,78989.99760257035,75135.2483714711,0.7199999949474896,0.6870132194184568,0.4663421529829857,0.463213756389264,0.0009732358069899173,0.0009165539452620354
Cu2.05Cd0.95SnSe4,599.9999974361742,160.69999545382234,159.22114089517595,16909.99975916933,15822.05631082818,0.8346000049577578,0.7751024399438207,0.3139411334088175,0.32669610060476406,0.00043669212758054495,0.00043165454840110915
Ba0.97K0.03Zn2As2,523.0000003126531,71.60000034245587,70.42847712580286,94118.00044575952,92781.94545174224,2.578899943242633,2.6426774599825333,0.09785114897443636,0.08682155118349985,0.0004825015740170627,0.0004565552843725652
CoSi0.98Ge0.02,320.0000054952855,-81.45300233707812,-55.12053908078237,584370.0178998358,572268.4527162071,12.079998786290691,11.566081196637434,0.10270347267306788,0.08557322493461747,0.0038770557059383563,0.0031619618737829262
Ba0.08Yb0.09Co4Sb12,400.00000319268224,-145.00000436581493,-147.9059391918075,172339.99685173368,173017.5905546936,2.5300000347918665,2.4685738890094577,0.5700000273517951,0.5945064695628384,0.003623448462036412,0.0037252085656964934
CuAgTe0.5Se0.5,392.9999987725969,129.25000157866546,166.68789769622816,8527.0003922462,6464.797316853551,0.3137999952722472,0.3420252044683996,0.17840087395744864,0.19637871343687063,0.0001424483314191354,0.00018102947001604679
AgBiSe2.0,418.00000399504313,-145.00000436581493,-170.94535793797425,20927.999905776847,6930.60104528453,0.5900000229426705,0.5725857676441686,0.3117367410771001,0.15952027863626067,0.0004400112007480165,0.00023874103023025168
Zn2Cu3In3Te8,473.00000175178013,169.00000135935093,158.31274275700056,16274.999934384712,16344.117545629586,2.149999993428243,2.0651147737720925,0.10226266065987086,0.09987881708949127,0.0004648302747447446,0.00045645722588235884
Ge0.55Sb0.25Te0.8(AgSnSe2)0.2,523.0000003126531,215.53000307852696,217.9474046143644,27750.00011214132,26379.82967353716,0.7199999949474896,0.6947476300902727,0.9659999901510264,1.0466571553492325,0.0012890757735001751,0.00139632350268672
Gd2Se2.92,449.9999977922154,-99.4599951894711,-105.016210200333,30315.999810951427,27782.641821768466,1.6038000002542008,1.5612436087749495,0.0841455409823526,0.08344294645897965,0.00029989471826367904,0.0002856259089466175
Cu2Se0.5S0.5,519.9999997387774,67.82000013183008,70.24986609349399,117428.99907416868,118332.84562672793,1.3899999989089433,1.3552105393884393,0.18600000017374702,0.21372435070463855,0.0005401208397590772,0.000576152730251413
BaBiTe2.95Se0.05,322.00000675816705,-152.000005951624,-156.23420376381222,6210.000051376937,6840.218224138269,0.4369999888984816,0.4045561091299918,0.10571903842328652,0.14557668865961934,0.00014347583785105243,0.000176025624508988
Bi1.2Sb0.8Se2.76Cl0.24,299.99999286647017,-89.00000341954461,-91.59150041245476,39723.99940568538,32805.13688667814,0.7199999949474896,0.6582896042985675,0.13110575316406567,0.1426963510570733,0.0003146538023280322,0.00029020870685131915
TlCr5Se8,422.9999965886741,247.4000026841294,251.67024291679192,5878.000270265531,5605.492383119727,0.7060000159193887,0.692917608816123,0.21555824392249576,0.2254938263836391,0.000359773334390761,0.0003703549739691319
Cu7P(S0.5Se0.5)6,672.999995995272,280.00000805686267,280.41500072100774,4079.0001163826055,3636.666211403949,0.28630000591921284,0.28035106952613337,0.7517327960498251,0.7061428310925375,0.0003197936060908304,0.0002986830063837979
(SnTe)10Sb2Te3,672.999995995272,178.49999680283346,172.28292581526208,78800.00268436511,79769.37218014919,1.6200000002912998,1.6044414047725353,1.0430441849925,1.0622584711471992,0.0025107453634641338,0.0026674826440796196
Zn0.9Cd0.1Sc0.02O1.03,873.0000060841234,-129.99999425896576,-141.55178960441273,35699.999657669956,34625.47848211085,3.5829998189617345,3.6799437385690106,0.14700169947265285,0.15445078359310713,0.0006033300021011467,0.0006729670062530001
(Zn0.95In0.05)4Sb3,348.0000020484812,153.80000277967787,151.2195122262448,25399.999960524136,22672.406663793794,0.8500000052115181,0.7495020121720721,0.24598391374328382,0.2592045990961333,0.0006008227727940807,0.0005579077059953406
Rb2Bi8Se12.909,427.9999997458779,-166.0000091232421,-177.04286670726867,10795.000099122846,11514.205653790264,0.7136999864610303,0.6744414646001009,0.17838851699717423,0.21149467254603002,0.00029746702612496833,0.00034238315209832285
Mg2Zn1.04Sb2,299.99999286647017,433.54999403701964,334.30966644369704,429.9999623107921,511.45982574609684,0.7166999928489085,0.6077162101063702,0.033832236477390074,0.03884788680771787,8.082521516924227e-05,7.416176314875016e-05
Ag0.4Sb1.1Pb19.6Te18.8,672.999995995272,-142.9999904953528,-130.27876535804137,37000.00034742944,39999.059774009096,1.366999998613668,1.6124073919041078,0.3724949119917598,0.3765233910323935,0.0007566130033820076,0.0009141325316161641
BaBiTe2.9Se0.1,597.0000008236384,-203.99999089717215,-207.9368563507506,3839.9998577819338,4079.906183812509,0.3969999891728868,0.3733024676892694,0.2403119589020233,0.26590717080947573,0.00015980543703458447,0.00017412212468547082
Ag2Se1.06,333.9999932083104,-141.20000618842195,-137.58053709885735,119016.0043118188,118945.48671909966,0.9959999984865051,0.9663114087354597,0.795722927923691,0.791567510430167,0.0023728742482015236,0.0023094378416927863
Hf0.5Ti0.5CoSb0.8Sn0.2,884.9999925342668,240.99999586729732,239.384438395295,38899.99990658081,34613.823041399046,2.4900000501285176,2.507948572332926,0.8059999649070105,0.7655778254734794,0.002259350889777737,0.0023018382780677833
Cr1.99Mn0.01Ge2Te6,713.000000125757,292.7799929057291,285.79292902264405,4710.9372481772525,4707.377472969596,0.6274999894043571,0.6093480614383465,0.4588449605782481,0.4711627983389805,0.0004038221671901609,0.0004218339628136929
Bi2.0S2.79Se0.21,422.9999965886741,-529.6999885390055,-525.9312427796264,379.0000884035783,397.00756163030246,0.6080000057955356,0.5604804618312014,0.07398368619241996,0.08689642438894708,0.00010634061491517831,0.00011601347903512766
Bi1.2Sb0.8Se2.76Cl0.24,400.00000319268224,-114.99999589231868,-114.39195908489714,31601.999804135365,27601.853703804038,0.6899999822925217,0.6345479179163852,0.24228200070995823,0.2485741524360302,0.00041793645099021364,0.0004014405077302491
Cu0.99Pd0.01FeS2,199.99999310383095,-344.9999825877759,-370.21502514754957,5425.000146705002,4252.407816564402,12.83999897394936,12.069232315272545,0.010057797011464403,0.009460904612580206,0.000645710622048642,0.0005630935985575518
Cu5SnSbSe6.58,722.9999958765917,78.61999989503215,75.17704621169999,141378.9986479937,161338.49822918783,2.5983000324275785,2.82479559738243,0.24316439494861833,0.24416127489185158,0.0008738783490806456,0.0009820961477492258
Ta0.84Ti0.16FeSb,369.9999948130322,118.40000029468163,118.9372789039929,339300.0109097504,328091.38269083045,5.16800001598183,5.283116875102742,0.34199999907959455,0.3391650023645731,0.004769999851811088,0.005137444970330164
Cu1.975S0.5Se0.5,374.999997970236,108.3800019492911,117.02019782122795,14999.999780855089,13533.949971762337,0.6696000015484452,0.5877829773530464,0.09867460073244673,0.11129777206957372,0.00017619336484855732,0.0001803541250730362
NbCoSn,779.0000101101288,-228.8199991363859,-223.21111757886348,37633.00040266481,48671.999242104415,8.154800638560685,7.89304693416175,0.18822657762222386,0.2244600277514114,0.00197041096590437,0.002208780854735717
Nb0.9Ta0.1CoSn0.9Sb0.1,627.9999992711563,-139.04999949581662,-141.19838604053092,112199.0032571796,115992.45337512516,4.53599978324538,4.50746512415093,0.3003430347976973,0.3158815829917132,0.0021693567400963964,0.0022574919260440283
Al0.01Ge0.99Te,572.9999988735261,94.20000093399,97.89643291847943,287500.0036695335,289293.24302028853,4.26299990011186,4.1340863981728715,0.34290904993637583,0.37286000495458715,0.002551171461497838,0.0026997948701912326
Cu5SnSbSe7,473.00000175178013,43.790000365200456,39.88673243500712,370500.00825507386,399519.8698865876,4.629000076113933,4.770909210413012,0.0725958914205615,0.06715168698986766,0.0007104574940896543,0.0006909849816106364
Cr1.99Mn0.01Ge2Te6,811.9999992569553,268.04000588408957,258.1394230044496,5437.499688496292,5577.536504171839,0.632580010890805,0.614020791311086,0.5014631703801857,0.5229443404871313,0.0003906595843536374,0.000411788865364182
Ag8SiSe6,398.00000192980076,-147.68001074242403,-137.68679766814492,65197.99872990329,48606.334024089774,0.6702999995504093,0.5227786254956129,0.8442897189606574,0.6095453388916676,0.0014219280661216557,0.0008043797843036828
In0.005Pb0.995Te0.999I0.001,427.9999997458779,-260.7000013941851,-272.3865038186295,18889.99986731615,17066.562328098353,1.600000002248907,1.4974099427965164,0.3434296574682467,0.35981502876064986,0.001283849174433794,0.0012770951914445083
(Cu3SnS4)0.895(Ga2Te3)0.105,404.9999957863132,62.63000018040131,62.52163517988573,161268.00823507438,159489.771245269,2.8859999691667353,2.6769404293679098,0.08877112490756188,0.09116616786570994,0.0006325764518688558,0.0006276671216805046
Sn0.87Mn0.1Bi0.03Te,773.0000063214842,143.99999821150476,147.54894390700127,100000.0016817545,95275.62336540963,2.6700000204892564,2.4601745093178233,0.5925465107626667,0.7056595713188507,0.002046700019334835,0.0024150786734109067
Ag3.8Mo9Se11,547.0000002820955,138.50000115844125,148.39524811622275,25900.000025124453,24076.51896744474,0.8200000167751315,0.7898799799858099,0.331415478187303,0.363919811463218,0.0004968202753242023,0.0005566750883343274
(PbTe)0.15(Ag2Te)0.85,449.9999977922154,-140.600011419445,-124.45650562718987,37229.99982292941,42872.04637827277,0.5549999727225595,0.553647514847599,0.6019000086578219,0.6268693917795449,0.000735976043271097,0.0007951347479329299
Ag3.5Mo9Se11,547.0000002820955,107.60000053147958,117.34929329664332,41500.00077082385,39103.64325405175,1.1500000061526139,1.1325767565323082,0.2264999981876938,0.25352426454459126,0.0004804770402139004,0.0005480645057310186
Mg3Sb1.6Bi0.4,659.999998350115,277.00001073157364,247.2363912275399,1900.0002135003656,2221.9258589873752,0.4699999923661433,0.4517971568865839,0.2047195031597035,0.20876231939606316,0.00014578509683807353,0.00015093975051297224
LiGe3.5Sb2Te7,672.999995995272,270.00000914576464,274.0056017424885,32200.000049519214,29650.971272697072,0.889000015875517,0.9063269105479298,1.6473001630791866,1.660434861293634,0.002347379956945448,0.0023911127164816586
Mo3Sb7I,523.0000003126531,36.28999971435165,36.59268120254728,494499.9847020984,481821.712496765,5.769999706233371,5.956538503549758,0.05902909323087179,0.06478779378015309,0.0006512387464878514,0.0007397120475109327
NbCo0.98Ni0.02Sn,386.9999949839523,-127.6500049636376,-135.1286545894261,84286.00250957238,82743.87313946016,10.547598980699162,10.345320181779272,0.05039116453214713,0.049021932128631186,0.0013734000875859694,0.0013534194647394366
Ba0.96K0.04Zn2As2,523.0000003126531,72.22000041582638,68.40907431155789,72726.99686221904,74269.92561811692,2.071400011529643,2.1398835026856444,0.09577416283829847,0.08258484162631072,0.0003793242769204599,0.00035157505343495836
CuAgTe0.5Se0.5,397.00000129835996,129.52000274676573,169.1874571664236,8394.999513129469,6312.135427213995,0.2988000036989307,0.3381522201758136,0.18711313939489135,0.20201662682171576,0.00014082973315880193,0.0001819268722740205
ZrNiSn0.98Bi0.02,672.999995995272,-210.9999924829812,-206.9036011631472,54099.99893792159,61422.39142808718,6.845500276865026,6.7045443043200805,0.2367947472123945,0.25238984733972186,0.00240858603048566,0.0024097971605234188
(SnTe)20Sb2Te3,322.9999968260349,47.33000002668997,47.39799414096625,296942.9964016384,304022.75522878545,4.240000215724969,4.179374676708197,0.050673716628922824,0.048319310036679525,0.000665190591632617,0.0006361215947385592
Pb0.96Tl0.02Na0.02Te,597.0000008236384,220.58999496685243,211.66921413461412,45913.99969033706,43751.165296169616,1.1500000061526139,1.1123464264984575,1.159827011883606,1.21702249758893,0.00223417292754243,0.002347697992241138
(Ag0.05Sb0.05Sn0.9)(S0.05Se0.05Te0.9),303.00000532436536,49.30999978760698,51.62128970797109,273831.9791581903,238450.9799183186,3.3919999467966515,3.143201230564933,0.05947589360159891,0.06155555513330998,0.000665815957305077,0.0006383646421123287
Tl9.0Bi0.95Te6.0,500.00000031442823,198.00000289761613,209.60784596793093,20999.999876903195,18099.81882600106,0.4999999946552032,0.45951503818682454,0.8232840358905876,0.8678477239802381,0.0008232840163545643,0.000833761257803901
Tl9.0BiTe6.0,442.99999865391646,260.00001023466655,248.69853947858533,10199.999875230762,10503.469635223697,3.799999806783527,3.362352502328714,0.08038351637557453,0.08309764639647375,0.0006895199935709991,0.0006715787178576549
Bi0.42Sb1.58Te3,572.9999988735261,155.19999840075883,183.38509490034278,26064.00001550248,22843.411830850728,1.551000003471251,1.4448318233021762,0.231935552316858,0.31563617413984385,0.0006278046071562197,0.0008851661067019379
Mo3Sb7I0.75,722.9999958765917,45.50000042554247,38.915867616460844,447150.05004435265,438148.79573305906,6.489999819488774,6.477421514231811,0.10312634777319178,0.11645849422431691,0.0009257122881574492,0.0010867825528155146
Ba1.4Bi0.6CoRuO6,517.9999997963425,92.69999933629498,108.5521426627127,49999.99998248531,37864.248856186285,1.1349999927272578,1.095876123857216,0.19599999959184541,0.20894670144098526,0.00042966449951772906,0.0004563960467661334
Ag2.0Se0.5Te0.5,389.9999968782746,-107.99999430650965,-94.75988745659157,61926.99819160378,61891.952863005645,0.6659999857529038,0.6483641507121143,0.4229781506925878,0.3899735599244265,0.000722316519723331,0.0006632623697271498
Ge0.55Pb0.45Te0.3Se0.7,668.0000034016412,296.2499974822454,293.2236551434241,6043.999740414911,5983.888157897744,0.6164000058182959,0.5889047748749656,0.6903244524279769,0.6826548254683208,0.0006369999943276316,0.0006303899992107016
In0.01Pb0.99Te0.999I0.001,533.0000000248277,-224.29999784405885,-261.26792193100056,15559.999823984752,14535.241153812949,1.3948000003140892,1.377123559685721,0.29914614519111266,0.3481731826926885,0.0007828312106546472,0.000906241862081593
Sn1.03Se0.12Te0.875Br0.005,523.0000003126531,62.930000133059,58.186746790547986,256139.98877714045,261481.7906696371,3.339999918917327,3.3867346971045937,0.1480000007441301,0.14212963496271094,0.0008530000030879305,0.0009292991692130457
Rb2Bi8Se12.961,724.0000070716053,-228.7999938319923,-223.89831856910524,8294.999691870324,8629.28500441172,0.5258999988015076,0.5282029765779893,0.5978108956801044,0.6048344239312444,0.00043423860556387637,0.0004571540670860428
Mg3.07Sb1.5Bi0.47Se0.03,599.9999974361742,-299.88999353427647,-300.25447984894913,11413.999721534976,11909.88792817869,0.6818999980319027,0.6363224405035152,0.9032175669946674,0.9461357300580392,0.0010265068058655199,0.0010358168480417115
Bi2Te2.01Se0.99,523.0000003126531,-176.00000803434017,-174.66080317977904,39209.99949961664,41481.104246496296,0.9600000089021291,0.9539035375202584,0.6699999760674963,0.6904006726496666,0.0012145689611391312,0.0012563099843326255
BaZn2As2,523.0000003126531,249.9999995833664,246.76262711163776,4557.0002447746765,4348.8387502877,1.2552999996567153,1.1710696394078508,0.11866242279874487,0.12192917791966441,0.000275999999143791,0.0002756478920076202
Sn0.965Pb0.01Cd0.025Se,722.9999958765917,385.1000114051578,392.82926738516267,2634.999698384476,2325.5692629718906,0.41000000554674815,0.43687137599474174,0.6890997796925858,0.6036223518547199,0.00039077579375833515,0.00038937384743396576
Ag8Sn0.7Ga0.3Se6,312.9999905116272,-549.5299882346649,-536.7369248006491,33.00000486599791,31.436718821380403,0.21609998569891065,0.20069017691790259,0.014433988758246067,0.014904461056774364,9.965446828633649e-06,9.024283858402126e-06
Cu0.9Pd0.1FeS2,99.99999334119173,-73.2800019379635,-121.36249276341289,52329.99946970007,73471.59479999421,10.679999676297017,9.19726208541184,0.002631179139748187,0.0027443403023704868,0.000281009919965319,0.0002202435950586949
Ge0.55Pb0.45Te0.8Se0.2,668.0000034016412,129.80999747905742,124.68859259350037,29850.999924194777,33497.05623364862,1.0280000056600562,1.0929002596576847,0.30000000025452156,0.35556219950041973,0.0005030083381979147,0.0006005297043798322
Cu3SbS4,572.9999988735261,584.6000213801096,557.8465896967954,378.00001687683033,408.8080847929455,0.7790000088455089,0.8054559413564617,0.09502252782883135,0.09377536687088643,0.00012918420301029463,0.00013584868122620215
Cu2Se,358.99999843075665,104.40000005811405,103.81773299432152,82534.00224145151,79457.74223182247,0.7300000020306586,0.7968654609374187,0.44239019346353736,0.3861026831431697,0.000899567774198673,0.0009015103796482289
Mg2Zn1.04Sb2,672.999995995272,104.6099999882863,101.86697220675671,5464.000134810774,6695.9224051807,0.7793999936591423,0.7693949008469468,0.05163114602494609,0.06374856200139353,5.9793930075053135e-05,7.627374610196478e-05
(Zn0.95In0.05)4Sb3,322.9999968260349,146.29999772625328,145.01370009249587,26579.999915507102,23079.827480567314,0.8619999794658708,0.7578829908438104,0.21317628326525714,0.22732015001712808,0.0005689100791744871,0.0005273320246425655
Ta0.92Ti0.08FeSb,670.0000046645227,213.29999864875168,216.86371351850116,115950.00663203768,105025.86624527078,4.707999886235363,4.758284035644555,0.7520000346999678,0.7467807653059462,0.005275999550233844,0.005529672512653783
Sn0.8Ge0.2Te,672.999995995272,85.80000079204945,85.16914690182928,203850.00350179378,206576.11730906076,3.6630000317256033,3.7716364704574388,0.2757169294514416,0.26639610874407227,0.001500670364417023,0.0015328854681373927
Eu(Zn0.7Cd0.3)2Sb2,650.0000025992803,220.9999980451012,219.76889697155875,30499.999826486564,27549.760407178834,1.117000005224452,1.0864277072833894,0.8668512259261864,0.8628608146288219,0.0014896505597767303,0.0014910066007913566
Ca0.25BaGd1.75NiO5,890.9999963229113,141.91000156197904,119.98916579234316,345.03650998927526,445.70565229886756,1.3142999976734464,1.2963987138346105,0.004710577896577389,0.006877426011149987,6.948499605417172e-06,1.0069702281425402e-05
Ba8Cu5Si25Ge16,613.0000003631177,-97.50000366799816,-101.23116904042675,84000.00365308805,84262.91150084087,1.9029999785563558,1.847664095086454,0.25500000153364744,0.27194638952108835,0.0007985250010748544,0.0008397524692101623
Li0.02Cu1.85Se,602.9999993304965,47.79000022314473,46.90864637428979,244231.0223539627,252136.87133404997,3.2164000016541276,3.291922504716372,0.1045736092771111,0.11211202638473287,0.0005577952953004022,0.0006159397736434874
Nd2.9Te4,773.0000063214842,-77.00000237818654,-86.69449775000703,108000.00233181374,115998.34727556365,2.4300000406748183,2.5419967459081487,0.1900000000880293,0.19583683795595586,0.0005899999967528052,0.0006550848924293826
Cu2Sn0.8Zn0.2S3,623.000001395739,95.3999992770955,94.92614710967752,81199.99945571818,76691.9406344442,1.5540000001363177,1.5517721244890241,0.29627145576230673,0.2914225585170661,0.000739014194303666,0.0007551011718763646
Cu2Se0.94S0.06,750.0000023619194,223.6800044217103,227.91153720801978,22628.99997643524,20537.592023462566,0.7439999931897316,0.6868651113076384,1.141321585269798,1.213553647368919,0.001132190921023387,0.001166574143422155
FeNb0.92Ti0.08Sb,299.99999286647017,120.00000199888967,115.29179352655501,399999.9724125882,338148.3748001135,13.000000058691738,12.10254930098324,0.13292307567800474,0.12287194681432792,0.005759999614319565,0.005146975166273697
SnS,299.99999286647017,524.9999931189669,454.0180267564888,0.09999999375230545,2.94679459368203,1.4099999999369122,2.538801925328245,5.864359360726711e-06,1.992013931439003e-05,2.7562495674863778e-08,2.5382631588778705e-07
Cu2.1Cd0.9SnSe4,500.00000031442823,141.0000008862158,143.19604678139112,25516.999971417103,22409.07043296631,1.0079999898488043,0.9743505940977002,0.25163862836881135,0.2459910945960368,0.0005073034770413437,0.0004995711283510488
Ag0.97Cr0.97Sb0.03Se2,752.9999936926688,172.43999797927694,176.13434607789202,12983.000352973999,12420.918621887691,0.4133999883608525,0.3971835299526148,0.7031946890230212,0.6994086434178058,0.000386056694524871,0.0003928714208016606
Mg2Zn0.98Sb2,299.99999286647017,277.62998997673674,285.70090931851456,5364.000319834198,3602.812629737717,0.7562999927956862,0.6592088219155241,0.16400183605784424,0.15124385446043206,0.00041344863117491487,0.000330949283755363
MgAgSb0.995In0.005,449.9999977922154,204.90000144186163,221.8785525895158,41049.99997052982,32590.93706947423,1.016399990891905,0.9133147303090204,0.7999999704342934,0.8148036001541031,0.0017234435358409882,0.001685330294263395
Yb14MgBi11,521.0000003702182,47.95000010006048,52.26184540770899,68223.99648982086,72436.20481486818,1.8199999852083808,1.7555380454986436,0.0449035574648324,0.051299321415429706,0.00015686079831833715,0.000176291378535158
Cu22Sn9SbS32,299.99999286647017,72.45999949743737,65.59396022155444,103152.00299332856,111976.72300801439,2.7999999277443233,2.7856270488349737,0.058027990534791477,0.061188564694330747,0.0005415945843083767,0.0005701914564713933
Cr1.99Fe0.01Ge2Te6,320.0000054952855,499.9999841010197,479.0766428633636,109.374989848913,112.42494110851146,0.834300006910093,0.8580332192964888,0.010487833422915309,0.011529713081918974,2.7343749707039046e-05,3.274035963755173e-05
Ba8Cu5.18Si9.98Ge30.85,760.0000086763271,-139.99999317006382,-146.7265419683526,43499.99974837316,46552.96715854995,1.6600000059314142,1.6721228815704654,0.39034699255066807,0.4060687386826409,0.0008526000129133099,0.0009443743958999323
(SnTe)20Sb2Te3,773.0000063214842,156.5000027204784,156.6637139687858,93899.99833354389,87446.3372538818,2.3100000259125912,2.131789516666844,0.7695942014663177,0.8854238536204345,0.0022998223680764517,0.0025749090157124173
In0.005Pb0.995Te0.999I0.001,663.0000002444373,-254.99999238789349,-271.37677599605223,11769.999961103193,10878.54615839832,1.372999998008755,1.3338135081556544,0.36599999150224544,0.38264358742113863,0.0007653442411451371,0.0007792167520195176
In0.005Pb0.995Te0.998I0.002,427.9999997458779,-231.50000551299496,-237.90374571409768,28099.999909721602,26703.015730957057,1.5299999978667262,1.4325039794668297,0.42127011621528737,0.42963081030852046,0.0015059422020265467,0.0014573807264007582
(GeTe)0.8(AgSnSe2)0.2,523.0000003126531,44.699999573438454,46.016746888890545,216700.00375032492,211749.18838892857,2.5999999374294873,2.4172433385547336,0.08709682063303639,0.08953805339275196,0.00043298610223049686,0.00042721788408009247
Cu2.9Ag0.1ErTe3,400.00000319268224,50.00000008228911,47.33326600416414,221777.973745542,226246.4523242632,2.2400000253400236,2.130903105156838,0.09900803559276525,0.09979470841771995,0.0005544450002935718,0.0005593562538077835
Ag3.7Mo9Se11,743.000008505407,143.79999799847877,147.92710168702968,31700.000347855996,28118.425621819257,1.1090000138964065,1.0381612648149474,0.4391716763336307,0.4819298425718166,0.0006555065516926782,0.0006893549320311728
Ge0.96Mn0.02Sb0.02Te,648.0000013363988,186.04000072484303,174.2884575807154,100000.0016817545,107874.8450952528,1.807499998299486,1.9857191743795277,1.2408215691333935,1.1416195483990548,0.0034610883436804727,0.0036654194658436697
ZrNiPb0.92Sn0.6Bi0.02,871.0000048212419,-168.66001019545763,-169.459940606349,178449.99174748093,182836.2852106469,5.967000278661767,6.047350203797357,0.7409737857797887,0.6711387789448007,0.0050762238652414336,0.004972780105888189
ZrNiPb0.92Sn0.6Bi0.02,672.999995995272,-152.49999767903742,-161.53570334971965,218470.02312278777,211751.83371654863,5.85399971348014,5.752018880038633,0.5819999869597409,0.592301233783963,0.0050807930965979875,0.005166944325404698
Bi2.0S2.85Se0.15,422.9999965886741,-469.99998071670365,-481.180175185,717.9999977799519,734.277783132998,0.6400000119261791,0.5837119972137919,0.10482878624126947,0.12078328765264429,0.00015860619696750445,0.00016561495508113833
Sm0.2Bi1.8Te3,497.9999990515467,-155.800004129017,-160.9910753738882,52299.9988458758,54467.7864984117,0.8100000155288248,0.7027105547908156,0.7805143853887424,0.9137323853670198,0.0012695113597180235,0.0013467552930780443
Li0.03Cu1.81Bi0.04Se,710.9999988628754,132.8199974565432,130.9684501819501,58620.99885708656,59071.93991607155,1.3839000009347935,1.2751499870860377,0.5313064274602963,0.5928900691820286,0.0010341419724439831,0.0010921383293876793
Al0.01Sb0.1Ge0.89Te,322.9999968260349,151.34000192048833,158.20216179333693,54778.99887419134,47497.383226739534,1.379499998080901,1.4706538398063642,0.23719999712720433,0.23859595179161694,0.0012546469617300698,0.0011688377342652136
BiSb(Se0.98Br0.02)3,400.00000319268224,-146.99999475587288,-143.9838194320778,19361.999941157,18998.953406678887,0.6099999980464399,0.5641559261685469,0.27435636607390723,0.27829878793075585,0.0004183934584009566,0.000401226067268921
Cu2.5Sn0.5Sb0.5Se3.5,622.0000007642982,56.59999995796156,56.32667612922382,275600.01313635334,296366.7833982805,4.059999878166975,4.135295307671107,0.14000000107615307,0.14195281656059586,0.0008829011430659941,0.0009779710175111835
Sn0.99Mn0.01Te,523.9999996236472,48.440000181716606,48.0012394784021,383432.0425125645,398310.3150642546,6.342099966298153,6.505500908197273,0.07433525252662762,0.06854830108570416,0.000899697747055782,0.0009151299775824276
Ge0.55Pb0.45Te0.4Se0.6,568.9999989886562,294.99999468330765,293.9679369963193,6789.999625721088,6496.870224267905,0.7717999913261884,0.7119918395075194,0.39760000465266104,0.5326036957463105,0.0006570000026079705,0.0006885720413842692
Cu5SnSbSe6.58,572.9999988735261,55.85999997690424,54.76475083550545,204309.99239096465,239188.87839457736,3.384600075403164,3.4848941565242777,0.10792915077861068,0.10955724896423193,0.0006375165828255627,0.0006855167171792992
Ba0.97K0.03Zn2As2,422.9999965886741,59.88000000290364,50.926215444690015,118519.00086680987,123008.04672948927,2.9077999462299178,2.9199717415764797,0.061819772903595506,0.052404489164609734,0.00042496343503495206,0.00037095035506430596
Sn0.97Mn0.03Te,527.0000001975229,69.92000016731524,67.19390469227719,268639.00712708174,288865.3651891797,5.026300235348601,5.190892314613451,0.13770005419571754,0.12227792898274027,0.0013133240642232275,0.0012719683361055885
Sn0.8Ge0.2Te,473.00000175178013,53.699999987575694,50.94932309749084,329199.9886751142,348787.9616604998,4.71900010079414,4.821689792351495,0.09515236049279356,0.08390130367133829,0.000949310767036644,0.0008633650056529495
Cu1.975S0.5Se0.5,771.9999951264705,186.00000185625805,196.21219318027218,31799.99982266254,26839.4980421095,0.8738999929339172,0.7806303175505229,0.9718708466336294,1.0970466320550567,0.0011001527772773634,0.0011587327635545475
Ag8GeTe6,703.0000043749221,277.9999941864005,282.8310403934005,3000.0003283925607,2519.6280411316147,0.34000001234896476,0.30206344616703806,0.4809999966560363,0.4899626129748053,0.0002300000005585235,0.00022453185029170966
Ba8.07Cu4.89Si41.03,615.0000016259993,-77.9999975732155,-81.72719475733126,123299.9958589173,130669.07895023133,2.7000000142358282,2.7396119707793507,0.1708691402335425,0.18179105772522428,0.0007501572140267658,0.0008069462791569205
Ca0.05BaGd1.95NiO5,735.9999935217487,226.47000475187755,204.81457973131737,65.90149140142881,86.47474902527304,1.5680000020861173,1.5287795177667538,0.001586530893206312,0.001790538268823148,3.380000038997948e-06,3.987193234552041e-06
Bi2Te2.1Se0.9,422.9999965886741,-169.90001034219864,-167.2823913995962,53949.99893865226,55681.747247739775,1.0700000132104688,1.0151931623317751,0.6365999916522117,0.6570119771507346,0.0015573211909960943,0.0015964136634395818
(SnTe)0.9(CuSbTe2)0.1,320.99999556315333,39.01000055696993,36.93012102661153,329500.9775465025,345710.70606201293,3.726699843899431,3.7699451706856384,0.04319060051018544,0.035733740947000804,0.0005014280648131477,0.0004359356482293215
In3.96Pb0.04Se3,480.00000089007904,-244.9999934767954,-254.2238476264747,10000.000036017953,8935.368952092625,0.9099999862989612,0.8763122481583655,0.3166153813654772,0.3174597275722429,0.0006002499974318414,0.0005940587610058324
AgBiSe2.12,350.00000331136266,657.9000202077755,630.1397018307944,72.0000129843161,72.66581028706292,0.6450000069932372,0.6172252437559356,0.016910659914042045,0.019628946104585314,3.1163930738270654e-05,3.542878330945034e-05
CrSe3,618.9999988699758,165.60000360800996,156.44158934488559,23035.99998407293,24481.220524159195,1.780999989803802,1.8592392980304775,0.21759999990620932,0.20810174415979135,0.0006317245210934843,0.0006522694671850742
Er0.03(Bi0.23Sb0.77)1.97Te3,500.00000031442823,196.90000466102362,200.16550665700518,31600.000278250885,30097.20131733528,1.122000010591804,1.1496676898836335,0.5459535042429331,0.5570261153455125,0.0012251196573213581,0.001395055019807956
Sb0.05Ge0.95Te,322.9999968260349,66.6699996406932,66.49878933828873,319443.9737576734,344496.34094771545,3.690999862169655,3.9807348505135365,0.12425507138854498,0.11970333289848185,0.0014198930351785762,0.0014539292049866534
Pb6Bi2Se9,523.0000003126531,-156.9999936669709,-163.68014518652535,15615.000048315065,15624.685889470176,1.1217000046383676,1.0919708883361874,0.17945942102625073,0.181443195286634,0.00038489413237911217,0.0003752590661623342
Ca0.2BaGd1.8NiO5,1274.999985270416,205.88000307269917,181.7677411774178,483.124619650503,524.8581997699707,1.6342000059203934,1.5392223575009505,0.015976900412435165,0.02048359079244824,2.047799720493883e-05,2.5610305276714983e-05
Cu2Se,449.9999977922154,98.39999953743501,109.93910078935176,84343.00292424082,72354.99020793858,1.2200000045460442,1.0605434539585958,0.3012256342939112,0.3460319525459153,0.0008166561476039055,0.0008580049303222729
(Cu0.002Pb0.998Te)(MnTe)0.03,623.000001395739,-169.29999209281746,-165.34312133484548,73930.9998828011,73101.49570411799,1.4639999986564514,1.431139120989207,0.9017526949515047,0.8899857700980752,0.0021190464542371985,0.002135495691650044
Ca0.1BaGd1.9NiO5,1133.9999913094239,185.29000139352078,182.86148188628624,238.81241991529757,270.51116069554564,1.7573999964897709,1.7541288444383751,0.00529057971569,0.007777248043060274,8.199000733289811e-06,1.2985217252421158e-05
Ti0.9Mn0.1NiSn0.9Sb0.1,398.00000192980076,-87.13500187333472,-89.40164747389187,320529.98291999043,326764.9775362393,6.402700286898465,6.437512866023129,0.15127733806100696,0.14558950544010663,0.0024336266318561763,0.0024366981083386516
La0.2Ca0.8TiO3,739.9999960475118,-132.69999419976628,-151.58029372623116,54840.001189120165,50732.141232195754,2.9579999549591185,3.010664398589612,0.2415866024522279,0.24506346303223076,0.0009656934747986872,0.0009925842373446087
CoAsSb,899.9999914423054,-81.70000444924707,-92.01741146456109,112033.00201069267,95403.85560685056,5.315399958644684,5.346431105857845,0.12661834641394876,0.1369327252492563,0.0007478079535132145,0.000857847763245502
Cu2Se,650.0000025992803,152.29999824693232,146.89560752974256,49118.00096438977,55972.54795106192,1.0639999949791579,1.1943954713159626,0.6960047507687592,0.6856198388681352,0.0011393062172528785,0.0013194238531190837
Ge12Sb2Te15,572.9999988735261,235.99999641174827,237.77146376775664,42149.999729860945,38455.433829519796,1.5040000035088492,1.4172697992766214,0.8999999973600827,0.9172184965779397,0.002347586298998423,0.0023338587920127838
Cu2Sn0.9Zn0.1S3,623.000001395739,125.00000145443869,123.12394650794326,36100.00026437515,38613.523164980004,1.1600000037519116,1.1296477728361707,0.3029404579378943,0.32388829905282934,0.0005640624982278642,0.000618351391570304
Bi2Te2.1Se0.9,523.0000003126531,-179.49999708704257,-175.94440643715245,43499.99974837316,44891.34542070195,1.05500001336581,1.0363543288677928,0.7000000202510281,0.6967769669065537,0.0014015808906184073,0.0013964026978172778
In0.01Pb0.99Te0.994I0.006,533.0000000248277,-195.23999213281513,-205.25231825612752,37970.00028818652,36309.631673778254,1.4899999992314357,1.4664583711247519,0.5177488412829572,0.5290354061331226,0.001447365482819172,0.001499056245828087
BaBiTe2.9Se0.1,474.00000238322093,-190.99999466078512,-193.89226389152293,4244.999917571009,4504.889618094814,0.39599999506053546,0.36865106543947423,0.1853649356579108,0.21536169926352156,0.00015486184509560635,0.00017200581332071243
Sr14.5Ga29.2Ge56.3,463.00000071915895,-129.99999425896576,-129.36664557579746,70236.99673869039,72385.99040875364,1.5719999951571313,1.6104193589589497,0.3496077862762424,0.34482111577918306,0.001187005318939894,0.0012325558097314216
Li2Ge11Sb2Te15,523.0000003126531,157.40000074404486,159.13738629333113,128400.0032904304,124836.52100684789,1.875000003000583,1.8380486485882357,0.8873090267687077,0.9183361200246272,0.0031810792219715872,0.003334230807189888
GeSe0.7Te0.3,630.0000005340378,34.960000645769156,31.203338489410594,61939.998823328286,66707.22643069687,1.5630999998662958,1.4897134126212899,0.030511800380199593,0.035254703127941385,7.570316364223404e-05,8.999708336645e-05
Mg3.07Sb1.5Bi0.48Se0.02,500.00000031442823,-298.2600073538824,-294.7322879437987,11689.000115805813,12835.639096654988,0.706899987657291,0.6768256397342101,0.7354944575708439,0.7740621700898854,0.0010398420608020125,0.0010537867926622463
Cd2Cu3In3Te8,335.00000440332406,148.40000289807685,129.5618096064755,18310.00022175669,17457.09125507087,1.9229999979057353,1.9266521598585562,0.0702460108109052,0.06314219956190806,0.0004032330761610895,0.00037164217882615326
Cr1.99Fe0.01Ge2Te6,713.000000125757,315.4639887732513,304.22652559906777,2488.3702923447427,2572.332489446542,0.6225000039057443,0.6132655168756221,0.2836382116710035,0.2878636142878891,0.00024763645333741483,0.0002576622198678924
Cu2Se0.7S0.3,333.0000031404426,53.46999988934832,54.93030676306924,126000.00318498853,134860.98909707845,0.8746699960069931,0.9479631283304927,0.1371484523626597,0.1248871131517737,0.00036023915483589843,0.0003715392025223509
Ce0.75Fe3CoSb12,782.999991508746,90.19999960852047,88.70364334358025,96584.9975494805,95526.61465669355,7.277999713970217,6.802131132086237,0.08454199100331537,0.10117507229430343,0.0007858194162697646,0.000935893875946602
Sn0.99Ce0.01Te,523.0000003126531,52.999999975747315,53.69078796461469,278499.9824426061,276642.8197423929,4.340000063092232,4.303321177845534,0.09427334309157834,0.09242349710324382,0.0007823064960739379,0.0007948174142702588
Cu3Sb0.998In0.002Se4,572.9999988735261,310.7000026006973,304.1221786827239,7299.999890497076,6693.374785393818,1.1200000049097296,1.1015133371705985,0.360530470597955,0.34075805889746225,0.0007047017706971245,0.000676966206409738
AgBi0.9Sb0.1Se2,576.0000007678484,-216.6699935326825,83.55977651633836,7285.999772964277,798.6635127696582,0.38086119912910454,0.3536603118269217,0.51730002250073,0.08774730008010459,0.0003420477450108465,6.386319701623359e-05
Zn0.9Cd0.1Sc0.03O1.045,372.9999967073545,-83.20000311189156,-87.2913226644146,52600.00035199713,47870.54994690992,6.599999672424071,6.439183046444301,0.02057772225885839,0.01904394358083681,0.0003641098274356139,0.00033643003229395123
Ge0.55Pb0.45Te0.4Se0.6,369.9999948130322,257.500004636791,244.1134270253624,8070.000415732324,7147.939097951309,0.7990000004622559,0.7763969759734634,0.247789525555027,0.2667019504233092,0.000535091437363577,0.0005655817066348094
Cu2Se0.5S0.5,706.9999963371123,119.29999831824813,122.45633404492015,58000.00171649667,50224.641294372625,0.8372999848308048,0.8001165318048747,0.697023167008839,0.7767526667379993,0.0008254844212601212,0.0008776408904731033
Rb2Bi8Se12.9909Cl0.0091,329.9999906825473,-159.9999909922599,-169.79737749536272,12500.000317186346,11738.032152422282,0.6599000095880885,0.5991602798609205,0.16002424697510448,0.1888246603088955,0.00032000000574866714,0.0003309472882921106
Cu1.85Ag0.15SnSe3,700.0000024805998,369.6999891320545,362.2014750842977,1866.9998784682894,1815.197066991448,0.3491999928179464,0.33940787629915037,0.511525171448289,0.5359067368297745,0.00025517799362840247,0.0002666136308874167
Ti0.97Mn0.03NiSn0.97Sb0.03,398.00000192980076,-112.20000465015676,-109.08130214134476,142384.00634070986,144190.47611516982,5.631000038947058,5.326904669437355,0.12669061576381066,0.12424030191369481,0.0017924494610984793,0.0016930227780776197
AgBi0.96Pb0.04Se2.12,400.00000319268224,358.44000825022613,364.9101275540525,4756.000142222341,3686.7640920360327,0.6089999859697982,0.6025082155175575,0.40134465099948297,0.37743334059944195,0.0006110472334158504,0.000573552015790483
Cu5SnSbSe6.58,299.99999286647017,30.339999246929118,34.42756486982781,336207.02027861704,371398.40776486386,4.17090009241748,4.2586979288052325,0.022260218025580026,0.02153937124093221,0.0003094837927189811,0.0003045886082663065
Cu7P(S0.5Se0.5)6,623.000001395739,264.50000622260006,277.5471511106564,4603.999978655715,3113.189789655578,0.28900001335539893,0.27232063302357795,0.6943474576798333,0.5738309000341779,0.0003220969839628632,0.0002545376333802794
Ca0.2BaGd1.8NiO5,998.9999800099308,156.61999932623334,134.53553448970482,374.69482651249467,475.87896935524293,1.5349000045637906,1.519883785382654,0.005982154901507873,0.008100696039498386,9.191201485168574e-06,1.2970295995760615e-05
Rb2Bi8Se12.9909Cl0.0091,724.0000070716053,-195.30000804599578,-213.01686528367173,7500.000212125335,6833.279548893855,0.5207999765348034,0.502719831290455,0.39767962776017757,0.4291786194253927,0.00028606567482203875,0.00030755668518190357
Ca0.2BaGd1.8NiO5,692.9999980605145,158.8200016695194,132.10260066647734,206.97121972162975,278.80615918459466,1.659899990685627,1.6396501444335054,0.002179574784294733,0.0024964398618601497,5.220600893138579e-06,6.068637531142427e-06
(SnTe)12Sb2Te3,623.000001395739,143.53000270047957,137.63023415530517,104999.99423975269,106120.77762259521,2.000000006336106,1.9900131668166805,0.6738026891453113,0.6761390828422649,0.002163090374957355,0.0022784110558059603
Ca0.99Yb4.01Al2Sb5.84Ge0.16,372.9999967073545,218.86999665688944,206.97928515696302,1075.0000767693832,812.8770281487404,1.0960000074374183,1.0544743351170214,0.017525854232606896,0.015349119875575504,5.149688746927707e-05,4.3298029744294224e-05
In0.005Pb0.995Te0.999I0.001,637.0000049541233,-260.7000013941851,-275.20396448152945,12000.000284137253,11179.728328789286,1.360000002145245,1.3397198996753221,0.38200040442791566,0.3821923378751216,0.0008155738811766567,0.0008176219482968154
AgSn25.0BiTe27.0,400.00000319268224,66.00000024782884,62.63267768024477,199999.98277272662,187793.36770197298,3.1900000013982437,3.0681939633666055,0.10924137678730618,0.1001221527311516,0.000871200007528678,0.0008080322076023241
Cu1.99In0.01Se,869.9999936262282,245.5000035954329,243.16592227396228,20970.00006196777,18483.247773267838,0.774999982804759,0.7662603970030596,1.4449999257641315,1.3679785057151064,0.0012638671053312462,0.001292924900184836
BiCu0.90SeO,923.000016529016,283.00000538215164,279.33140354676135,162.50001313297287,199.2787102478257,0.6466999894367615,0.7190795429377141,0.018574840926727676,0.02227946738072806,1.3014463879632654e-05,1.6173254029598307e-05
Sn0.95Mn0.05Te,523.9999996236472,69.92000016731524,67.81202339825974,289941.0198403566,297945.35127974674,4.750000074655927,4.817130175448106,0.15636881643651399,0.1473523339795915,0.0014174654453183472,0.0014007495182014077
FeNb0.86Hf0.14Sb,599.9999974361742,145.63000200220208,147.43037373580253,279844.9891179491,251074.34235138717,5.305000245608417,5.392157919646051,0.6712512434840028,0.6732143788975672,0.005934980072555086,0.00639206779302844
Ba2CoRuO6,318.00000423240397,54.80000005857477,42.37035751589026,33800.00014658279,48588.68982296066,1.4848000002348338,1.340783234403232,0.021600000140644584,0.024135843358387785,0.00010150274393838486,0.00010123135404018652
AgSb0.95Mn0.05Te2,393.9999994040377,92.16999965229124,94.98047195988588,72399.99962191597,64727.09979567856,1.0709999878159024,0.9912961054966759,0.22626870306233277,0.2112948057133612,0.0006150603697349502,0.000576457784150649
AgBi0.7Sb0.3Se2,326.0000092839301,-383.3300049233911,-342.7205049463137,298.0000132745476,279.9522823601012,0.4822672314884332,0.45644241004806746,0.029600001418272116,0.028547085719686713,4.3788682105055376e-05,3.95503468285761e-05
NbCo0.98Ni0.02Sn,497.9999990515467,-147.06001066905353,-153.65265072208828,70476.0005715938,75331.59886778226,9.238099240750822,9.107023496893877,0.0821631443575005,0.08743394715183668,0.0015241592640407664,0.0015982995946526308
BiSb(Se0.92Br0.08)3,599.9999974361742,-180.99999574968706,-177.3627167735233,19000.00010378948,19501.287610400337,0.5100000137490293,0.4982396325481485,0.7323047408319384,0.7452180147028891,0.0006224590009163037,0.000644854246594902
Cu2Sn0.9Zn0.1S3,523.0000003126531,107.30000021194057,109.55360538300528,41643.00104597393,43613.34798550195,1.3680000007237718,1.3652141555759558,0.1832977120885277,0.19159128163763015,0.0004794479364674626,0.0005197945298807971
CuAgTe0.7Se0.3,363.0000009565197,254.08000158105642,248.4006905510828,8502.999544513497,7879.818900250379,0.33170000799691585,0.29943952690695425,0.6007230332068,0.6358437722700381,0.0005489251634981473,0.0005287037044706106
BiSb(Se0.94Br0.06)3,500.00000031442823,-169.0000064485311,-171.8123718637158,19361.999941157,19211.120421129763,0.5300000159487916,0.5171726508748339,0.5216962934308108,0.5426405421607866,0.000552998080373206,0.0005745481263607739
Cu2.2Sn0.8Sb0.2Se3.2,722.9999958765917,110.99999828282057,108.94671324528935,96140.00011193495,99056.81332477047,2.2000000102098847,2.198423495433632,0.389283223718074,0.41197664708536313,0.0011845409224734448,0.001308493759060835
Bi2.0S2.91Se0.09,523.0000003126531,-483.0000004334949,-506.91042477412014,464.0000471015307,444.9240274099005,0.5850000148494324,0.5633619222018191,0.09677386016007805,0.09818364488028235,0.00010824609332435486,0.00010809854704104615
Cu2Zn0.6Fe0.4SnSe4,473.00000175178013,330.91998833000974,321.0798205304221,306.87005369424423,341.5651334516605,1.7597999959844972,1.787357181841277,0.009032298643717702,0.009180598543056633,3.360473146631872e-05,3.62881626433566e-05
Mg3.5Ho0.02Sb2,400.00000319268224,-250.00000467254654,-245.45927018329525,11744.000054376236,11534.273325376635,1.0662999986734842,1.018975173574115,0.27534464869101255,0.26994387808382286,0.0007340000032112918,0.0007111239928712545
SnS0.88Se0.12,422.9999965886741,213.0000012642632,205.13236352200082,54486.99944709866,57533.09501537987,1.8199999852083808,1.9577349757631117,0.5745410734734572,0.5541873840356207,0.0024720206921943154,0.0026828853417642726
Mo3Sb7I0.75,623.000001395739,38.54000064336893,36.29472367817522,477199.94984008087,474511.23632270517,6.289999752816922,6.275317293343667,0.07020390108890624,0.08309006670756829,0.0007088002391279612,0.0008584618441766593
K0.995Ba0.005GaSb4,324.00000802104853,-183.0000096201492,-177.4247989622751,1633.0001526844712,1055.8292682880053,0.8728454166770805,0.7613953527369708,0.020300000097509294,0.013064546701112364,5.468753485844743e-05,3.537324589637463e-05
Ag0.97Cr0.99Sb0.01Se2,703.0000043749221,167.73999590821637,181.02804974354717,10240.000158834468,9520.524047630626,0.45689998489959255,0.44990543712581155,0.4433098512873382,0.44953558495525425,0.00028811989081577974,0.000307321089909729
Cu5.133Sn1.866S6.3Cl0.7,529.0000001399578,96.59000083810527,97.41582426474778,72203.99569887147,67256.78094452387,1.5499999964375013,1.5068709010642318,0.22990560614971428,0.23003157653735173,0.0006736364751664289,0.0006812329162237889
Mo3Sb7I1.5,623.000001395739,28.000000863595616,29.516623652426304,392400.0107087407,396147.2669224997,5.389999792033521,5.45844253631795,0.03555857629463279,0.042554206561630004,0.0003076415946965855,0.0003800740847333042
Yb14MgBi11,816.9999918505862,88.63999970794796,83.89179823712936,59592.00174144096,66280.04143099335,1.727499990043685,1.7160684966162123,0.22143764493170828,0.2759543059203393,0.0004682172985596333,0.0005975364703731537
Ge0.58Sb0.22Te0.8(AgSnSe2)0.2,623.000001395739,208.10000485027768,214.3324202820054,35500.000300625805,32633.310875651612,0.7100000024360246,0.694911343318221,1.3659999440077426,1.4116598113638146,0.0015373491897642075,0.0016492879022580278
(SnTe)20Sb2Te3,422.9999965886741,63.620000060859816,63.87201744061716,237197.02622749459,238483.69263887653,3.9799998481856274,3.8874407543057954,0.10203609106859717,0.10083895915646286,0.0009600558999322122,0.0009499990917937242
Gd2Se2.94,650.0000025992803,-147.79999560797688,-151.01056519829092,20300.000081342143,22284.063170681577,1.3739999997914438,1.3837526609448472,0.20978359729519777,0.23458198083475584,0.0004434502535078107,0.0005112892727834578
Sr0.16Yb0.03Co4Sb11.82,650.0000025992803,-175.00000109910908,-179.30971189126168,175909.00202929543,174368.715762773,3.4000000679620714,3.33604132732336,1.0299083563616753,1.0200961824055117,0.005387213403107887,0.005504957381034281
Ge0.83In0.05Pb0.12Te,424.9999978515556,254.4500057907202,251.34316088603822,16861.99979739301,15032.260987658841,0.9267000053670443,0.9077764660596414,0.5006840412775047,0.4765207513417671,0.001091726839244779,0.0010273699066534467
Yb10Ca3BaMgSb11,700.0000024805998,156.34999815813308,155.73697763491631,14886.999897124166,15369.603320449281,0.6140000058074007,0.5915062876695718,0.4148896769686867,0.49058751506278087,0.0003639175138557904,0.0004305417557302664
Sn1.03Se0.12Te0.875Br0.005,422.9999965886741,34.739999530925395,30.508911404770778,390351.0133305766,410404.6507055218,4.1950000179400435,4.168418593467107,0.0475032515119878,0.04217578687202938,0.0004711019734303798,0.0004259108653728605
Ca0.1BaGd1.9NiO5,636.0000043226825,174.99999600992894,158.26479577158784,104.45716280875503,133.75685883096006,2.060700018009469,2.0340361331865116,0.0009873169767492564,0.0011327751349360937,3.198999656941422e-06,3.787516948344577e-06
(SnTe)20Sb2Te3,623.000001395739,117.50000227111515,122.48076540550875,136399.99636597905,126397.37116228751,2.8099999984300896,2.6446953959200123,0.41751476176759467,0.46876433948123836,0.0018831725835145071,0.0020831754614969145
BaBiTe2.9Se0.1,525.000000255088,-199.2000092649523,-202.3321073443705,4050.00006434989,4178.2292435213485,0.3910000177636595,0.36200344560869496,0.2157825095811666,0.23754154890505458,0.00016070658594159154,0.00016899475542155772
CuFeS2,389.9999968782746,-358.999985759394,-386.0536378910368,5142.999864000119,4232.342802251312,5.786999838436624,4.681716788807528,0.044670061681554254,0.05153693720733959,0.0006628349877302217,0.0006091264346377429
Ba8.04Cu4.9Si3.23Ge37.83,809.9999979940737,-143.09999353691634,-147.6146178166775,45500.00127668459,50368.494356086834,1.525800000408635,1.5579614521674312,0.4946272829486074,0.50681735734392,0.000931731262774457,0.0010271627001736936
Ca5In1.9Zn0.1Sb6,521.9999996812123,161.99999977354187,171.26714004839667,20860.000052069718,17611.63433111425,1.0079999898488043,0.9423643104179797,0.2730000025006443,0.2946936217985717,0.0005474498387613404,0.0005546535716665345
Ag0.97Cr0.97Bi0.03Se2,403.0000050870046,85.38000093170496,86.68787999198904,18007.99982210269,18021.096521934836,0.4300999978767523,0.4178118293653458,0.12300234417718041,0.13387328920783384,0.0001312737135806786,0.0001450688298200384
ZrNiPb0.985Bi0.015,871.0000048212419,-148.49999341851736,-140.46525737963913,161052.002528259,168332.93372013682,7.229999718579792,7.282088500865359,0.4278572545868206,0.44882442555366725,0.003551558993021394,0.0037818476510465635
Ag(Bi0.8Nb0.2)0.9Sb0.1Se2,576.0000007678484,-146.99999475587288,-157.13775319851663,20709.9999358557,20167.09866383074,0.4175812172588663,0.550033212922372,0.6173000045321673,0.5309352471696428,0.00044752239203093945,0.0005072391788671176
Li0.03Cu1.85Se,301.0000040614839,38.82999977823642,35.88275118102267,135577.0000037216,151435.56590944342,1.8506999818208087,1.966240239319439,0.03324690977948869,0.03612806909160126,0.0002044187797091045,0.00023142994147360403
BaLuCo4O7,368.00000411372355,127.99999877972769,129.09141492857856,98.99997881851613,105.14203663661701,0.5900000229426705,0.6452885686555341,0.0010116981623921975,0.0008645560476994662,1.5999997673771669e-06,1.5222446421447867e-06
Sr0.21Co4Sb12.25,299.99999286647017,-126.0000017386478,-127.6099826146484,240000.02738941787,217729.18246756273,4.870000058303954,4.43202142489818,0.23471704013569583,0.23828664099435612,0.0038102398225093098,0.003531817936809806
Cu2.05Cd0.95SnSe4,299.99999286647017,142.2000021643718,123.48352541813438,10750.000264108678,11658.110715183386,2.3379999805059177,2.203119084725372,0.02789230666039667,0.02754482516919529,0.00021737402364642853,0.0002022177493013651
Mg3.5Ho0.03Sb1.97Te0.03,599.9999974361742,-245.77000985271332,-251.03340074257534,18974.00010832803,18620.04763705605,0.8190999908356231,0.7749487191401293,0.839519838891379,0.8574435326207926,0.0011460844772373162,0.001160742720280424
Pb6Bi2Se9,422.9999965886741,-112.79999941913371,-115.88390396889494,23422.999979883298,23742.404878610472,1.1229999987768373,1.0679968015335148,0.1122590406262942,0.11732474498800954,0.000298030507227333,0.0002953116388239362
Cr1.99Mn0.01Ge2Te6,514.9999992224668,331.9999930024108,325.7494624388291,2734.375053067743,2715.411578298741,0.7157000144353631,0.6962954220293324,0.21687547934231197,0.22331486259116728,0.00030139375532839673,0.00031269656410831003
CoGeTe,625.9999980082748,-111.49000418741949,-119.35428423187875,9043.00017199242,11194.689826255919,5.826000214309821,5.729982078137565,0.012077811782592537,0.015385859892723357,0.00011240467307159355,0.00013502688958389622
Cu7P(S0.75Se0.25)6,523.0000003126531,298.2200033961172,343.81810309249585,1306.0001478376223,794.9880207542723,0.21570001322695356,0.20363710793411777,0.2816230880955119,0.24526858476194552,0.00011614932844330473,0.00010199586331130514
Cu11.7Gd0.3Sb4S13,423.99999722011484,94.34999962623425,97.05799464467091,114608.00360974765,110431.68968442394,1.4160000000886201,1.4287288292261804,0.30549305249696895,0.306880668592606,0.0010202315392198187,0.0010482441425329002
Cu5SnSbSe7,672.999995995272,64.82999995551813,61.53116055500445,242609.02486483895,253592.72008971966,3.8019998322555586,3.8330217154965585,0.18049363967384532,0.18724815063359793,0.0010196683982137413,0.0010999014102650564
Ge1.04Te,523.0000003126531,137.00000249579676,140.37164178894375,211000.01155074488,206403.87875652275,3.0599999376192373,2.990480816269461,0.6768677970554828,0.7013532983783949,0.003960258893889337,0.0041767545773637215
Ta0.92Ti0.08FeSb,970.0000145160132,257.99999636420443,252.2866504883171,69749.99709135477,63219.526700523485,3.950000151433768,4.109494824229161,1.140140103157553,1.0986908708921994,0.004621999765077494,0.004960291741842164
Mg0.98Li0.02Ge0.8Si0.2,599.9999974361742,337.4999959255754,332.3038294329889,6300.000346216364,6652.969804446299,2.398700010471533,2.475457272695052,0.17949957267630193,0.18401120264555706,0.0006960000031608323,0.0008360921381699493
Ag0.97Cr0.97Sb0.03Se2,303.00000532436536,74.15000012348688,76.47642536565724,32413.999667646385,29728.332546704623,0.5443999736202534,0.500036336372147,0.09919263912399527,0.1030210461130706,0.0001782193817438875,0.00017056049427333005
Bi2Te2.01Se0.99,422.9999965886741,-165.599996956988,-167.2002334652382,49099.999985427574,50027.26904754231,0.9810000108759582,0.9278533669576691,0.5809999770183575,0.6370836752368667,0.0013464869691397897,0.0013931463838945779
(Zn0.9In0.1)4Sb3,473.00000175178013,201.99999541793406,205.5314364720862,13120.000164279112,11831.156709608378,0.8140000166507624,0.7986005553591285,0.31108087410683144,0.3059299987009015,0.0005353484791907216,0.0005341965087139917
Gd2.79Se4,750.0000023619194,-136.99999584477482,-143.71238595932027,15439.999934619304,16542.15343660833,1.2550000037694364,1.2364043969891991,0.16999999967210727,0.18588855413017477,0.0002897933667842197,0.0003173063179586044
In0.005Pb0.995Te0.998I0.002,663.0000002444373,-230.99999030517733,-243.5345579691595,17935.99976260587,16533.20608284208,1.269299993872176,1.2005463788558683,0.5000000001106574,0.513472707482702,0.0009570829112059471,0.0009629024023341231
Rb2Bi8Se12.909,724.0000070716053,-194.19999806920117,-199.7602751899928,9119.99987777343,10090.920210046761,0.6250000025206818,0.6249615443146668,0.39842982145135253,0.4511452091674481,0.00034394839696969107,0.0004024144723775323
Ba0.5Cr5Se8,833.0000019536385,249.9999995833664,239.66284554810522,1907.0001511420865,1964.2475096946557,0.86033959054055,0.8865302227549962,0.11540000238980784,0.12093163372966889,0.00011918749783294929,0.00013176724830327567
(Cu0.002Pb0.998Te)(MnTe)0.03,422.9999965886741,-207.7199913373952,-201.80945702688695,62068.99968032891,62973.560836066914,1.6079999966159748,1.5173237860761,0.7045076605174821,0.6559534776360412,0.002678128100215908,0.0024116415803031093
CoGeTe,326.99999935179795,-176.00000803434017,-189.54730901263946,5849.999958728117,6475.662007352074,8.294999570000588,7.849725876111237,0.007143524572368587,0.008495010437448927,0.00018120959263612886,0.00019018106690081655
GeSe0.95Te0.05,633.0000024283602,567.2200140213419,564.209027866879,134.52003030170502,131.5724770528757,0.859199995574115,0.8838380296269623,0.03188595181918198,0.02734107028589038,4.3280264527210086e-05,4.084381467621057e-05
ZrNiSn,672.999995995272,-160.400003158514,-166.45461322930257,69789.99909946565,77366.86183541793,3.491000015391653,3.423248042195314,0.34615223092660946,0.386324761645362,0.0017955683153993995,0.0019384447794312102
Sn1.03Se0.15Te0.85,623.000001395739,88.87999878955895,83.95261248405342,144736.9983188794,153392.6543295871,2.785999938134094,2.7517381502177405,0.25567872738676806,0.2732383270998959,0.0011433722468026134,0.0012204479485565032
Rb2Bi8Se13,427.9999997458779,-287.29998863593613,-286.11298376151467,1180.000134027575,2413.466211333981,0.45500001358442743,0.5068382560092871,0.09161901592641578,0.16284178133748603,9.739872505485168e-05,0.00019542713460618088
Mg0.99Li0.01Ge0.9Si0.1,400.00000319268224,292.2800011783157,291.0257484262145,10691.999972554093,9215.766419001666,4.352199885056102,4.614186899031086,0.08394760237840744,0.07521617698327494,0.000913391883443884,0.0008612988720404266
Cu1.85Se,501.99999893641655,32.990000601998396,37.6295993332087,348077.0243983854,352063.67447637056,3.939399883383519,3.7424797161885914,0.04827403550399736,0.05414072509950964,0.0003788261579189491,0.00040873549700747795
Ca0.15BaGd1.85NiO5,610.9999991002362,192.65000453679684,167.45326495211094,202.0799694647684,223.73791434206325,1.9522000107256783,1.946447185275129,0.0023473518051423145,0.0022718387911246567,7.499999571739831e-06,7.470038162812803e-06
Bi0.88Pb0.06Yb0.06CuSeO,346.99999085346747,116.99999880349961,117.25934573818606,38400.00023847287,33160.63335893109,0.6500000090464175,0.5862343449082497,0.28062028232272396,0.2989449934101127,0.0005256575999472928,0.0005095713488507477
Sm0.2Bi1.8Te3,372.9999967073545,-142.6000018095029,-130.4503366716607,74600.00056569996,77968.81373702132,0.7339999960192954,0.6870285697889279,0.766000014180588,0.9020340206936114,0.0015169730475773355,0.0016595201709501417
Ba0.11Yb0.08Co4Sb12,799.9999916796662,-178.6199984977686,-186.75793091318394,112600.00110005407,113950.11972551247,2.3199999634433723,2.34129577149701,1.238798099630465,1.2423758221760302,0.003592514518336342,0.003899328156127524
Bi1.2Sb0.8Se2.76Cl0.24,599.9999974361742,-167.99999951330003,-167.32935220803176,19392.000070310984,18885.81384189854,0.6200000092570349,0.5929075796208771,0.529664324842457,0.5500485469790883,0.0005473198084561076,0.0005689213214315814
Cu2Se0.88S0.12,303.00000532436536,106.58000003205706,110.43867573959031,69582.99615022259,57928.97772383526,0.6080000057955356,0.5216402046829434,0.39390692843321573,0.4207771355839268,0.000790413931609599,0.0007483366188205707
(Sn0.8Ge0.2)0.8Mn0.2Te,873.0000060841234,153.00000192757386,144.65553000655783,78800.00268436511,73792.24465524506,1.5120000000121925,1.4575604779597882,1.0600000784190677,1.0660502205670033,0.0018446292343470747,0.0019100477487124193
(PbTe)0.15(Ag2Te)0.85,350.00000331136266,-104.28999651848338,-102.3180534712636,79472.99597178734,75723.43917550004,0.8500000052115181,0.7636306924255993,0.5490000021763198,0.4827605230680804,0.0008643804672814969,0.0010436417014999346
AgCuTe0.9Se0.1,421.9999959572333,181.1499952228522,201.38923488362326,24077.999999720007,17063.104218203367,0.3579999857385336,0.3354479625124962,0.885499990419217,0.889343660123795,0.0008028999923522866,0.0007371186556185805
Ge0.55Pb0.45Te,299.99999286647017,50.00000008228911,43.95075895267749,75949.00131179974,74526.25148780752,2.5060000290971014,2.3356971527724264,0.022730146979901642,0.028195387095695763,0.00018987249610051448,0.0002194051736112135
Ba0.03Co4Sb12,599.9999974361742,-215.169994870038,-217.37727026853048,29787.000162088818,31571.28446243642,3.7140000227819683,3.629638320266535,0.22279198269288883,0.2348644070890725,0.0013790823264895116,0.0013868095054271467
As2Te2.6Se0.4,322.9999968260349,210.0000039389742,211.14074067688455,939.9999610983527,943.4084639191377,0.5900000229426705,0.584606080257223,0.02000000018077578,0.025399258590305923,4.145400348478703e-05,4.7646239927550854e-05
Ba0.96K0.04Zn2As2,623.000001395739,90.73999900967047,88.29600591605642,54236.999856458344,55651.984295072165,1.8013999919983879,1.851454141705217,0.15444402066389007,0.14991580017116052,0.00044657376919814357,0.00046484835859084313
Ba8.07Cu4.89Si41.03,417.0000033636024,-54.30000461518991,-49.7004047525646,150299.99715244936,155728.40864160526,2.86100000711397,2.7470481778500946,0.06380000236815808,0.05890537864287061,0.000443158049448193,0.00039528384533011094
Cu1.99In0.01Se,473.00000175178013,130.0000009099877,143.35431644602107,55405.001281941484,49750.838690864024,0.9000000069347781,0.8663774003794702,0.5000000001106574,0.5408431942908943,0.0009363444987511863,0.001056151432549397
Cu2Se0.96S0.04,449.9999977922154,121.0499987147004,131.4200429261696,57191.99955343479,57493.667590158424,0.9420000113909031,0.8785382614836753,0.40033769946940595,0.46128684677756676,0.0008380402457141372,0.0009560301912782494
Ge0.95Mn0.05Te,297.99999160358857,45.159999769893204,41.95321052465822,379381.0071952622,432666.78727520484,4.791400166378442,4.960531436905417,0.0481212901576977,0.03914556337099829,0.0007737193163598103,0.0006709555722972746
Ti0.99Mn0.01NiSn0.99Sb0.01,297.0000015357208,-127.13999884382528,-119.16592442924369,88741.99830334961,97248.484926004,6.234899798266572,5.776109202017932,0.06833144037477822,0.05921287098995865,0.001434477072343086,0.0012066335599183915
Ag0.01Cr1.99Se3,299.99999286647017,88.85999935526645,83.85476376957686,39607.000161148564,36941.6999782259,1.63500000526326,1.693690198797938,0.05738363667183154,0.05821174544205082,0.0003127408155469073,0.00033037272179800434
Ba0.5Cr5Se8,803.0000041375613,268.9200044733636,245.82780177851524,1639.999936069126,1820.9783319891271,0.8505579589158827,0.9048855334443641,0.11197000122926944,0.11211318825203873,0.0001186014624048279,0.00012928063036467654
Mg2.16(Si0.4Sn0.6)0.97Bi0.03,400.00000319268224,-142.9000109341935,-139.21887056295088,172700.00370911107,175530.49774584203,2.545500002067321,2.5105172742572264,0.5541708368611998,0.5268035507936375,0.0035266051268195205,0.003403423371820626
Cu5SnSbSe7,299.99999286647017,28.62000093696612,27.032546573761973,527826.032338801,558716.7930360486,5.267000059308897,5.321793911369507,0.02462566643306165,0.022894173681847145,0.00043234459980339844,0.0004027649227083704
AgBi0.9Sb0.1Se2,550.0000001957478,249.9999995833664,91.76366538720148,237.30005390719097,815.9437493091632,0.3739999947462326,0.367392912464136,0.019400001320210535,0.08172817714632899,1.4831249025423598e-05,6.380370810299548e-05
La0.1Co4Sb12,372.9999967073545,70.73999971994911,45.45343144635229,25687.999930310132,25993.574816867043,3.685999979260307,3.773389560538204,0.01300810149763853,0.014094505459783978,0.00012854654400264648,0.000143744362001794
(CaZn0.4Ag0.2Sb)0.87(LiZnSb)0.13,672.999995995272,193.40000386811911,193.2878849379792,20251.00000972702,17750.962542421545,0.5479999857173365,0.4992362379139877,0.9302376958424424,0.9449815592766418,0.0007574594821800519,0.000728065315218064
(SnTe)0.98(CuSbTe2)0.02,426.9999991144372,35.15999939126989,32.68190247805478,375837.0393157653,371572.79640585114,6.234599855320004,6.235069168977157,0.031821197751823335,0.029768392860484768,0.0004646193202449335,0.0004485682374896486
YbSi2,474.9999977328752,-39.600003633031314,-21.81699035647177,641000.0695620552,659046.7727564723,9.932999157373178,8.36822638018962,0.04806860988400259,0.05287420783566681,0.001005190545203136,0.0009794396622287466
Sr0.21Co4Sb12.25,650.0000025992803,-183.99999307497606,-187.46905843532366,137272.9974641377,140453.10745178824,3.6499999252526036,3.54816759991881,0.8276395812078851,0.8457528796799721,0.004647514739436836,0.004766720443320153
Yb13.43Ce0.44Mn1.07Sb11.07,473.00000175178013,98.69999985697402,106.40714610135734,33440.000174497996,30861.8697367743,0.7199999949474896,0.6971382798547892,0.21400761087449865,0.24120185405769404,0.0003257621102716006,0.00035777095089302506
Li0.02Cu1.85Se,301.0000040614839,34.7000006623404,31.157093833303673,179808.00592142742,202814.8403535278,2.7459999616610014,2.8315471988626513,0.02439999838151234,0.025707220226618158,0.00021650501367954507,0.00023674503415940825
Bi2Te1.95Se1.05,473.00000175178013,-188.14001098584674,-188.01577616713047,39450.00005298546,41143.711908140926,0.9079999808136088,0.8795654715710961,0.7509999975700857,0.7611056445341192,0.0014000000164019152,0.001425205329678314
Rb2Bi8Se12.9935Cl0.0065,724.0000070716053,-250.00000467254654,-259.65340933698593,4007.000185998072,3876.101708285897,0.4949999754522057,0.4619296309251084,0.36629647271828497,0.3804749223045158,0.00025043749725285695,0.00024702373370361395
Ge0.55Pb0.45Te0.4Se0.6,469.99999985745785,316.2499953044415,292.516049681917,5499.99994937178,6059.669289112219,0.7910000051484457,0.7420993263516907,0.35950000039490465,0.40257579195064774,0.0006250000033583931,0.0006441020363291544
YbCd1.5Zn0.5Sb2,350.00000331136266,121.02999928040789,123.17623736813627,91450.00335966628,77605.34524192032,1.6129999968176711,1.488055017170876,0.3300000069932678,0.33353624185322206,0.001339583420594337,0.00144846822384264
AgSb0.93Mn0.07Te2,301.99999412935165,58.43000001771071,62.80598801130148,121744.99746941333,105662.36653912668,1.1500000061526139,1.059224795968275,0.10915207737034659,0.10878421196599866,0.0004156453319496868,0.00040729060592931197
Yb11Ca2BaMgSb11,899.9999914423054,191.00000131180707,175.52532309349334,13650.000188365015,14832.567785414096,0.6689999856210956,0.6492616662795067,0.6699089608571457,0.7193792823590626,0.0004979656500141307,0.0005384768712828631
(Cu0.005Pb0.995Te)(MnTe)0.03,822.9999956392309,-172.81000727812088,-155.2879904346441,61918.00164128954,64029.38393049442,1.4746999987871416,1.4570343277177509,1.0300000878313753,0.9977122284647992,0.0018490754905507577,0.001909572384357263
TlCr5Se8,523.0000003126531,266.9999883400714,269.49292633627743,5400.000276848053,5044.307102923786,0.7049999819492847,0.6921601175598336,0.2855806969246328,0.2915714200234285,0.00038496059625092727,0.00038731306869747324
CaTiO3,537.9999999995489,-257.0000062583556,-271.06725730765345,2599.9997640399715,2458.5874818249554,3.670000084986294,3.548150309617291,0.025174208096246865,0.027399957430467848,0.00017172739538710578,0.00017339575259112653
AgBiSe2.0,576.9999987583959,-238.99999882621745,-221.35597780242506,3477.999980641085,3531.0983421293167,0.42999998639610637,0.4537886151098693,0.266583175442538,0.23902262873154634,0.00019866684629444106,0.00019842911824339917
Hf0.8Ti0.2CoSb0.8Sn0.2,884.9999925342668,228.9999948259392,217.9084623639692,47670.00130001569,47002.53348793454,2.669000021579832,2.8052092722336277,0.8289165234467167,0.782359523220141,0.002499862588386538,0.0026159211297758977
Cu1.85Se,399.0000025612415,22.98999875584982,29.745434321427524,467307.9740492947,398370.3181326847,4.045500205408555,3.541682297572595,0.024360258080515774,0.036401259130292206,0.00024699101479089226,0.0003120110113140856
AgCuTe0.8Se0.2,722.9999958765917,179.69999808098947,186.05256274109954,28834.9999123734,27104.318700668297,0.6148999965830009,0.5838746981472976,1.0927001013152848,1.2277587208743939,0.0009311424029866318,0.0009914054610705924
(SnTe)0.88(CuSbTe2)0.12,426.9999991144372,58.2399999804326,53.631014193102544,226650.99169564285,227001.3304146301,3.2050000128317078,3.233336774817829,0.10242364423210706,0.08365287827497923,0.0007687769731819862,0.0006819220275079645
Ti0.98Mn0.02NiSn0.98Sb0.02,598.0000014550791,-152.43000259406423,-153.21391936927904,160926.9994982503,155908.59902665846,5.576999959024537,5.396247371136105,0.40093165225448885,0.3945589037693937,0.0037391232710072965,0.003573078988179735
Sr0.21Co4Sb12.25,400.00000319268224,-146.99999475587288,-150.1030475752737,195453.9918633346,184569.43585725798,4.289999862915703,4.137320379671201,0.39380563385811407,0.3837224221939489,0.004223565772152382,0.004051335487635877
Ta0.92Ti0.08FeSb,469.99999985745785,174.19999515782493,176.80998296905656,182599.98852338994,180837.05769516336,5.465000057218482,5.678732058351706,0.4785000041092864,0.4505329166745377,0.005541114160567938,0.00589709654711024
Ca3AlSb3,521.9999996812123,389.9999960789412,368.5552255048208,498.00000608500227,709.7626869297723,0.8500000052115181,0.8129603638120712,0.04499999823577659,0.06529207589528623,7.574579709470006e-05,9.833815846297853e-05
Cu1.95In0.05Se,473.00000175178013,177.72000125512298,241.71945893293432,21621.99993848126,9906.091721358724,1.987499981200575,1.6218470206708773,0.16671018837485438,0.18565181112456444,0.0007004999980794608,0.0006373723618022599
TlCr5Se8,623.000001395739,283.9999888369785,286.477453246805,5010.000145004267,4615.885756869482,0.6899999822925217,0.667577478120144,0.3800000079053463,0.39340309757530145,0.0004040865595125649,0.0004269135103072955
Cu2SnSe3,722.9999958765917,217.7099942473184,203.20444623268935,5327.000113791233,9460.186431225065,1.0999999974832366,0.9201183504851327,0.16595298328810715,0.2706710029768191,0.0002524872466959969,0.000359825069991504
Pb0.96Tl0.02Na0.02Te,797.9999904167846,245.1000031693809,227.70759815718623,34006.00019936052,32497.385569605794,0.8033999830839255,0.7744211736854935,2.029145832234873,1.9670722955313173,0.0020428768382967514,0.002019521341149658
CuAgTe0.5Se0.5,363.0000009565197,137.50000009331126,153.46637558624846,9413.000088164974,7779.03795517112,0.4446000006928809,0.38047287190868906,0.14530167644266037,0.16534221325909934,0.00017796453620051077,0.00018625389082597093
(Cu0.005Pb0.995Te)(MnTe)0.03,722.9999958765917,-147.02000006026643,-145.8748137857568,89177.99817730552,80100.272763392,1.6426999998283525,1.5387582329054554,0.8483803393961502,0.9348321180408721,0.001927571841647224,0.0021164698915149853
Ca5Ga2Sb6,424.9999978515556,417.3399917400198,337.5426598200391,639.9999659774894,747.7992974874882,1.0951999965108636,1.0169478876227516,0.043256909643958306,0.048309167152366654,0.00011147051032501098,0.00011293380581757818
SnS0.97Se0.03,422.9999965886741,252.80000256573044,237.19926979737355,41300.00038491104,45495.56893972867,2.1900000007641873,2.4279535875430116,0.5079999934594572,0.45179912712052706,0.002618000019148294,0.002745165658523004
(PbTe)0.15(Ag2Te)0.85,599.9999974361742,-191.20000074391217,-180.89271378281603,17800.000018959166,19449.042608161704,0.4929999902766372,0.46902133781190974,0.7919542983758602,0.8030159098778471,0.0006507224261269827,0.0006433498549490831
Cu2.05Cd0.95SnSe4,449.9999977922154,147.40000183294683,141.08207076905796,16235.999891573883,15091.525970517765,1.3940000000246708,1.3544575778701085,0.113873786014475,0.10417467147190843,0.0003527556750383571,0.0003291982314048514
Mg3.5Gd0.03Sb2,500.00000031442823,-254.22999949237976,-249.80359109126482,16667.00001941921,17176.457315225656,0.860399981991025,0.82324542996014,0.6260091004962232,0.6293196806184651,0.0010772364070646184,0.0010530871097411353
Ag0.01Sn0.99Se0.9S0.1,616.00000225744,432.04999537437516,402.3303781478455,596.0000367811272,597.6321438438613,0.21230001686215405,0.19496256544908197,0.3228085189876316,0.31449466685455857,0.0001112536494044289,0.00010683118690305797
Tl4PbTe3,623.000001395739,204.20000363132115,195.74919482970387,11200.000062628298,11740.394833437222,0.5210000211983168,0.479619507870244,0.5584442249687478,0.6276084979938087,0.00046701356728802646,0.0004712686812288749
Mg2Zn1.02Sb2,773.0000063214842,109.93000213271736,95.2080440375646,11117.999768832959,11306.415509369383,1.161099994079425,1.0943566862127752,0.08944766376583868,0.10408359172009275,0.0001343566313556722,0.00014470573896888269
BiSb(Se0.98Br0.02)3,799.9999916796662,-228.99999991511942,-225.8422142734869,12128.000227880342,13319.833401331278,0.4799999762416487,0.46401092418444945,1.060007474421236,1.0549197271865045,0.000636004442516433,0.000647359222608415
Cu2Se0.92I0.08,385.0000042846437,179.99999546547795,179.6128740411394,10760.00028873593,9622.66632164175,0.5055000060935638,0.4379091038774882,0.2655197656939143,0.2888746378797411,0.0003486239985018405,0.00032790247020943045
(Bi0.23Sb0.77)2Te3,449.9999977922154,220.32000553895426,226.08196759177451,32706.00034565007,29280.081118295777,1.0522999921481897,1.016744753759081,0.6789037815565557,0.6910661859483761,0.001587578714044416,0.0016317042109994615
Cu2Sn0.95Fe0.05Se3,722.9999958765917,112.14999804019483,111.44293262798479,70608.002723597,68245.84835455276,1.9292000129912183,1.8785869082338431,0.33282313839456273,0.3311652217355191,0.0008880807604699123,0.0009094572664446176
Co0.99Ni0.01GeTe,326.99999935179795,-115.110001586079,-120.89734595585864,57180.99830149409,56423.50961967863,6.95449966605224,6.2599817302357526,0.035625397252433924,0.03492661365121141,0.0007576661014512819,0.0006922048510292745
Li0.03Cu1.83Bi0.02Se,710.9999988628754,78.4600000181164,76.51391770109198,143677.99465632625,135818.91234048936,2.0179000108318976,1.8808736411759368,0.3116426185917858,0.3585564036718547,0.0008844776753597995,0.0009985684134131059
Cu2Se0.88S0.12,352.99999464211203,127.30000096918721,130.04078050201295,50900.00120469801,44432.79385861228,0.47399998992476017,0.48317031626781987,0.6109999725081439,0.5401111591515326,0.0008248492453760832,0.0007536051408190113
Ti0.97Mn0.03NiSn0.97Sb0.03,297.0000015357208,-95.56999662271133,-91.3022453128959,143708.99489931916,153802.0311631455,5.939999773290172,5.682216349077287,0.06562920363708273,0.059920769618758266,0.0013125841190146541,0.0011852051125584022
Ba0.98K0.02Zn2As2,322.9999968260349,76.54000002760215,66.88171804294915,139130.0079368778,124599.8005445291,2.8439999523353077,2.7235195670585495,0.09257007926405936,0.08036635003426307,0.000815075250263136,0.0006823445039912582
Ba0.98K0.02Zn2As2,623.000001395739,130.0000009099877,129.8515988852303,62744.99937404544,59350.48125736994,1.8511000062305485,1.9019106184301184,0.35688145749475914,0.3486719076328799,0.0010603905237222804,0.0011061097357921617
Ge0.98Mn0.01Sb0.01Te,297.99999160358857,35.15999939126989,34.636616778679766,507216.03365936957,534555.9845776614,6.074899770475853,6.166244222570921,0.030758689337734325,0.02890993980362748,0.0006270333984920155,0.000620286933291762
Ag(Bi0.8Pb0.2)0.9Sb0.1Se2,377.9999998645583,152.78000228025536,162.50529807230853,537.9999980904267,482.69443280605475,0.5519612900724457,0.5095975624904162,0.008599999738142407,0.008442710666482306,1.2557847759848755e-05,1.1702293118053097e-05
Cu2.5Sn0.5Sb0.5Se3.5,299.99999286647017,28.000000863595616,27.032546573761973,532716.022914552,558716.7930360486,5.310000180647909,5.321793911369507,0.023596006688733673,0.022894173681847145,0.0004176493429840014,0.0004027649227083704
Ba0.08Yb0.09Co4Sb12,299.99999286647017,-126.19999608157275,-126.06362189387588,206599.99003077994,191542.08779049417,2.5099999924001213,2.4591766040654224,0.3800000079053463,0.37890632776508953,0.0032904022627435435,0.0031987814730966998
FeNb0.9Zr0.1Sb,700.0000024805998,193.00000344206708,195.18911674789715,155040.00637711215,136728.18098739188,8.067999879536776,7.7299606490440365,0.5010609095140663,0.487911615118645,0.005775084599933323,0.005876677968397256
Ge0.98Mn0.02Te,497.9999990515467,72.90000025959962,76.75403124967353,273195.9727777277,273555.6843802677,4.000000040387505,4.096795178899314,0.1807585065039017,0.17963195141539026,0.0014518755943636991,0.0015261523477822882
In4Se2.67Cl0.03,322.9999968260349,-103.30000397565121,-110.31641836400848,105262.99689925909,95411.61439536374,0.8799999850306269,0.8677967565047398,0.4122837622593532,0.44097615994284783,0.0011232498844392356,0.0011588859334037177
Ta0.84Ti0.16FeSb,869.9999936262282,212.70000387977473,205.68259157423816,114484.99345772793,107177.34566522337,3.690000031966816,3.698755148831877,1.2211709427631674,1.19717300828524,0.005179449369219091,0.005461490299813262
Cd2Cu3In3Te8,476.99999899575675,184.20000580912506,173.94227424113055,13000.000330405432,13078.124328371583,1.2899999978466725,1.3137356427715063,0.163098990380409,0.14363924555451535,0.00044108532069414043,0.000416783341368144
Cu2Se0.9S0.1,333.0000031404426,45.539999294127455,36.625142861378365,63429.00145795732,56133.50132243283,0.4267000128541631,0.543407347911231,0.10265864248144661,0.09141810102844057,0.0001315448658931939,0.00015314127529310494
Cu2Zn0.8Fe0.2SnSe4,773.0000063214842,313.2199900225622,308.45093208269714,2861.0001683798646,2769.285122872342,0.6693000130893776,0.6666047753654577,0.3241720046126259,0.3248338400296156,0.0002806834692248542,0.0002856624405583831
Ge0.98Mn0.01Sb0.01Te,773.0000063214842,147.73999808602028,153.48629870922727,143300.00610096584,118508.42346323235,2.6737999969651045,2.113338401623695,0.9042592105852937,1.1572999099351595,0.003127824263673455,0.003446069443828504
Ge0.87Mn0.05Sb0.08Te,497.9999990515467,163.6000014777499,162.26937871093037,85600.00375252096,84308.49220683427,1.6650000004320198,1.7490651529016223,0.7000000202510281,0.6637030106452778,0.0022910805903822167,0.0023856390691101765
Bi1.92Nb0.08Te3,305.9999966551147,-96.57999446993708,-87.21982483357144,115325.00152198166,124757.89395252198,0.8694999794032094,0.7946992977423495,0.37857306947851455,0.400664421780899,0.0010757165811992923,0.0010621494878176535
Cu2.05Cd0.95SnSe4,500.00000031442823,152.00000086244384,150.94448625164193,18426.99993602379,17005.206286084984,1.1500000061526139,1.12015721796737,0.1851032209865351,0.17795359386054915,0.00042573740731980064,0.00041308974101829783
(PbTe)0.05(Ag2Te)0.95,650.0000025992803,-197.99999624659415,-179.96218536366538,13583.999906877116,16483.497459156562,0.4149999849749656,0.41104157511285866,0.8341100088060908,0.9004608349338108,0.0005325471350281177,0.0005892199987287244
Ca0.2BaGd1.8NiO5,1188.0000042800796,188.23999719802802,164.2820250388617,457.551088628129,526.7727604706616,1.538599996414347,1.5175605886201067,0.012518553010964285,0.016789268170618224,1.6212998359221526e-05,2.2476013439733792e-05
AgBiSe2.0,295.9999903407071,-153.99999634168194,-164.14024370717277,7232.0001758814915,6587.350739391162,0.6450000069932372,0.5759646339713606,0.07871035118957516,0.07735675385942321,0.00017151411491313657,0.0001584723237126623
Bi0.96Ag0.04CuSeO,422.9999965886741,267.7999891921754,244.51127899442847,1476.9999628472192,1614.8034228613928,0.538000027572408,0.5097991184035966,0.08328364609998987,0.08555483618066807,0.00010592576857461403,0.00010797705771298616
Mg2.975Na0.025Sb2,572.9999988735261,126.00000251956871,118.66832848398138,37200.000550493605,38769.93493993316,1.344999997821361,1.3181708977196338,0.2516033218515225,0.26864789708182957,0.0005905872011657933,0.0006291326482042549
Cu2Sn0.95Zn0.05S3,623.000001395739,173.00000561987102,163.30492323794505,11800.00007878483,13080.75910576233,0.7620000173332815,0.7689416896204256,0.2887402184335491,0.2687127662763608,0.00035316219839942814,0.00035820237943373385
Ag(Bi0.8Nb0.2)0.7Sb0.3Se2,576.0000007678484,-228.99999991511942,-230.16918316273956,5753.999873444069,6165.625032298716,0.5793513654034717,0.5929361040571844,0.30000000025452156,0.3100117097990691,0.0003017455156985523,0.00033083966023268204
Ag3.7Mo9Se11,350.00000331136266,73.99999996371737,77.88211204971049,55400.00001526989,57082.47305141796,1.1804000041039817,1.1316044646058072,0.08995225367419965,0.09927370904253893,0.0003033704062563539,0.00032692163112264236
YbCd1.9Zn0.1Sb2,650.0000025992803,181.999997595738,195.45763865053166,41599.99908136761,35506.11799796706,1.3119999996108838,1.208397749436225,0.6826775907208076,0.7274725558811809,0.001377958410943294,0.0013993844611812495
Bi0.88Pb0.06Yb0.06CuSeO,543.000000067114,148.6800008482728,157.62169098046704,25599.9999525134,22185.97251595809,0.5229999812275342,0.4936529566849388,0.5875478281360972,0.6192382633775544,0.000565907007338523,0.0005785165418406948
Mg3.5Ho0.03Sb1.97Te0.03,299.99999286647017,-200.00001011705632,-192.86429179486848,27080.999985521164,24660.188758350345,1.164000005138562,1.0507921632768793,0.27918556562657926,0.28054938642027133,0.0010832400033285207,0.0009559363440103729
FeNb0.9Zr0.1Sb,599.9999974361742,176.00000294516,179.05883042321665,193797.98687665336,169521.40085667884,8.72880018592571,8.26328364691034,0.41264000631316516,0.41762303325099664,0.00600308681376719,0.006071618164088048
In4Se2.67Cl0.03,523.0000003126531,-164.79999610488397,-166.26404626867105,40909.99920367568,42433.92255451953,0.6610000159305499,0.6508575777680105,0.879111841449189,0.9408746431887233,0.0011699999452259972,0.0012069382572467346
Sn0.98In0.02Se,572.9999988735261,501.99999797148183,487.27769060531637,90.00000737901618,112.06456681676863,0.6200000092570349,0.6862125199626304,0.019000000680879404,0.01890409177145615,2.268036053768957e-05,2.491610263306608e-05
Al0.02Ge0.98Te,822.9999956392309,142.49999954886027,143.01163168666466,178570.9945539986,175560.778461948,3.1819999197335624,3.0785783950374492,0.9279999958501643,1.0174466658038328,0.0036261073461297507,0.004050960693117143
Co0.97Ni0.03GeTe,477.9999996271975,-109.15000580408599,-118.61800919682179,76064.0032013887,71201.89696194217,4.946600220432671,4.531725363649217,0.08756846470030448,0.08905700731496852,0.0009062054062605687,0.0008684408123684305
(Bi0.23Sb0.77)2Te3,500.00000031442823,186.7399985353835,204.2445694385265,30881.999809022174,26597.31611356342,1.1900000036627518,1.167947195698034,0.4524839382407459,0.5006528067826912,0.001076911795906378,0.0012657650876995471
Cu22Sn9SbS32,500.00000031442823,109.51000227237286,112.8719148080726,73710.99717906736,74140.16088230602,1.9290000008388193,1.9657931168699296,0.2291277196548564,0.2422377725178305,0.0008839747677838638,0.0009672015879568769
GeSe0.7Te0.3,775.9999976522336,119.69999874430013,115.61194883806445,70149.00346439773,57972.85046645401,1.3154999993912655,1.2641797224071916,0.5928988903504404,0.4580636094057684,0.0010051011993043764,0.0007554632858907095
In0.01Pb0.99Te0.996I0.004,377.9999998645583,-202.00000050711424,-210.0101995235849,40625.00105905251,39064.9011794435,1.6439999957656515,1.5937114759610143,0.3811413863911497,0.39454811470392664,0.001668999966454767,0.0016649699328446074
Mg2Zn0.98Sb2,372.9999967073545,296.71000208127595,288.46852108326016,4570.0002214268525,3811.163218920475,0.6734999936679332,0.6125568975843079,0.2228187821887032,0.2076072048387157,0.00040232828857255835,0.0003426720494100593
Ge0.55Pb0.45Te0.8Se0.2,469.99999985745785,126.70000033010919,115.77233760917505,23904.00000187074,25279.678830216708,0.9680000100503077,0.9434038382777422,0.17999999999504113,0.1954396922842765,0.0003837282836243876,0.0004005380631426337
Ag2Se1.06,376.99999923311753,-135.96000178116086,-134.9960607468083,134299.99582903637,120259.50977339412,1.0954000083645297,1.0116927897662955,0.8544112057894074,0.8413503540641528,0.0024825516406921815,0.002340540701869966
Al0.01Ge0.99Te,372.9999967073545,43.929999340298444,45.45380126271872,539285.9534070197,549160.9390358893,6.272699684742746,6.308040111599057,0.061886494900504914,0.05814111598222564,0.0010407383368982253,0.001002480941354134
Ag(Bi0.8Pb0.2)0.9Sb0.1Se2,477.9999996271975,219.43999520947818,187.05090256763114,681.000077883329,742.2544579021522,0.5072804451190492,0.49487486729373287,0.030900001533522004,0.023670501337905443,3.279281371265252e-05,2.6907862135602273e-05
MgAgSb0.995In0.005,350.00000331136266,179.50000373806452,197.903064048803,48544.99949045264,37723.42817099417,1.094999992795032,0.9870317980169196,0.5160000010534241,0.5595625938711534,0.0015641319939522285,0.0016030794511910351
Ag8SiSe6,422.9999965886741,-97.93000031043837,-128.24091281618226,56923.00026903896,43545.475741752314,0.5432999719331348,0.49553324544946714,0.425030354783729,0.5648048057205217,0.0005459077862599584,0.0006706181541627035
YbCd1.9Zn0.1Sb2,550.0000001957478,185.20000100415405,192.91921911135583,43866.00053234384,40791.371210620986,1.4369999997929241,1.3396597467879998,0.5758586952756104,0.6177528604204072,0.0015045616628259443,0.0015465748531254136
Ag0.5Sb1.1Pb19.6Te18.8,572.9999988735261,-99.99999752567163,-101.94270746964025,24288.000003553785,36748.22081249272,1.422000000006118,1.7736744308374324,0.09786936879251024,0.07945579658658689,0.00024287999768271494,0.00024396828595782736
Ag2Se1.01,362.000000325079,-137.22999814429008,-135.3658066720257,135737.99870057506,124674.26937560207,1.124300013284996,1.0627127105842615,0.8230494810469989,0.7954901034907687,0.0025562281326573645,0.002401720721835276
Ag2.0Se0.5Te0.5,329.9999906825473,-94.99999807012259,-87.27739878471345,64495.00157921173,60972.28001704034,0.64800000288276,0.6241080059759304,0.29642320474004696,0.28167344517942733,0.0005820673767821471,0.0005353633832211291
GeSe,523.9999996236472,841.2499968380996,729.8173049918647,15.247997874776951,29.94301446548346,1.4611999987680835,1.6981231547543238,0.0038697650379961018,0.005263150026590474,1.0791032853951153e-05,1.828481934946198e-05
Sr0.16Yb0.03Co4Sb11.82,700.0000024805998,-179.999988814456,-186.43742339561123,168181.99513311984,165120.7787457793,3.410000153394885,3.391325124771589,1.1185828800153883,1.1023237529835817,0.005449096889664835,0.005600596667772151
Sn0.96Pb0.01Cd0.035Se,822.9999956392309,283.76999827766537,319.6435007240163,8863.999844477652,6339.649019691723,0.3553000101938285,0.3669873817298312,1.653359706182235,1.545949024389869,0.0007137772660351738,0.0006942600216002297
Ca3AlSb3,822.0000055713631,389.9999960789412,370.42320906236637,516.0000581065636,855.4282975854026,0.6220000059495306,0.6062249190217406,0.10100000216191678,0.15735117186559097,7.84836044019441e-05,0.0001186194979891747
Rb2Bi8Se13,329.9999906825473,-267.9999886242805,-257.21764612505024,1591.0001086510727,3154.9434123952788,0.5095999929469054,0.5723815829489111,0.07399873369693971,0.11579515862907129,0.00011427197999433094,0.0002031420105869674
Eu2Zn0.96Sb2,299.99999286647017,113.00000041308061,110.88313631102868,25918.000021606305,22889.332131484058,0.5400000154078158,0.4833050428308928,0.18385941219652632,0.1962045511175477,0.00033094694532307615,0.00031692814671082026
Cu2.94Ag0.06SbSe4,623.000001395739,345.9999961740289,359.53548650900666,7272.999681134886,6371.833487803495,0.9300000051792612,0.9054392875417734,0.5899999817990365,0.571980009326029,0.0008706944778359531,0.0008896662901791752
Ca3Co3.8Ti0.2O9,500.00000031442823,169.00000135935093,158.32664315629748,5305.000226045828,6147.797333432963,2.306000056073365,2.3499813897106603,0.03285257971508198,0.03115861793548754,0.00015151609988830813,0.00015085762247637533
Gd2Se2.92,750.0000023619194,-145.29001083830875,-156.44207578235222,17798.999919348695,17398.664209864666,1.1249999960710462,1.2230512796433903,0.25048158013949,0.2537468564113229,0.0003757223704428972,0.0004361756767495763
Nb0.9Ta0.1CoSn0.9Sb0.1,337.9999957340734,-100.96000559231769,-94.97141067798745,134326.0036965934,137549.88725300028,5.319999851150128,5.0665367391971685,0.08698889948712746,0.07676027495167466,0.00136917438447756,0.0012104533994756247
Cu2.9Ag0.1ErTe3,299.99999286647017,41.69999931309893,41.590276851714506,232999.98634212,234260.3967099747,2.259999994348385,2.15971669859623,0.05378248437133906,0.0577765758834053,0.00040516136758227714,0.0004262435668705846
Cu2.1Cd0.9SnSe4,400.00000319268224,134.6999971109472,127.80555755240024,22183.999990712637,21075.11342389063,1.4500000001983864,1.4126922548099616,0.11103682817281563,0.10262988982051677,0.0004025084957545157,0.0003826370298170067
Mo3Sb7I1.25,523.0000003126531,35.8299995178969,37.10515863490351,483499.9438635004,470340.0147599998,5.602000186306172,5.748188424456603,0.05800000097295867,0.06403361774259327,0.0006207119385892003,0.0007057589759722699
Ge0.87Mn0.05Sb0.08Te,648.0000013363988,201.99999541793406,201.80167992391068,79899.99593599711,75704.72185483435,1.542999999128711,1.5616013266469455,1.3691738176696195,1.3743952922963407,0.003260239496065643,0.003533392136568625
Ge0.83In0.05Pb0.12Te,525.000000255088,239.00000547723937,239.7069300070241,25108.999983664686,21506.872081217094,1.020000008126653,0.9616446032866053,0.7382175244440091,0.7140725357727602,0.0014342511291283993,0.0013740541803279546
Cu10.5NiZn0.5Sb4S13,517.0000004853483,190.60000088575507,202.17838778897865,19799.99989728432,15803.366668654782,0.5494999716640838,0.5132765857239053,0.6767586968071727,0.6871654795005294,0.0007193015246155154,0.0006871402479966644
Ag0.97Cr0.99Sb0.01Se2,403.0000050870046,88.97999889607195,94.72963080162732,19183.999900196544,17944.247482732437,0.5243000231860512,0.48918432430982167,0.11674791907675477,0.1302761277802693,0.00015188817962014713,0.00016163102751489474
Cu2Zn0.4Fe0.6SnSe4,572.9999988735261,220.80999461417093,229.54425885550526,5457.9998416304425,4950.8879974213205,1.059099990494551,1.050406940010005,0.1439755220316597,0.1481775228677515,0.00026611601741115775,0.0002788566610017906
Gd2Se2.94,350.00000331136266,-84.70000177453608,-96.78186724519944,35599.99958000978,34063.82966465579,2.130000002126252,1.913964568708503,0.041966744167067936,0.04439209290952353,0.00025539760357103585,0.00024774014272066215
BaCu4.0S3.0,599.9999974361742,110.99999828282057,91.96363331467168,10824.999698096855,17813.65959313071,0.8749999781770093,0.939648248338886,0.09145702314338011,0.0980976369912346,0.00013337482887139886,0.00016152772678399094
Zn0.9Cd0.1Sc0.01O1.015,672.999995995272,-111.9999985670297,-116.68291864402181,44399.99997495197,43127.88210088283,4.3939998827150974,4.365020495190392,0.08530491087923688,0.08723342416527106,0.0005569536024470748,0.0005548219782313301
Ag3.5Mo9Se11,743.000008505407,138.59999832990374,147.94542814252165,32299.9995710579,27567.023532432206,1.0999999974832366,1.0657947960289107,0.4191071875535517,0.4479733925198219,0.0006204817089102571,0.0006549522154167017
FeNb0.9Zr0.1Sb,400.00000319268224,134.6999971109472,134.08501597397824,311627.99552026513,302491.48047018127,10.84700001606076,10.584831351848473,0.20850766004739127,0.20557022980455014,0.005654206606777523,0.005824895338994852
Bi1.94Nb0.06Te3,366.00000285084207,-97.40000062643463,-94.90801358659942,77646.9981924621,81971.15203639425,0.8694999794032094,0.8245156008419648,0.31006596589340274,0.35138058349402923,0.0007366184567717086,0.0008259111003433185
Cu2Sn0.8Zn0.2S3,722.9999958765917,117.47000018462589,116.50799628362128,61095.00141670036,55975.14665208165,1.2799999995431435,1.2403795131268822,0.47619839932823405,0.48383474433496254,0.0008430621936790929,0.0008363523935157875
Cu2ZnSn0.95Ag0.05Se4,473.00000175178013,50.70000009411749,49.116497042685616,198717.9897116469,179949.188223647,3.1169999847600227,3.026808562818088,0.07751352160844113,0.07323939260548067,0.0005108026318495069,0.0004802538154081597
AgBiSe2,599.9999974361742,55.80000002306083,-228.6261683995681,237.000030141009,3785.5731447749095,0.41000000554674815,0.44897397759058105,0.0010799016780921491,0.28151325853209325,7.379326160330687e-07,0.00022264133041849298
Cr2Ge2Te6,614.0000009945585,401.5500069136676,382.56504348540193,1148.4375332029265,1161.811200033359,0.6809000021181704,0.6583759493881237,0.16698277025277838,0.1638799938480994,0.00018517682614656457,0.000183144031869465
Mg2.16(Si0.4Sn0.6)0.98Bi0.02,799.9999916796662,-212.9399904402627,-210.51545086154312,78824.00161999227,86900.10891399276,2.3079999521702184,2.2673200420874386,1.2388741140079373,1.2812177253360935,0.00357415163609417,0.003885089576510584
TmCuTe2,550.0000001957478,122.99999932417865,127.87779501597623,48859.00040520626,51612.997312005784,1.0626066364811866,1.1560392929573218,0.38260000880938017,0.36614193740934764,0.0007391878037048754,0.0008029769621440793
CuGa0.97Mn0.03Te2,670.0000046645227,238.79999939411232,241.5306999634276,22349.999956632397,19852.867501971294,2.4609999422775677,2.3157202363312424,0.346980005846967,0.3355997530999003,0.0012745185592865748,0.0012784556176290954
Ag0.97Cr0.97Bi0.03Se2,303.00000532436536,77.54999934235315,71.45299540174939,24869.999973943108,24734.571472769396,0.4936999958479842,0.4564073911327188,0.09179497084371982,0.0972487056634452,0.00014956824789793996,0.00014580862614643617
Yb14MnSb11,924.9999966647515,150.99999979731382,141.62577713902385,23069.000028751085,23773.65281433658,0.9499999877798708,0.8987103604164172,0.5121542413872964,0.5620213456540087,0.0005259962696023298,0.000574170511251508
Ge0.9Mn0.05Sb0.05Te,698.0000012177184,198.40000332366813,199.19359402542068,79381.00252445204,76459.80927548558,1.6899999892055537,1.6685474332678254,1.2905316547092833,1.320242139443514,0.003124639251311128,0.0033618561137078572
Sr14.7Ga28.7Ge56.6,771.9999951264705,-153.9350025828071,-151.00500034249131,52324.99921847924,55618.84318299012,1.5125999960719103,1.6017346224289568,0.6328155949918433,0.612381665147769,0.0012398923590558838,0.0013381927429958755
Pb0.98Tl0.01Na0.01Te,597.0000008236384,223.1999945182862,215.8600553804142,43754.00071230357,44730.98403545141,1.2388999974498922,1.1962430891532303,1.0503746778519623,1.152384943153995,0.002179747198510201,0.0023893074074393824
Ag8GeTe6,329.0000006146795,518.999998468389,452.5119466691519,95.00001349436124,107.42602035750241,0.25299999449537064,0.24365448682761207,0.033276199264076746,0.038057955708923334,2.558929372964481e-05,2.8332134069650363e-05
Pb0.98Zn0.035Te,820.9999943763494,-255.7999932399975,-251.43446952701925,26450.000062113137,28799.7755901994,1.1600000037519116,1.169569111769846,1.239999875878068,1.230161700744041,0.0017307197913052038,0.0018519360411066092
Yb13.6Ce0.363Mn0.99Sb11.05,672.999995995272,138.72999758785548,141.4949149762171,25897.000074769014,24955.834097177198,0.8324700005528322,0.7990695904273942,0.4029365882016332,0.4558862653128007,0.0004984139960783375,0.0005663697299296639
(Sn0.8Ge0.2)0.88Mn0.12Te,672.999995995272,113.00000041308061,118.2142057262074,127685.00301769825,115164.69482367675,1.826799977639067,1.6632142398670862,0.6006490710617831,0.6742332073365619,0.001630409743675849,0.0017480940141453931
Cu2.94Ag0.06SbSe4,297.99999160358857,396.99999766475025,384.47299069092617,6784.000081283338,5820.574353339955,2.2300000366808326,2.0986834853243224,0.14288223948247572,0.13748357935098482,0.0010692194556656818,0.0009993065756432687
Sr0.21Co4Sb12.25,550.0000001957478,-169.99998990335794,-176.0328101590324,155000.0078787578,149763.21069158506,3.799999806783527,3.671115533488631,0.6483487124565717,0.6557471499145685,0.004479499812631585,0.004461820077821527
Co0.95Ni0.05GeTe,550.999999506742,-75.73999692705198,-77.7880634447458,133861.9923519937,135287.91093144027,4.969000180891909,4.624669665763952,0.08515115077414005,0.08892435006978898,0.0007679057288542704,0.0007440857370030365
Bi2Si2Te6,572.9999988735261,181.999997595738,132.37642327036403,8520.000276872148,9400.195079229827,0.70899999959148,0.7104908456612258,0.22808186557442123,0.15442186988530726,0.0002822164767678384,0.00021200894867068063
Hf0.5Ti0.5CoSb0.8Sn0.2,675.9999978895944,236.69999422228875,235.56315523147856,38160.000553307,34452.79843535012,2.466999941255998,2.509781920095485,0.5919999890944388,0.5657404845174393,0.002147999987262525,0.002183825293760607
Yb13.49Ce0.39Mn1.05Sb11.08,299.99999286647017,40.00000043742843,44.08387816933967,43722.999809317866,37421.67635012454,0.7687999913204038,0.7060919235004618,0.027298438893824394,0.036791279072061464,6.995680135068807e-05,8.982550148678953e-05
Rb2Bi8Se12.9805Cl0.0195,624.999997376834,-159.9999909922599,-181.25971250073994,9337.999973361018,8586.034249104645,0.6283999938252987,0.5797531197525565,0.2377593905927616,0.2777632572301542,0.0002390527946734453,0.0002693163643711115
Cu3Sb0.975Ge0.025S4,473.00000175178013,329.09999871868536,329.23536324900084,4950.000175986157,5148.031721059751,1.0519999985481339,1.1317896210450435,0.2410495707605902,0.2528244781140203,0.0005361187105447768,0.0006253659305031503
Ag0.02Cu1.955S0.5Se0.5,577.9999993898367,149.50000113466933,169.34757004278464,24852.99999303043,21553.88975165367,0.8412999800295188,0.7788258118393158,0.5187091170584828,0.5524836337037079,0.0007549999831935517,0.0007627085512188405
BiSb(Se0.94Br0.06)3,799.9999916796662,-219.00000100402133,-214.89487497381828,15479.00016651343,15922.27218300402,0.4399999894666312,0.4490227649922668,1.3497970460028323,1.2338861472444922,0.0007423883133052102,0.0007372879125303989
Sr0.16Yb0.03Co4Sb11.82,799.9999916796662,-187.99999733549612,-195.30007848720842,155908.99231545196,154790.6498413656,3.499999961209799,3.533210692719662,1.259530811944268,1.2173217374960619,0.005510447221371658,0.005689848960712546
Zn0.9Cd0.1Sc0.03O1.045,972.9999847196168,-142.00000704052596,-152.89529028404377,30000.00007674534,30102.48558387458,3.3029999431299815,3.4561110224942837,0.17819774755186343,0.1814059396741688,0.0006049199992567079,0.0006595625365784339
Al0.02Ge0.98Te,322.9999968260349,35.88999928829965,36.257160901527826,583928.9352165618,591040.0123555764,6.626300256594372,6.608780952282938,0.036663876208880446,0.034796387189954515,0.0007521543414685194,0.0007440284313268731
Ba8.04Cu4.9Si3.23Ge37.83,711.9999994943162,-136.99999584477482,-139.6306229313139,50824.998631548435,53920.688811833395,1.513999997273486,1.5277987974242002,0.44861382891303575,0.465448734159043,0.00095393442500537,0.0010295119698472562
Cu3ErTe3,799.9999916796662,100.99999937172254,97.77217461935894,46666.99934554483,45121.494389483814,0.7000000085242839,0.7254821716535373,0.5440571964839354,0.5848190221356865,0.0004760500659352695,0.0005382652708161183
AgMo6Te8,500.00000031442823,13.700000307489027,7.663543524211356,167999.99000991872,188508.9612093157,3.989999823363796,3.9535508398283055,0.003951367696346701,0.003461352604940794,3.1531917706110614e-05,2.6227064543478108e-05
Ca14MgSb11,899.9999914423054,160.37000185294565,159.08502499192548,6839.999666335704,8979.93930962905,0.7035000152150779,0.7059502788130395,0.22505090805020236,0.3022208317306022,0.0001759147978664365,0.00024420343976007505
Cu1.7Se,572.0000008829786,40.589999891834935,43.18170527333251,424324.01617285056,405882.6489999602,5.0062002361323,4.8191963341462785,0.0798773298501642,0.09054101727598682,0.0006990941968400939,0.000762007775648198
GeSe0.65Te0.35,630.0000005340378,34.000001384274654,30.997333163005894,80597.0014101922,77176.23762175383,1.757299988809165,1.658612937298794,0.033401915349380425,0.03169090020418374,9.317014025853363e-05,8.921583619253034e-05
Mg3Sb2,469.99999985745785,260.9999936894934,242.7705592277433,391.99999286697846,594.903818440141,1.1299999893446222,1.0631215708966497,0.01110673759171471,0.01525662936221798,2.6703432116850574e-05,3.611031837780855e-05
Bi0.92Ag0.08CuSeO,672.999995995272,331.00000954758394,319.54021042586226,2210.000251010182,2142.0732893620943,0.4280000182052023,0.37710546956303065,0.38073216389043385,0.4207329050712329,0.0002421298142985774,0.00024169191256600143
In3.96Pb0.04Se3,404.9999957863132,-220.99999139407925,-233.72564258758575,8700.000506587452,7614.911927600486,1.0400000063686523,0.9708988332582102,0.16547236903666657,0.16574034840532956,0.0004249167000943832,0.00042026019822902726
(Cu0.002Pb0.998Te)(MnTe)0.03,722.9999958765917,-198.0699913315674,-187.13206767399006,51172.00008640262,53864.49733761313,1.2799999995431435,1.2687537449781565,1.133961023549522,1.0190594308511123,0.002007565797124382,0.00188338833420721
Cu2Zn0.6Fe0.4SnSe4,773.0000063214842,281.50000671950716,274.70320455179876,3670.0001913113765,3575.6330273217004,0.8543000125374696,0.8243721232514362,0.2631430789210844,0.27011446389001237,0.0002908190516009632,0.0002915445352181189
Cu2Se,409.999998943517,84.99999993994544,108.40473855513453,55022.99963497558,69375.11548350668,0.8589000156681236,0.8770834218532987,0.18976817081333314,0.36084184783015744,0.00039754117929609957,0.000810806074648492
CoGeTe,393.9999994040377,-184.60001132435724,-188.42203412090652,5319.999856982142,6745.162431840469,7.34100027301598,7.0507847939141275,0.009730071090165182,0.01230847755525181,0.0001812904979034257,0.00019847312948733262
GeSe0.7Te0.3,530.0000001111754,26.15000036063035,24.52799458261974,64179.000845810006,64460.512288302445,1.4853999977179777,1.4566511761695513,0.015659172085676396,0.016517423450382332,4.388704281015409e-05,4.56683870654699e-05
Tl4PbTe3,322.9999968260349,52.00000001126125,33.21158517660159,81800.00154017928,75436.13256545052,1.1999999976904063,1.0924044267171271,0.0609000000622256,0.04194500820534131,0.0001700000072608659,0.00014997716418811143
Cu2Zn0.4Fe0.6SnSe4,372.9999967073545,215.89999554798865,203.2092479753519,3225.99985494664,3330.769535661989,1.9212999911505577,1.8946229007852133,0.029193304314254646,0.030025381101947968,0.00015037293175185578,0.00015508616442752184
Mg3.5Gd0.03Sb1.97Te0.03,599.9999974361742,-266.55000322261986,-265.3479004482864,15431.99999162285,15650.195921256878,0.6728000022207515,0.6643177300683817,0.9777883189714252,0.9384093215030327,0.0010964266703866663,0.0010667922901499958
Ag3.7Mo9Se11,644.9999994420764,127.99999877972769,132.93453486831754,35967.00036493534,33530.86855457598,1.1279999915655876,1.1031570538787863,0.33695722270861045,0.36791296646043453,0.000589283326604093,0.0006538973260284812
Cu7P(S0.75Se0.25)6,672.999995995272,313.6099995366195,325.8519309228355,1666.9999168702027,1617.0216687040954,0.21570001322695356,0.21220081174201835,0.5115408651561726,0.4957701299370814,0.00016395150727297234,0.00016683389586336032
Ge0.55Pb0.45Te0.5Se0.5,568.9999989886562,293.17000241978644,290.82090537981856,7534.000030345152,7090.301547232553,0.5020000101567766,0.45526120283423066,0.7879999791329086,0.884288393906262,0.0006475371204221574,0.0006969137464122045
Ca14MgSb11,500.00000031442823,122.99999932417865,129.87778540603415,4150.000022237024,4924.769702694372,0.6319999968618965,0.6014771107940879,0.49200001940283006,0.07503105514926814,6.278534534793832e-05,8.834595216708304e-05
Ba8.03Cu5Ge40.97,710.9999988628754,-166.99999257806897,-174.03737496739274,28629.999806484957,29762.461160072107,1.3199999994035478,1.3065271233967102,0.43008069745065397,0.4469632439973918,0.0007984620735029303,0.0008560930386756346
Sn0.965Pb0.01Cd0.025Se,299.99999286647017,314.56999586306347,305.79586189536735,2285.999939834544,2630.2163519328014,1.0159999869918686,1.0350397766885016,0.0667941403570697,0.07435176001496682,0.00022620948561652218,0.0002905225047521108
Cu5.133Sn1.866S6.65Cl0.35,415.00000210072085,68.75000024188586,69.069382901344,118324.99956631547,113702.62442818141,1.9374999989616937,1.8819643667216368,0.11979213455463299,0.11676849526227356,0.0005592705079571776,0.0005460257908109589
CaTiO3,432.000002271641,-258.9999966484135,-269.99154954922426,3599.9998176883073,2931.8386254858515,4.030000065597912,3.9454621648209787,0.025886939097764745,0.02605910516672637,0.00024149159560297526,0.0002233568986210011
Hf0.5Ti0.5CoSb0.8Sn0.2,473.00000175178013,212.44999627586589,218.9479985597009,39999.99911506384,34124.80709046433,2.513999954194635,2.515097031878366,0.33967948997785774,0.32736413055434144,0.0018240000231171895,0.001835558128896316
BaBiTe2.9Se0.1,322.00000675816705,-154.59999111065886,-165.1176390131421,4240.000070328445,4016.6667833062997,0.4129999798218993,0.380375842125431,0.07901156237235807,0.0985156026865983,0.00010134091886021075,0.00011645348147849763
Zn0.9Cd0.1Sc0.04O1.06,672.999995995272,-119.00000015283877,-125.52383088131333,34166.99989546862,34844.53135674587,4.3800000318766195,4.245437277852537,0.07434328459430284,0.07890790274827866,0.0004838388872229549,0.0004904205128524562
Cu2.94Ag0.06SbSe4,497.9999990515467,415.0000050968884,399.891938169829,4824.000089318027,4925.813346212935,1.1500000061526139,1.138662250897492,0.3597783322947607,0.348209338584911,0.0008308133999219156,0.0008364122790693739
Mg3Sb2,659.999998350115,327.9999887418907,303.85577001646897,1319.9998610060063,1879.3718034651297,0.670000010084151,0.6772284199964447,0.13989131382256323,0.17905802382519212,0.00014201088660309354,0.00018817091696062642
Bi0.8Pb0.1Yb0.1CuSeO,446.0000005482388,102.95999969834705,104.33264651861535,24000.000000559583,22685.218323487665,0.6972999898711411,0.6563172349564415,0.16272845542192033,0.17451446228037507,0.0002544182751715402,0.0002588847095407104
(SnTe)40Sb2Te3,523.0000003126531,66.47000016142984,68.93530245563416,235413.97545951442,238849.39488647928,4.38599995473592,4.308328836156556,0.12402713390506896,0.13236239454744406,0.0010401204656521226,0.0011099171631191523
CsTb2Ag3Te5,297.99999160358857,21.299999597325566,41.22178125802171,244.44002876123795,273.2668389702655,0.5336999895958483,0.6556929533595569,6.192278036536066e-05,0.00011682308355671156,1.1090000504959824e-07,2.55699968462057e-07
SnTe0.2AgSbSe2,799.9999916796662,140.37700119120646,131.12174787098692,69799.00334125852,70470.04943527588,1.2099999990136525,1.3116431642990904,0.9339999890450846,1.0075656608956736,0.0014200000553411488,0.001722772761459067
SnS,599.9999974361742,652.9999885731837,637.8173244019243,16.99999702653456,31.617483737533732,0.7900000077082915,1.1542946103382936,0.005505533283982024,0.006436788562286652,7.248954209470362e-06,1.282482120278941e-05
GeSe,771.9999951264705,522.0600117068586,579.8417644261847,399.999932529344,473.3718926203069,0.7621000051910992,0.9203410394693647,0.11043485698529279,0.14659666983888128,0.00010901865512592549,0.00017372580570780465
Ti0.9Mn0.1NiSn0.9Sb0.1,697.0000005862776,-125.83999452410575,-129.0558472053688,240396.9877769706,233209.8255959455,5.651000158977049,5.651439604566427,0.4695414436691968,0.47903094823713377,0.003806856255932643,0.004009419935476223
Ag8SiSe6,297.99999160358857,-166.20999437816172,-164.4010875176281,39525.999453243036,54480.677272555346,0.512100023861405,0.5779242867360882,0.6354167725386409,0.6095104402530679,0.0010919359597316271,0.0010971670872712562
Cu2.94Ag0.06SbSe4,348.0000020484812,428.00000133327546,399.5203372926784,5713.999935240511,5454.879305756261,1.8499999792677753,1.7908689376827958,0.19689527327031486,0.19296534048739106,0.0010467133985046172,0.0010111664115910438
Gd2.79Se4,449.9999977922154,-86.20000043718056,-85.96850713199746,19359.999858732514,19235.741753447986,1.2829999988216072,1.1491294817380597,0.05045518013278095,0.0498814380831594,0.00014385332450319978,0.00012490299998575808
Ca0.25BaGd1.75NiO5,1086.9999933224267,162.50000324115743,139.77727057677694,442.7361463584239,537.1935598255278,1.2628999921717303,1.2501508471139848,0.010062646559481699,0.015455359667911972,1.1691000254551428e-05,1.7953798176781802e-05
Cu10.5Ni1.3Zn0.2Sb4S13,616.9999976070943,186.10000489782158,195.2880866516751,24450.000001711713,21100.451717514617,0.700399986355948,0.6688932445096298,0.7459516007092474,0.7756419522816912,0.000846781997344344,0.0008821671407348419
Ag8SiSe6,422.9999965886741,-107.77999465919115,-128.24091281618226,37927.00052471169,43545.475741752314,0.4699999923661433,0.49553324544946714,0.3965220643255776,0.5648048057205217,0.00044058007470208527,0.0006706181541627035
Mo3Sb7I,623.000001395739,42.4900004480567,40.96169762565293,460700.02163705695,459675.37880066974,6.197000006297785,6.214566152667807,0.08550000067820598,0.0975484813402162,0.0008317478288541542,0.0009917101843423526
Cu2SnS3,422.9999965886741,340.0000015234509,343.50102371393893,169.9999623016755,220.84378250196852,1.6299999995968235,1.6893451805015087,0.005099874643055425,0.006300727755298249,1.9651999673319265e-05,2.6081357220548145e-05
Mg3.5Gd0.04Sb2,299.99999286647017,-220.36000949671944,-225.3917896793772,15045.000189803468,14048.481910930286,1.101099986665151,1.0079372851752886,0.19904543077255415,0.2039430623812673,0.0007305630835317892,0.0007039739706701
Ba0.03Co4Sb12,299.99999286647017,-219.66001168617896,-229.6948555171362,39900.00043946959,38204.50124785769,5.413499956749403,4.932791492516286,0.1066885905356841,0.11541108605060801,0.0019251956277055986,0.0018890939198796513
Nb0.8Ta0.2CoSn0.9Sb0.1,627.9999992711563,-145.19000779674522,-142.92426619175046,99573.9989427986,109365.83059381727,4.345400007032484,4.490703863515415,0.30335366036490335,0.29829075672549965,0.002099033379489954,0.0021279554272890934
Cu5Sn2Se7,500.00000031442823,34.41999977709389,33.50592084862306,383900.00614889007,412778.4100260448,4.303999863798671,4.510196158129061,0.05283693282350067,0.05148365019329342,0.0004548203051688755,0.0004727579040149253
Cu2Se0.92I0.08,424.9999978515556,197.49999943000057,190.13046324261208,9939.99976265938,8905.029177246251,0.5219999905263608,0.47530077405496995,0.3156741498978579,0.30773583836352975,0.0003877221291508368,0.00035213735774034823
Ca3.3Yb1.5Sm0.2Al2Sb6,722.9999958765917,-66.6999943423979,-13.78402708811199,1457.9998565095534,1884.5572763754064,0.8437500051785721,0.9318809409342501,0.006599999386603203,0.013228065411838956,6.48648074515023e-06,1.605139237160646e-05
YbCd2Sb2,449.9999977922154,125.49999905195318,126.94606322610943,89080.003132531,77344.14270363658,1.447999999771786,1.400789979243633,0.43602520410633194,0.465023875690993,0.0014030322873967282,0.00147562942097129
Cu5Sn2S7,523.9999996236472,54.829999943776144,49.68974763125852,199999.98277272662,233861.54586789638,3.6375000069409658,3.8273341791861264,0.08661533134372892,0.07983464397224656,0.0006012657803742454,0.0005896836584676359
(SnTe)0.9(CuSbTe2)0.1,525.000000255088,79.6699995458934,82.92101853504838,186056.0011169608,182843.2694556159,3.1050000446604518,2.8833833856018507,0.1996783650258349,0.21856296210864037,0.0011809549370611345,0.001223805264214711
ZrNiPb0.993Bi0.007,672.999995995272,-213.46999012426647,-205.97692353028822,102872.00469108393,117188.33346013664,6.214999805985123,6.5026665994997925,0.5049999826746826,0.48277934674746986,0.004687819115972108,0.004718615122466635
Bi1.92Nb0.08Te3,366.00000285084207,-103.51000097077292,-100.930279400578,113961.00211615182,111902.02851431532,0.8395000099838322,0.7714950898263462,0.5323303552894247,0.5939235854841806,0.0012210145872760686,0.0013102560524731943
Cu2Se0.98S0.02,449.9999977922154,120.38999977274489,127.56725492999396,62781.99829868135,61201.87121113799,0.963999993924977,0.8714477545681978,0.4247676769251224,0.4813625918873933,0.0009099467238695958,0.0010018587408567715
Mg0.98Li0.02Ge0.8Si0.2,500.00000031442823,360.40001151190114,354.58818882072444,3846.0000959086196,3804.078434398585,2.7483999732627087,2.835792746345696,0.09088012136393901,0.08923438686511938,0.0004995498633713167,0.0005358575599216631
Bi0.825Ba0.175CuSeO,420.0000052579247,162.81999418983733,161.0255864789082,19518.999896616915,18119.88785969247,0.6818999980319027,0.6642240288148823,0.43743072278666184,0.4098848381976582,0.0007101999984633391,0.0006668277039872773
Ca3.46Yb1.35Pr0.19Al2Sb6,523.0000003126531,-149.99999208116185,-149.68091686824644,1104.0000063537668,1113.6300519791919,1.3249999998711743,1.2774529239275252,0.009804769765219701,0.009218653053497141,2.4839999606274173e-05,2.0896403596991485e-05
Bi2Te2.1Se0.9,372.9999967073545,-158.800001454306,-157.37617322294398,60000.00118356091,62858.972351420394,1.1140000138831112,1.046515808178215,0.5349999786915709,0.5630439178429064,0.0015130463706189887,0.0015973935219899514
Bi0.9Ag0.1CuSeO,822.9999956392309,334.70000468341345,332.4527656369423,2499.9997730131204,2259.49622482948,0.4349999800312208,0.40856786116483057,0.5298610458080873,0.5444707902605347,0.0002800602256208147,0.0002858367263212557
Tl9.0Bi0.96Te6.0,442.99999865391646,189.99999437657598,195.1964543742152,23499.99998849793,21096.180676017328,0.5200000265385516,0.4763440402190639,0.7227289108252808,0.7504798786632885,0.0008483500194155194,0.0008346985697284431
Cu3ErTe3,599.9999974361742,61.39999993424721,61.26584739635879,183999.99433599686,162344.6480759314,1.7399999893386777,1.6405966035136668,0.23919746210005974,0.24429110831983653,0.0006936726352834853,0.0007020058739248886
(SnTe)0.96(CuSbTe2)0.04,320.99999556315333,28.56999941618436,25.553421990467086,441206.97611277405,455898.7841882759,5.627299766537586,5.835630665033866,0.02054318705722467,0.016228432117989463,0.0003601329594923713,0.0003074233115657001
Er0.02(Bi0.23Sb0.77)1.98Te3,500.00000031442823,192.38999428069127,203.98160065148946,31783.999541810645,29913.802254805476,1.0794000130419656,1.0984335856044807,0.5449555962626972,0.6049491231205602,0.0011764501993244958,0.0014416849243083455
Cu0.99Pd0.01FeS2,9.999999892960204,-60.99999707630838,-204.492374973619,19.9999972200129,431.75475441886283,20.90000173236515,28.921453570303456,3.5607632808081435e-08,6.7309932173501065e-06,7.442001366167438e-08,6.5049549103883685e-06
Cu2Sn0.95Fe0.05Se3,523.0000003126531,87.86000122518698,90.19523602151479,86824.00315944254,86396.33644457135,2.3139999764014743,2.218354103715945,0.15148182263531765,0.15819542298904787,0.0006702274213836045,0.0006954510285290755
FeNb0.86Hf0.14Sb,799.9999916796662,181.59999716968596,178.96615326776907,177519.0100358184,162570.92114596895,4.678000040929675,4.7569921367126655,1.001166531135832,0.9726992877295718,0.005854321020734904,0.006201723570723161
Cu2ZnSn0.925Ag0.075Se4,672.999995995272,106.19999904029756,105.22646919587257,43416.99943669702,44067.32534196598,1.8663000124167608,1.8352650275620135,0.1765803826135193,0.1865363298863058,0.0004896760299125531,0.0005089921848195977
Hf0.5Ti0.5CoSb0.8Sn0.2,574.5999998838313,225.67000389977355,229.9976419805464,38999.999779328034,34158.842745989496,2.5099999924001213,2.510067786040307,0.45149998434234856,0.4523948508805071,0.0019861509534965607,0.0020445500210338466
Cu3Sb0.975Ge0.025S4,572.9999988735261,349.44999544615166,334.20602393947973,4347.9998726539125,4986.943857549503,0.7959999881524535,0.8568594987419299,0.38220924032100195,0.3973421907186697,0.0005309573347305063,0.0006137163407270574
Ti0.97Mn0.03NiSn0.97Sb0.03,871.0000048212419,-142.9999904953528,-148.18465158987257,139800.00060838653,138904.47136707528,5.542999886637421,5.400954746662182,0.4492132344722054,0.4591795466958706,0.0028587701984963535,0.002981918773463346
Mg2Zn1.02Sb2,672.999995995272,88.73999981446096,84.69180495933443,7151.9998203675295,8172.196554383795,1.0008000121684373,0.9378123311037018,0.037873383644237944,0.05223218920623745,5.632047926330653e-05,7.476962652393262e-05
Sr14.1Ga29.6Ge56.3,568.0000009981087,-150.69998989170233,-148.89761058354125,46799.99926934038,50903.40386925307,1.7399999893386777,1.660226864305499,0.34695364291441894,0.37460508063247155,0.0010628509362358679,0.0011433879738470222
CrSe3,565.9999997352272,159.85999573313333,158.11475598863623,24785.999982324764,25578.004831581547,1.7583000027372264,1.8231958359745717,0.20389638145088984,0.20079060013213723,0.0006334116736578594,0.0006723585191533825
Zn0.97Al0.03O,672.999995995272,-94.00000287509363,-88.59143264595312,37499.99978628186,39643.11656978826,5.380000187859855,4.692848267642284,0.050999997915074244,0.052335213248427936,0.000331350007492462,0.00035666291328622735
Ge0.55Pb0.45Te,720.9999946137101,128.56999733231643,124.97950893165762,39473.99991064777,40789.286343261476,1.7199999917111182,1.6941830166806895,0.28300000673713005,0.30103287566928827,0.0006525148881585064,0.0007441315496689849
Rb2Bi8Se12.974Cl0.026,822.9999956392309,-150.99999901639293,-154.59691517770634,15960.00003357606,15611.912011721312,0.6919999941372024,0.6889898937626516,0.43279330565143626,0.4444243187327516,0.0003639039628861041,0.00038973073929169885
AgBi0.98Pb0.02Se2.12,350.00000331136266,493.40001816186896,494.4299626124777,695.999974372379,508.0319728671653,0.5270000130815471,0.5186967715039063,0.11252913208328502,0.10387059316388936,0.0001694367168309123,0.00016014068272482066
Bi2Te2.55Se0.45,322.9999968260349,-135.1399956246633,-125.48603917072481,88488.99646129207,96822.07241784144,1.1964999950214714,1.158113770974361,0.44599999009166197,0.4625163604801422,0.0016160586874243534,0.0016204810782510686
Rb2Bi8Se12.9805Cl0.0195,822.9999956392309,-167.54999756646626,-186.04708515589485,12131.999903843485,11673.481045822267,0.6040999945978412,0.5881925911422492,0.463993894440318,0.5171514224875731,0.00034058167021077377,0.00038898166034696233
Bi0.92Pb0.04Yb0.04CuSeO,746.9999899040242,223.36000173282827,219.91590778236628,7335.999591630849,6659.671790567449,0.4535999857325694,0.4364947702951816,0.6027229008288192,0.5880759989622693,0.0003659907599551863,0.00036385873664189754
Bi0.84Pb0.08Yb0.08CuSeO,639.9999962848726,135.20000057856274,133.96725000662397,17297.000134063146,16726.911251237354,0.5200000265385516,0.502849373112386,0.3891354607249949,0.43993831662553823,0.00031617256006953007,0.000356334943324024
Sb0.05Ge0.95Te,822.9999956392309,207.40999795173187,203.51353053361012,93578.00502592749,90259.65859212122,1.9819999969291089,1.953578282828003,1.6715883568249759,1.7033957587181554,0.004025623347975109,0.004409553207435081
Ta0.84Ti0.16FeSb,769.999993863589,200.00000502787614,192.06936936109747,135000.00585413718,132960.5879455994,3.912999970953315,3.9032459920423106,1.064699951042171,1.0635192134804163,0.005400000218078489,0.005778684259915647
Co0.95Ni0.05GeTe,701.0000031120406,-94.04000174367863,-100.08135712628624,120898.99980948326,122112.01797293113,4.8930002096907845,4.645949951198191,0.15317600953239618,0.16546846502711815,0.0010691729181708587,0.0010918625624165297
ZrNiPb0.99Bi0.01,672.999995995272,-189.3999929565771,-187.47525726203716,129019.99847481868,137305.61751693016,6.510000033694309,6.501308214696935,0.4784659804951489,0.4543908136547044,0.004628251757919973,0.0043405990251713785
Mg2.975Na0.025Sb2,372.9999967073545,89.00000126541498,69.39725886326531,38999.999779328034,43549.464378048106,1.8399999955034774,1.7414551205219069,0.06262325343791296,0.05809817854187289,0.00030891899990702224,0.0002888092808957152
Cu2.1Se,473.00000175178013,65.90000014131583,67.7676791873692,212199.98089749223,210459.72602735247,2.437499937518773,2.2163349114762507,0.17882684932226386,0.1924893309229206,0.0009215442991770957,0.0008895353361634657
YbCd1.5Zn0.5Sb2,449.9999977922154,148.9999976670538,155.2524712340845,73112.99982374845,63281.91592749437,1.4199999999917872,1.3181585291379345,0.5700000273517951,0.5877871561105035,0.001623181730414832,0.0017450842551538308
FeVSb,400.00000319268224,-210.00000902815435,-189.2508923897942,104000.00175327773,121407.80661099748,8.259999518770728,8.325043397665572,0.22210169573234803,0.21652052390573842,0.004586399713009661,0.0046298043001731445
Ba8.02Cu4.98Si35Ge5.99,517.0000004853483,-72.00000292263749,-71.63271069966086,115320.00068250137,115969.92555151945,2.2249999553161546,2.1745785860933857,0.13780000092157713,0.13442281098873923,0.0005978188835045023,0.0005689064010349092
Tl9.0Bi0.96Te6.0,385.0000042846437,167.80000008119492,170.12324519611903,28639.99983456456,25685.621361031073,0.5600000276055691,0.5144032072737484,0.5544081740197992,0.5621493827909612,0.0008064118964594114,0.0007703301198604451
BaGd2NiO5,532.0000000536103,463.9700082409615,428.97197266587045,10.07626721333202,14.007740330422468,2.03124999685352,2.0395540036303883,0.0005681039871980342,0.000665641170142793,2.169100254133821e-06,2.743227674243518e-06
La0.2Ca0.8TiO3,839.999995810151,-152.99998940645085,-165.2219389686775,40321.99890739636,43849.44237135429,2.8460000242553587,2.934641761025882,0.2785924376954874,0.2859057622562836,0.0009438976768964522,0.0010412472398935906
Mg2Zn0.98Sb2,773.0000063214842,186.199996199183,178.25895871333583,18618.00007573716,16620.944102732992,0.9659999972991893,0.9141754298916868,0.5165290404282764,0.5006388340869119,0.0006454942589604508,0.0006150560383075756
Cu5Sn2S6.65Cl0.35,415.00000210072085,58.2399999804326,58.61822416597919,143949.00681170585,143321.6450385729,2.3999999498010363,2.3491319364122294,0.08442833814869875,0.08237990615320173,0.0004882602681713762,0.0004897640236967894
Cu2SnSe3,400.00000319268224,107.58000109718708,96.57239053494193,17545.00006984516,14041.015739258528,1.3840999997762342,1.9664338166815716,0.058682548190491506,0.026155494164499006,0.00020305628909185317,0.00012998187233783737
Ba1.8Bi0.2CoRuO6,318.00000423240397,78.80000067376567,76.05236046033254,21850.00000012572,34396.66676285056,1.414999999956881,1.3056826503608412,0.030491200733518894,0.035678177091809475,0.00013567626695853275,0.0001473687229189208
Sr0.11Ba0.18Co4Sb12.09,599.9999974361742,-143.99999743058387,-145.48224490763974,256017.9920132809,244328.148648978,3.9300001748504183,3.843849018212425,0.8105022161138107,0.8113668331702755,0.005308789645090501,0.005423600278260086
As2Te2.6Se0.4,297.99999160358857,203.9599986796091,207.5536980255447,623.2200046668197,741.5897936327846,0.6193000137987632,0.6021602387262104,0.012475173636381495,0.016026202903846872,2.5925754134887533e-05,3.435220425152543e-05
Ge0.55Sb0.25Te0.8(AgSnSe2)0.2,722.9999958765917,191.29999869629555,209.27909682847778,37418.99957966302,31231.620342772727,0.8749999781770093,0.7686491143321188,1.1899998816239854,1.3806803830282672,0.0014200000553411488,0.001568248721478306
Ag8SiSe6,422.9999965886741,-104.63999542375362,-128.24091281618226,42570.99920214888,43545.475741752314,0.4920000203122991,0.49553324544946714,0.4007602020612022,0.5648048057205217,0.0004661324235529071,0.0006706181541627035
Bi2Te3,372.9999967073545,-143.40000266160692,-138.71970064968508,107499.99760523555,43262.49715466542,0.9000000069347781,0.8568185442254275,0.9161637108979369,0.34807132686899805,0.0022105826290836923,0.000798160255610773
Cu2Se,295.0000002728392,46.530000642111226,86.83102827630273,282432.0205918821,106596.23456010231,2.3230000080109154,0.8795978919004442,0.0776520281183632,0.28412105660004383,0.0006114768317393531,0.0008649099130585162
Eu2Zn0.96Sb2,623.000001395739,195.00000557232713,194.6640479487791,16223.999764299815,15151.37495454961,0.4659999762007257,0.46774772923118696,0.8247632607959059,0.7836683168441047,0.0006169176050565117,0.0006096779262071038
ZrNiPb0.993Bi0.007,474.9999977328752,-197.99999624659415,-187.0349057613369,137000.00572364606,142121.16449282094,7.520700276498881,7.654602538894735,0.33922378634897926,0.27995132156330543,0.005370948095970887,0.004683853927983202
Cu1.95In0.05Se,572.0000008829786,271.6399979783555,279.72148350203133,6756.99989078663,6233.36022802354,1.7000000001696982,1.6978743943953687,0.1980000005108071,0.18785964431325136,0.0005780999969613942,0.0005458568496865179
Zn0.97Al0.03O,372.9999967073545,-67.99999866211743,-74.28285000210494,49000.0014703981,50405.06990553063,7.399999635995817,7.291840048057246,0.01142065430713915,0.010581457135416635,0.00022657599938485218,0.00020580937467581858
Pb0.99Tl0.005Na0.005Te,597.0000008236384,253.91999436651437,234.40028821259298,31575.999713358382,33965.276079225245,1.194400006848086,1.1798948120881685,1.017596174785108,1.0539981154892943,0.002035874192090799,0.002124475976754368
CuGa0.97Mn0.03Te2,624.999997376834,232.5999986604073,238.43950474815674,21564.99997638285,19568.043038415486,4.071999840240585,2.499093384066002,0.17907754473066567,0.2759375722121015,0.001166726041502854,0.0012199268547957224
Bi0.96Pb0.02Yb0.02CuSeO,639.9999962848726,189.46999469257224,190.02690291980957,13061.0002241654,12557.547575642817,0.5839000031850617,0.5440162315610316,0.5139239534440245,0.5423655566393585,0.0004688752825892539,0.00048614312670629495
AgSb0.93Mn0.07Te2,393.9999994040377,88.3499991055552,89.41622665078147,99865.00396053512,87567.78712472874,1.1552999933152002,1.072048468820198,0.26584460874650073,0.24966189997537877,0.0007795184934629045,0.0007276989028250587
Sb0.05Ge0.95Te,572.9999988735261,156.30000250745238,160.53737017421,136487.99369207327,138100.10131025422,2.3819999457468954,2.4244855348109398,0.8020940189519207,0.8577400780426188,0.0033343595999731344,0.0037334771566491292
Bi0.88Pb0.06Yb0.06CuSeO,850.0000021245587,211.99999432903212,202.0911580873096,12799.999708459694,12093.392284578007,0.40799998384132424,0.397743733986448,1.1985065577543295,1.2055748399121224,0.0005752832011994387,0.0005849832938243232
Cu2SnSe3,299.99999286647017,96.40000034222551,80.1957067185011,19970.000007369377,16379.966122022608,2.3270000310677568,2.6662444223194997,0.023925276742226196,0.011311772821389737,0.00018558041973370566,0.00010194183561560666
Sr0.16Yb0.03Co4Sb11.82,500.00000031442823,-153.99999634168194,-162.00239986395226,210455.02385273002,197753.06558429357,3.499999961209799,3.4004883396276444,0.7130215267933184,0.718027101604226,0.004991150761824686,0.004927108820822655
Cu5SnSbSe6.3,299.99999286647017,37.470000090689915,35.140832043801865,185344.99920075366,218108.01249861543,2.7414000638393605,2.977550913923989,0.028477188039797936,0.024796058387597127,0.000260224548354327,0.00024483093713137
Bi0.825Ba0.175CuSeO,824.9999969021123,208.9700007873549,192.2971058016057,10577.000027362872,11356.155344313403,0.5527999767063261,0.5640499475646389,0.7823999834964281,0.8369765854282245,0.0006609999933270088,0.0006027620342702744
TmCuTe2,320.0000054952855,73.69999964417838,70.36192779014861,95940.99464622395,99996.16987119819,1.5773999977834106,1.5704481227816651,0.10571761739643047,0.10253646245353432,0.0005211217696343027,0.0005396339382488191
Rb2Bi8Se12.974Cl0.026,525.9999995660822,-118.30000234229826,-125.97945638495725,14490.000422063511,13779.404351015626,0.7320000179734906,0.7028094302509893,0.14571777644122214,0.1576627403641345,0.00020278594870524365,0.0002180172806282354
MgAgSb,550.0000001957478,175.8200021664265,190.5430022045164,51999.99998391124,41669.45873984981,1.0836000104297392,0.9994758158800575,0.815893705359698,0.8590231794185897,0.001607458903339809,0.001638104319383005
Ca3Co3.8Ti0.2O9,299.99999286647017,148.9999976670538,139.3718109567443,4966.9998557025565,5100.257769988424,2.4900000501285176,2.3853517025652557,0.013285827704716036,0.014497216220213032,0.00011027236637021547,0.00011651450858322275
CuAgTe0.5Se0.5,348.99999211634895,143.0899975357415,149.16984904106417,9688.99992612163,8493.695642429066,0.4627000185260452,0.40085463647490344,0.14963164468507875,0.15527068425340126,0.00019837982751789814,0.0001929004706332119
AgCuTe0.8Se0.2,623.000001395739,178.4199990656635,184.54948814550252,24853.99997748954,24709.042707093107,0.5630000117151417,0.5281840282543275,0.875513868684972,1.0409951817317062,0.0007911946837387127,0.0008865208572087386
Cu2Se0.96I0.04,299.99999286647017,84.69999962040643,99.23135846937188,64437.99925755721,53194.353585923775,0.740000014047182,0.62037945686098,0.18741243732954496,0.2602300262602074,0.00046228401191700794,0.0005322526721555004
YbCd1.6Zn0.4Sb2,650.0000025992803,177.3499970454592,182.9488055095722,54232.999767277535,47538.851550168845,1.1960000027201523,1.1339439952110777,1.0000000205615456,0.9873815582898376,0.0017057917806506905,0.0017756361474429495
Ge0.6Sb0.2Te0.8(AgSnSe2)0.2,523.0000003126531,186.999997051287,195.9938136808447,42600.001216001736,39031.90541851536,0.8050000171371764,0.7660504073860593,1.0109999264186835,1.1284280030326468,0.001528299932667815,0.001662037682145818
Li2Ge11Sb2Te15,473.00000175178013,143.99999821150476,140.89079939629994,139999.9972727716,135569.83446447112,1.90179999631061,1.8773235364688108,0.7220201628387424,0.7143837057104356,0.0029030402432887277,0.002935924710636824
Ge0.55Pb0.45Te0.5Se0.5,299.99999286647017,220.49999457748567,214.28561209619724,10377.00028168281,9801.665025388409,0.6679999993214545,0.6273138797894738,0.25000000138326334,0.26076763780048845,0.0005045323342500607,0.0005684197698883111
Ag(Bi0.85Nb0.15)0.9Sb0.1Se2,576.0000007678484,-152.000005951624,-170.06082763068622,17433.00000451972,18180.694830468125,0.5278650755968118,0.6193697819031837,0.4394999889866232,0.45147612633332274,0.000402772027983864,0.0004904338397750375
NbCo0.96Ni0.04Sn,491.9999979037953,-139.41000105328362,-148.12379038214007,97277.99727244132,95049.82469247626,8.571399114089553,8.230603441530267,0.1085215111266294,0.11425328193501207,0.0018906122941698769,0.0019158368045136436
CsSm2Ag3Te5,462.00000008771815,177.78000542810153,168.41636069191168,95.58999012547508,163.05688866014358,0.5213000160794603,0.5459541225545312,0.002677518982592925,0.002663173548339081,3.021191938496956e-06,3.2075752115924415e-06
As2Te3,473.00000175178013,36.630000370000914,48.32305749603521,1154.7800975631023,1079.932277056301,0.6721000066119278,0.7206551664998996,0.0010904363472420463,0.0012697782501603775,1.5494341814188819e-06,1.859256195907294e-06
Bi2Te3,473.00000175178013,-156.80001106424808,-139.06683494564075,77299.99654369263,30262.383588650773,0.9587000011640224,0.8781755319169349,0.9376700232949475,0.29059979554393767,0.001900516352666874,0.0005529706575771431
Ca0.1BaGd1.9NiO5,532.0000000536103,204.4100006264429,177.52817809286583,65.1214901399503,86.42282712716951,2.2004000190355026,2.2151806166163097,0.0006578676567347287,0.0007358079058235076,2.721000075757284e-06,3.1299873404269676e-06
Bi2Te1.95Se1.05,322.9999968260349,-167.40000474432307,-164.30723634196963,52249.999409762415,54980.61298435164,0.9800000089418075,0.9373315356617021,0.5029999838079253,0.5320022371345614,0.0014641891817383404,0.00152342596626302
Ba1.4Bi0.6CoRuO6,318.00000423240397,300.9999893338856,199.1000011342086,7309.99975792757,12720.93915685103,1.1999999976904063,1.1248098860241325,0.17550772719696187,0.14219075346861543,0.0006622933128851056,0.0005442304502509959
Mg3.07Sb1.5Bi0.47Se0.03,299.99999286647017,-280.9800030366782,-281.5936634009099,7561.000019925634,7241.848610479299,0.7763999946570156,0.7171564672270391,0.23065654769122612,0.24687020249358388,0.0005969391368328224,0.0005746385424435035
(SnTe)0.92(CuSbTe2)0.08,322.9999968260349,36.000000579484166,36.1013742896439,347600.0300475684,337173.627193936,3.9250000506956098,3.917476656126404,0.03707213913594272,0.03037509336324475,0.00045048959877575076,0.00038169892159440775
BaBiTe3,573.9999995049668,-183.0000096201492,-191.06226469277067,8685.000131128068,8198.343540508227,0.42659999582371355,0.40288378770269523,0.39134792839625027,0.4008061781481518,0.0002908519590377244,0.00029426068330065636
Cu2Se0.96S0.04,550.0000001957478,153.2900025299666,166.46441120888332,43489.99968104921,39719.36872481499,0.8799999850306269,0.8538594203722065,0.6387002261247233,0.7026727814131227,0.0010219203739335718,0.001130782109223565
Li2Ge3Sb2Te7,473.00000175178013,240.00000067226833,261.45471519757496,27229.99990976409,22116.78681987563,0.7811999979869482,0.7889627044141044,0.9496619557579328,0.9362720429573614,0.0015684480447989788,0.0015928034791142045
Ca0.15BaGd1.85NiO5,907.0000064259636,171.3199944382909,141.96014396518612,380.7766635743613,450.9089371580651,1.7169000067160651,1.7071097012173684,0.005904032275830369,0.0070627585000016205,1.1175999291617628e-05,1.3922635650455576e-05
CuAgTe0.6Se0.4,303.00000532436536,198.3699953670778,201.93050516165155,10944.999881492842,10540.692991849754,0.45180001432147376,0.44257021059526114,0.2888445392017838,0.31106836197394844,0.00043069294147214877,0.00048487621673429167
Ge0.95Mn0.05Te,698.0000012177184,154.1900005535331,154.32047528967024,140199.99375217964,134190.51794500364,2.3956999423948484,2.3046570020385717,0.9711435500752411,0.9926875513000325,0.0033331924793424095,0.003474718270521352
Cu5SnSbSe6.58,672.999995995272,71.49000051879662,67.44337077936373,164655.00651740894,186985.3665349288,2.9486999659313575,3.0340212940449525,0.19206577863904206,0.1883855745659392,0.0008415221003549506,0.0008811586762543645
(GeTe)0.7(AgSnSe2)0.3,422.9999965886741,36.02000001377665,32.267584875530986,67096.99871679745,70055.86071061928,1.374999999277464,1.2997318726068774,0.026781083957037242,0.02792779475452198,8.705435423289688e-05,8.665507155372023e-05
(Cu3SnS4)0.875(Ga2Te3)0.125,331.000001877561,74.99999956132213,70.06275955743408,93015.00370900282,85046.96874408418,2.4066000468903734,2.334331599047747,0.07196139638165144,0.0713649811474201,0.0005232093743970799,0.0005094458353345825
Bi0.96Pb0.02Yb0.02CuSeO,446.0000005482388,157.00000031799286,152.55237737166715,21600.000065234744,20130.245767734694,0.7437999983861372,0.7048482154443616,0.31925060615076456,0.32754334939356905,0.0005324183997532579,0.0005209971031268075
BaBiTe3,371.9999960759137,-151.79999986849694,-158.24422028647112,10350.000055525563,9485.176429570896,0.45199998595136753,0.41899564624600294,0.19628558080471412,0.22793518767406945,0.00023849753092718533,0.0002447593626549588
Mg2.16(Si0.4Sn0.6)0.97Bi0.03,799.9999916796662,-216.80000453083636,-205.54314654276897,89150.00083672283,95817.0009915677,2.329999947595798,2.293616776952702,1.4387122395483132,1.3480646949950168,0.004190249705084854,0.004208018738579025
(Sn0.985In0.015Te)0.85(AgCl)0.15,722.9999958765917,115.06999762831384,112.72203938795052,155056.00494129036,137710.7970635235,2.5778000245841532,2.4146789403765867,0.5758400829702633,0.6296285452233871,0.00205311271720919,0.002214183913019961
Zn0.875Cd0.125Sc0.02O1.03,672.999995995272,-109.99999643676966,-116.61381581440887,32859.99955925146,34306.06669118562,3.8300001778441413,3.9196860324698504,0.0698665400231972,0.07414461452338897,0.0003976059968671077,0.0004252009223177457
CuFe0.92In0.08S2,509.9999987061562,-372.4999972035987,-392.5672429034745,2630.0002536112447,2344.5945134966287,2.0370000063631872,1.8042269945450247,0.09136659469996757,0.09697596776609578,0.0003649289413780358,0.0003445994066195318
Hf0.8Ti0.2CoSb0.8Sn0.2,376.99999923311753,174.99999600992894,179.02924511390225,58200.00084202169,48526.67805569246,2.7999999277443233,2.7410395383521178,0.2399840601337255,0.2334836842741595,0.0017823749398244149,0.0018048236543184127
Cu2Se0.96S0.04,650.0000025992803,182.56999614832674,193.1019318767765,32745.000233013812,29733.052469876406,0.8319999928456483,0.8121514654657628,0.852695313764528,0.9276435602275365,0.0010914499422501644,0.0011921231249528708
SnTe0.2AgSbSe2,650.0000025992803,137.55000161409302,133.65413294627882,68456.0024307651,75622.2588986895,1.0800000103047316,1.2243687936974157,0.829999960223232,0.8247723159568412,0.0013700000524059404,0.001601245204039404
Cr1.99Mn0.01Ge2Te6,614.0000009945585,315.45999710453424,310.65536635227926,3851.999992878762,3609.1497117693743,0.6578999977959747,0.6395757382512804,0.3577530600065709,0.36354342185773497,0.00038333182425908784,0.00038676612456072803
NbCo0.96Ni0.04Sn,599.9999974361742,-155.000003276913,-167.24576196901648,82603.99591238429,79752.7011784153,7.797600296645957,7.426929670048704,0.15270553200203696,0.17099800899470285,0.001984561086025527,0.002095324836598308
CoSb3.0,672.999995995272,138.99999875595574,117.45223725883514,15385.000224976404,16127.405506039253,4.3999998228071,4.441168847030343,0.0454662892705714,0.04571534883430751,0.000297253581820245,0.0003055612213542724
SnS,422.9999965886741,256.3999946599964,553.01690535324,38148.99976255944,6.973745193011139,2.154999995323676,1.8230783564711714,0.4922801287420544,0.0003133604238888573,0.0025079519509818675,1.5278336372502114e-06
Sn0.98Ce0.02Te,422.9999965886741,40.859999592409935,38.792695286035425,321520.0251340404,327311.9738797933,4.154599856075902,4.05208831632696,0.05465323677852789,0.05319127670732745,0.0005367903732942287,0.0005345353951904191
Rb2Bi8Se13,525.9999995660822,-305.99999387861476,-299.749345913012,947.9999253634091,1802.5112838610087,0.43860000263664906,0.46431878203181975,0.10645555198689431,0.173992316382235,8.876692394215888e-05,0.00015515297980668604
Cu2.94Ag0.06SbSe4,548.0000002533129,371.999988646803,380.9568001593135,5501.000294157136,5418.626092646559,1.0400000063686523,1.0275518348918773,0.40112040009673633,0.4221383319783659,0.0007612503745799825,0.00083645467432967
Cu0.98Pd0.02FeS2,199.99999310383095,-223.00000526454141,-260.90951704102037,10745.9998880793,13595.053687806118,9.544999651637575,9.546652494735257,0.011197231450365852,0.012196456817636255,0.0005343878343469977,0.0005486936292144409
Sn1.03Se0.12Te0.875Br0.005,322.9999968260349,21.199999490812566,15.193794273318979,561404.038002672,617603.7546704641,4.9620000257996715,4.788214878839742,0.016424531675717106,0.013312666796592279,0.00025231741575519774,0.00019964714781219684
Rb2Bi8Se12.9805,624.999997376834,-274.99999021008955,-271.23821813076313,3289.9998725403607,4469.624600059981,0.5400000154078158,0.5196824597344192,0.2879702037816962,0.37198344721698345,0.00024880625354347426,0.00031145878629227497
Mg2Cu3In3Te8,720.0000045458423,276.0000037963426,267.03182776819074,6964.999940148797,7523.593420434576,1.1969999946727878,1.1390253971274853,0.31913735036994834,0.34291811023730007,0.0005305658392829064,0.0005693126877146113
GeSe0.6Te0.4,775.9999976522336,132.7799985879582,134.6897655248093,101866.00384728196,91213.64558558083,2.1250000039574055,2.081912819519109,0.6558392020132675,0.6611918440939121,0.0017959513414364384,0.001898068521273446
Mg1.98Li0.02Zn0.98Sb2,572.9999988735261,129.63000257042498,137.10078039069947,55026.00041125257,51771.54092883031,1.0117999970275573,1.0197809597107397,0.5236473595440977,0.5377789402660894,0.0009246534345049698,0.0009843453576331078
Cu2Se0.98S0.02,550.0000001957478,149.9999987321838,160.05004612487207,47443.001325614234,42808.24072535591,0.9020000197811135,0.8649900056343828,0.6508948470057273,0.7135283510934308,0.0010674674888251654,0.0011744858487722847
BiSb(Se0.94Br0.06)3,400.00000319268224,-141.00000010529487,-143.36224617162472,22499.999937209697,21326.18273569974,0.5699999749904495,0.5405840064808719,0.3139105327085545,0.33105860915640056,0.0004473225005053886,0.0004516372430466618
Li0.03Cu1.81Bi0.04Se,401.00000382412304,53.7500000408322,59.09890472844876,68966.00360742347,81385.08523616291,1.4196000000038473,1.3141722519653578,0.056282106575032395,0.0941674425195586,0.00019924708581282389,0.0003179745060994566
Pb0.98Tl0.01Na0.01Te,397.00000129835996,155.52000108964086,140.48436533949226,73244.99627666971,82935.19766621177,1.9205000073482046,1.9029028571266566,0.36620703156912,0.3889753809217147,0.0017715380462750472,0.001955467846032365
Rb2Bi8Se12.9805Cl0.0195,525.9999995660822,-147.4199887461163,-166.25134336998923,9412.000031775857,9100.798841718384,0.6476999875630346,0.5946153735730221,0.1661141311835964,0.2000972213632635,0.00020454775661933852,0.0002360525700890522
Co9S8,299.99999286647017,-19.199999514682155,-16.359921352419413,1269361.886368444,732229.4758158026,10.00000083589182,9.993564281075342,0.014038129651725606,0.014692574854724593,0.00046793760817912016,0.0005022971757610448
Cu2Se,572.0000008829786,76.19999937195288,128.0136291543761,189189.0075366154,69431.85620637343,2.5093000423004406,1.2507667797287298,0.25040861811540405,0.5080073431095871,0.001098514562208449,0.0011685794262617326
Ta0.84Ti0.16FeSb,970.0000145160132,223.9999953703902,213.79304017651663,100699.99933293171,90391.4000080086,3.522000168368925,3.635652481577092,1.3915789605581916,1.305241295740315,0.00505272328094892,0.005311698306142846
Cu2Se0.94S0.06,449.9999977922154,131.89999999868422,134.04196465284494,52188.00066500146,54123.65571496559,0.8599999787510006,0.784854964040243,0.4750882868990108,0.5273216445718306,0.0009079464624174193,0.000984094815257751
La0.7Co4Sb12,473.00000175178013,-197.29999843605367,-202.71403959937697,33979.99979593008,34030.697037748134,4.519999785694667,4.3485661892267675,0.13842044676560353,0.15237247562402295,0.0013227493372572608,0.0013376416650770623
Cu3Sb0.975Ge0.025S4,372.9999967073545,307.99999091969465,295.6886279782067,5210.000227514121,5603.321277121516,1.505699995812039,1.6018875597999074,0.12243611309074107,0.13123971075414914,0.0004942414401903983,0.0005633459602091314
YbSi2,521.9999996812123,-36.69999760910374,-18.027722723806285,620499.9848106034,584329.4462799932,10.400000432981738,8.00657126955534,0.041947982297568354,0.05598373857190281,0.0008357452307704648,0.0009056543934117403
Sn0.87Mn0.1Bi0.03Te,422.9999965886741,71.99999930098261,70.50171544160864,217999.99244949207,228100.91397444805,4.000000040387505,4.009669857158589,0.11950934377135984,0.12251614612749495,0.0011301120046949605,0.001189019285123899
Cd2Cu3In3Te8,426.9999991144372,171.00000348961098,158.59456630862448,14999.999780855089,14662.810379602148,1.4759999999583537,1.5194524112620151,0.12688929907404173,0.10893801736462108,0.00043861499805632583,0.00041115904156230684
As2Te2.8Se0.2,523.0000003126531,217.17000365131997,221.6298833686474,2275.8000170853047,2104.1753105456532,0.531999993803445,0.5136311888042033,0.10551733543871111,0.11396386120267221,0.00010733312242541174,0.00012066112021192279
Sn0.98In0.02Se,672.999995995272,461.0000188722628,449.9259088702224,194.99996111509657,241.57809138072074,0.6300000148954856,0.6885859012509633,0.04599999858715758,0.042038817205367694,4.144159385048565e-05,4.775141219283164e-05
Gd2.75Se4,850.0000021245587,-202.90000440078177,-196.27176805495284,4340.000022868701,6380.275267523414,0.7434000158926349,0.7674717697333744,0.20429145066873658,0.23394807193818185,0.00017867090673899565,0.00021315324116144167
CuAgTe0.5Se0.5,421.9999959572333,211.41000221225195,184.19762254809697,5481.999794559631,5622.58017756482,0.3060000146226887,0.3195272831919377,0.33789448918227477,0.23803055402008472,0.0002450135369863428,0.0001899714791962825
Sn0.96Pb0.01Cd0.035Se,873.0000060841234,294.03999835686363,298.76834127581503,8706.999992826126,7939.347950728915,0.3428999915795935,0.3708503765595862,1.9165851720778375,1.802978840180658,0.0007528030395720337,0.000775050652165326
Sn0.98In0.02Se,523.0000003126531,492.000022540788,480.749574703072,70.00000727211425,94.00013601071245,0.6309999985759596,0.7059281379612989,0.014044316189542242,0.014005148206399608,1.6944483131901414e-05,2.0583032276500787e-05
Bi0.92Pb0.04Yb0.04CuSeO,846.9999896666634,232.00000389143034,222.30853749175392,6400.000128745292,6390.436748386786,0.4249999996610091,0.4160726765341942,0.6865156272554314,0.6908845413905739,0.0003444736025707233,0.0003549981657010044
Pb0.985Zn0.03Te,622.0000007642982,-276.35999870278766,-269.6285425000174,24867.999971330682,25154.257612309317,1.1809999996841103,1.1411428749337835,1.000303375456818,0.9935887884435609,0.0018992897164667483,0.0018874830502366823
Ag0.01Cu1.965S0.5Se0.5,672.999995995272,168.92999453417562,177.38911539888602,38529.00002220351,30965.876740348012,0.9065000187373818,0.8580057748822275,0.8162976567194259,0.8647174680529194,0.0010995153776398332,0.0011375183358571768
Er0.01(Bi0.23Sb0.77)1.99Te3,449.9999977922154,222.10999893389047,229.66058077800017,33470.99967615535,30442.462879983992,1.0726000063823258,1.0243119593700878,0.6927549544765106,0.7471960381696999,0.0016512199624355913,0.0017798646245246767
LiGe3.5Sb2Te7,722.9999958765917,275.3299904619882,278.3698105528306,31110.999924950363,28883.62633770845,0.8972999818933689,0.8791453921299649,1.9002976532206657,1.8149341419916536,0.0023584193270726342,0.0023662384641275082
Tl4PbTe3,572.9999988735261,166.00000403406196,162.236670507855,14499.999931256862,15131.39896789356,0.5450000242702103,0.5197620488079467,0.42600000433463525,0.4653135966405182,0.0004090000043317456,0.0004222809345899265
Ag(Bi0.8Nb0.2)0.9Sb0.1Se2,326.0000092839301,-70.00000079237748,-71.73569575256005,50249.998661692734,46346.526952112545,0.7740535180501853,0.7174212231662572,0.10369999852016329,0.10537203558558708,0.00024622500206590017,0.00023139457914646549
AgBiSe2.0,477.9999996271975,-187.99999733549612,-187.0671208759237,5663.999930967396,5002.783026500487,0.6349999968190198,0.5416596952687598,0.1506930130294553,0.1703672608484521,0.00020018841452872443,0.00020653948281244334
Mg2Cu3In3Te8,865.9999911004651,225.99999750065024,247.5382553041637,7730.00001648209,8538.214387770813,0.4969999838616872,0.9043902526897537,0.49600001352022016,0.5604622138055019,0.00039481748159697687,0.0005998252703674458
Co0.99Ni0.01GeTe,824.9999969021123,-87.23000358879986,-99.11422275696006,80319.00463560018,73420.75083249806,5.045799740703573,4.78028173751718,0.09992495558176369,0.11480106607170465,0.00061115312386696,0.0007010538499010112
Cu7P(S0.6Se0.4)6,421.9999959572333,313.1000051570093,295.64286467038625,686.9999307190094,754.5020442514253,0.20999998370291273,0.2041163120925891,0.13533683878840883,0.1494313308428611,6.734772191877368e-05,7.604838622101482e-05
Cu5.133Sn1.866S6.3Cl0.7,685.0000035725612,126.99000093250194,127.13972372999663,51954.000496997905,48379.60270068274,1.3249999998711743,1.240012080149285,0.4331444044310433,0.4495904781183276,0.0008378341248486297,0.0008325245445510085
Ge9Sb2Te12,324.00000802104853,53.249999875148504,55.17319246687375,229090.98661276468,232519.64201377795,2.898999968734774,2.908440070005413,0.07260123993520413,0.07421119762464302,0.000649601854033769,0.0006851955056192326
BaZn2As2,322.9999968260349,203.00000235316514,191.20350597516256,6942.000059838373,6199.528952220936,1.8793999770725507,1.6756524805035362,0.049165447532999756,0.055435588882512404,0.0002740000027953984,0.0002865097482535404
Ag2Se1.03,362.000000325079,-137.22999814429008,-135.173924808758,131310.99263558362,127144.77266585032,1.1659999995488637,1.080693196862909,0.767731351627693,0.7976680205891263,0.0024728583159332558,0.002447475607508204
Cu3SbS4,322.9999968260349,496.9999867757307,598.1535681459309,1650.0000603840238,197.3108532056957,4.205861128770314,1.9489741828483922,0.031300001046852474,0.01460713375131124,0.00040756485251430445,8.963174819905685e-05
Al0.0075Sb0.1Ge0.8925Te,572.9999988735261,214.60000296847122,228.68089613261958,52450.000894129764,50416.3602424947,1.4280000000770796,1.4315011743844792,1.0000000205615456,1.0831942546444302,0.002415488258593181,0.0028822074036092735
Ba8Cu5.04Si13.01Ge27.96,615.0000016259993,-111.93999439405115,-115.62045383357145,61209.99902864412,61559.926618971236,1.8209999950294544,1.7607937193167456,0.2590348231930954,0.264969114751142,0.0007669958002528315,0.0007926543209809274
Bi0.42Sb1.58Te3,372.9999967073545,240.00000067226833,251.96144688990083,38600.00018049397,33884.94281091069,0.9199999913772213,0.8997463234779189,0.901427521435121,0.921878766692604,0.002223360061100732,0.0022106942604222237
Sn0.97Pb0.01Cd0.025Se,722.9999958765917,398.0000045999813,397.8260852459402,2333.0001255732345,2157.172694231935,0.4819999936227957,0.47095319734159585,0.554334795102844,0.5347239270171951,0.000369556528698504,0.0003746013221100548
Co0.95Ni0.05GeTe,824.9999969021123,-96.17000313189041,-103.52762301413836,121693.0048395212,123854.78702266938,5.228999904814836,4.845684490298723,0.17757431011225294,0.19437986312418237,0.0011254982244744461,0.001192380571007144
Yb13.44Ce0.4Mn1.09Sb11.07,773.0000063214842,179.99999546547795,180.86268899684345,16419.999841901346,16385.574222122243,0.6770000103825897,0.6619126896737486,0.6074478477101328,0.6450876032581319,0.0005320079992093006,0.0005747216766220885
Mg3.5Gd0.01Sb2,299.99999286647017,-239.6400042039815,-239.50139937788396,5970.99968522566,5286.7980072340215,1.1911999958700337,1.1245771907453468,0.08635793950676231,0.08296140285008873,0.00034289858582213143,0.00032361248869241475
Ba1.8Bi0.2CoRuO6,418.00000399504313,45.560000195945214,45.11376391893787,54591.99838505516,58557.819971169585,1.3280000024045497,1.3298568154850408,0.03566766098531141,0.03368296444334114,0.00011331735560071933,0.00010916748814116258
Hf0.5Ti0.5CoSb0.8Sn0.2,305.0000065872469,178.79999418732194,183.09680249735686,42999.99995025111,32983.726003180804,2.532999934608912,2.4387992843794533,0.16000000094872918,0.1511935547212091,0.0013746859199514044,0.0013101480459586454
Bi2Te2.1Se0.9,572.9999988735261,-176.39999672019005,-176.88505491052098,39999.99911506384,42112.716136849565,1.0809999997810373,1.0570601656795398,0.6489999931817514,0.6687954391637446,0.0012399999476121444,0.0012812616919409957
MgAgSb,400.00000319268224,201.27000139100537,205.79253856698793,36364.000135711416,31586.09345641766,0.9688999887060216,0.894420527295243,0.6081500770990907,0.629815927162227,0.0014730915501219427,0.001427740194087579
In0.01Pb0.99Te0.996I0.004,427.9999997458779,-210.54999053614745,-217.88949528654138,35199.99966541818,34205.910355071814,1.5766000044807542,1.5021384877008386,0.42361897236849066,0.43462255148634277,0.001567999935326191,0.001553670744041846
Ag0.97Cr0.97Bi0.03Se2,502.9999995678573,105.93000080724782,106.76855648307743,15259.999828700722,15043.914986253309,0.4087999804416038,0.403972362396338,0.21069274362585977,0.21890605327037763,0.0001712349764269656,0.00018203582699369663
La0.1Co4Sb12,672.999995995272,113.80000126518462,105.70699566818945,26120.000024495115,28785.631523045686,3.8139999655242036,4.061083962006596,0.059688696010208236,0.05226533173811253,0.0003382654869158027,0.0003276899083801045
Ca3AlSb3,421.9999959572333,351.84999800246374,344.45855459794006,326.7000292942976,542.7239316726477,0.9883999936495861,0.9956614698076253,0.014999999468650228,0.0299126619200878,4.0444941394273266e-05,6.946418642967072e-05
Cu2Se,424.9999978515556,117.99999986862963,109.17942166139072,51060.00084258359,69853.77481201054,0.8559999979657569,0.9389932014456156,0.35298803967900344,0.3499147385512482,0.0007109594362086308,0.0008129598410579719
Cr1.99Fe0.01Ge2Te6,514.9999992224668,415.2999907411748,406.20077057708346,796.8749528803687,799.3822111599156,0.7239999901778331,0.6966219192720909,0.09776484550727581,0.097180885614994,0.00013744028795573,0.00014051122951983736
Cu1.97In0.03Se,869.9999936262282,255.72000215384944,249.48114135116398,17450.00019723468,15889.433565827168,0.7249999892032065,0.7174003961244539,1.3839999812072354,1.3481598639295518,0.0011411029289917357,0.0011893912470843575
Ba8Cu5Si25Ge16,415.00000210072085,-66.20000261498447,-64.3454733290557,106999.99416734674,100556.70022211538,1.8799999955169486,1.815354268870022,0.10351183370992709,0.10087265419862469,0.0004689210788514906,0.00044600106392122727
Pb0.99Tl0.005Na0.005Te,695.9999999548368,273.19998907377646,257.66023491517313,25373.000043261713,26155.70398583692,0.9831000070740037,0.9649220398095537,1.3407405921551419,1.3688653407341267,0.00189379614698773,0.001956670852616219
Ca0.1BaGd1.9NiO5,420.99999532579255,230.88000035044428,202.45315547913515,27.595617945600374,38.67261963335089,2.4228000264355782,2.347120977746679,0.00025560966833327784,0.00031990950165893244,1.4709999208924916e-06,1.8611496225394523e-06
Pb0.98Zn0.035Te,718.9999933508286,-273.6999976305721,-262.6654755900429,25859.99992885629,27668.71578611024,1.1409999883282251,1.1574493761025728,1.2207349704851964,1.1554114578159487,0.0019372162942184136,0.001953125324602759
Mg2.16(Si0.4Sn0.6)0.985Bi0.015,299.99999286647017,-136.00000064974586,-132.22276672424198,177000.00029753207,177463.61920117235,2.6819999349841437,2.591067275107554,0.36619596568492635,0.3459847688150795,0.0032849997957006116,0.003049690117326204
Ag0.97CuSe,479.0000002586383,190.4400054114151,127.04892500688646,14568.999895071363,20961.15032846857,0.6319999968618965,0.7682627317342748,0.4004649581822038,0.30224173335383847,0.0005283796578798117,0.0005077104712149133
Mg2Cu3In3Te8,426.9999991144372,338.2999967776794,329.928316938276,1793.0000236325147,1695.8428962387572,2.3100000259125912,2.2691905167621504,0.037931513858427426,0.03535733345553755,0.00020520327756633994,0.00019274841897902584
Ag(Bi0.9Pb0.1)0.7Sb0.3Se2,477.9999996271975,413.5000064342439,390.22352952709446,1058.9999015385126,881.730462869609,0.6373457748030594,0.6173722575319232,0.13579999860726202,0.10684910244579805,0.00018107020204845392,0.00015174939697964096
ZrNiPb0.995Bi0.005,303.00000532436536,-169.0000064485311,-168.81162316549185,130250.00465833354,137593.11751585294,9.737699997649658,10.02155870731481,0.11575436476103548,0.10062348845985115,0.0037300001053133724,0.003358785281724808
Hf0.8Ti0.2CoSb0.8Sn0.2,305.0000065872469,157.99999551302182,165.97994002865786,61600.00036963905,47755.52434290802,2.763999962527664,2.65288776699075,0.1696901703071553,0.16471498373477347,0.0015320000246772775,0.0015401768107206268
Zn0.9Cd0.1Sc0.006O1.009,299.99999286647017,-77.00000237818654,-84.60387299966848,56144.99906682631,52348.524362131204,8.43999918852357,7.9546313003118145,0.011832358104887208,0.011664626958849802,0.00033288370778356523,0.00032125158511379074
(PbTe)0.15(Ag2Te)0.85,550.0000001957478,-174.6999919744185,-164.7539275518087,24300.000002569494,25649.321731243683,0.5232999883081507,0.48915069849827497,0.7720000338525189,0.7795411356802104,0.0007416381855996039,0.0007118071944568798
AgBi0.9Sb0.1Se2,326.0000092839301,-127.78000422158934,43.92326339933847,14962.000180804383,745.5908455346034,0.4962013997494111,0.427343318086079,0.1605000007363649,0.039003896266561706,0.00024429547262162186,5.2791989215686344e-05
Ag2Se1.02,362.000000325079,-135.53000513872064,-136.0483702824345,144590.00431492552,127842.21960102882,1.146999993719791,1.0906610713393716,0.8382128010211918,0.8048580817564357,0.002655883962835216,0.002498566646306335
Cu12Sb4S13,525.000000255088,100.10000134815604,112.44777065638368,91382.99662825775,72522.10138651238,1.5383999956131795,1.3653530915869903,0.3124809817113597,0.34693114433210187,0.0009156585893872629,0.0009399920592633396
As2Te2.6Se0.4,473.00000175178013,263.499999287369,256.7205491383775,2183.9998600443405,2174.746117388329,0.5100000137490293,0.50195285674004,0.14063869671124712,0.14298576052864367,0.00015164003936562407,0.0001600506080027133
Bi0.42Sb1.58Te3,473.00000175178013,217.79999463668517,221.1057772661023,27930.000072460054,25521.802358812063,1.1150000106147782,1.1313058786086405,0.5620474121119585,0.5242977390751703,0.0013249109827872445,0.0013351426087726394
NbCoSn,474.00000238322093,-208.69999296823272,-195.3135327588252,53254.00063177335,64568.367148135054,10.480000709605536,10.035982794884783,0.10490934929574286,0.1094471270240988,0.002319514794845759,0.002370864474095314
Cu2.88Ag0.12SbSe4,497.9999990515467,399.9999949900392,393.68651346274964,6446.999744358833,6463.372481184566,1.0400000063686523,1.0143174349566977,0.5000000001106574,0.5090638785043369,0.0010315200070419534,0.0010812778122072804
Mg1.98Li0.02Zn0.98Sb2,672.999995995272,146.03000242825408,150.58467253740866,45820.0000212012,43591.44697660544,0.993399988786118,1.010047399652587,0.66195756172343,0.6583331468547631,0.0009771005351620393,0.001009755782805483
Sr14.5Ga29.2Ge56.3,669.000004033082,-156.09998977330338,-160.72814180745752,50349.998802065275,54046.29854200507,1.6779000018857635,1.7123142167213836,0.4891762049148216,0.511246491522311,0.001226889057140824,0.0013473169799507662
Ba8.07Cu4.89Si41.03,517.0000004853483,-65.99999653185739,-64.84652167465893,136189.99284534832,144216.9094875675,2.7000000142358282,2.7306711480347508,0.1135951694645539,0.10865741729389755,0.000593243641807841,0.0005738102809280435
ZrNiSn,474.00000238322093,-132.87000406650512,-135.6984770389832,47447.999556165116,51258.96298178624,3.7439999236472454,3.6639575965162603,0.1060508820098333,0.10394031949126134,0.0008376677099747521,0.0008154557153751755
Er0.02(Bi0.23Sb0.77)1.98Te3,400.00000319268224,237.52000037878634,240.95789550253483,40730.99978052246,37060.82110788334,0.8448999867767546,0.8389169528597918,1.0878777447278305,1.0573226416667307,0.002297869921159005,0.0022972902457829335
Bi0.42Sb1.58Te3,523.0000003126531,189.20999617666877,199.98653901605726,26064.00001550248,23546.48921200601,1.3199999994035478,1.3003457572074915,0.3697064268878735,0.38369753930057415,0.0009331022488554707,0.0010408971401023846
Cu2.82Ag0.18SbSe4,348.0000020484812,362.999996670936,356.39387886588025,9377.999863763094,9107.591264701176,1.3800000009744302,1.4241709375235443,0.31161879664649245,0.29604264897692034,0.0012357296399586385,0.0012589749322594918
CuGa0.97Mn0.03Te2,525.000000255088,223.9999953703902,227.13540418680313,21052.999977464264,19055.98111543174,3.18399999673256,3.020181112263837,0.17417919177798763,0.1736685907484961,0.0010563553308910677,0.0010480625942725914
BiSb(Se0.94Br0.06)3,599.9999974361742,-186.0000069454382,-190.74687590331743,17499.99980885026,17771.853546713483,0.5100000137490293,0.50215274268294,0.7122705526501527,0.7374929820844057,0.0006054300002136029,0.0006404946470493686
Cu26V2Ge6S32,593.999998929316,65.69999992828983,67.73417558560095,231999.98696361715,227555.9794974207,3.3369999152999426,3.292305137427898,0.17825797241782115,0.19009614695347887,0.001001425694592742,0.001077831595508498
AgBi0.7Sb0.3Se2,477.9999996271975,-327.7799941837524,-299.99372996011067,1124.9999288947108,948.4824243566665,0.45492689801737207,0.42091377976638555,0.12699999971404594,0.12882502248038816,0.00012086969216658814,0.00011057206723963013
Cu2ZnSn0.925Ag0.075Se4,473.00000175178013,67.89000035314172,66.0658370999676,67686.00063165145,59899.40675721948,2.895300024878034,2.8200705780309234,0.05096570712314301,0.045143938490509045,0.0003119683032943394,0.00027461695236976366
(SnTe)15Sb2Te3,672.999995995272,146.9199977996238,145.00855788397217,105443.00423633169,102734.27750269945,2.1800000142775775,2.115060848419603,0.7026485563104324,0.7351081653199989,0.002276038451365259,0.0024379325614422025
Cu2Se0.96I0.04,374.999997970236,133.59999887435472,117.7314251350856,27140.000091528233,38659.056588121464,0.24499997978883742,0.5971805648878618,0.7414603838092169,0.35728104619750456,0.00048442077393386643,0.0005629037120948704
Cu2.88Ag0.12SbSe4,548.0000002533129,378.99999023261205,379.8946171137137,7285.999772964277,6693.930386209858,0.9399999912453805,0.9071851634322354,0.6199999889449721,0.6050419907762392,0.0010465683497556848,0.0010529164774661765
TmCuTe2,363.0000009565197,83.29999959674967,78.99554107751555,86199.99905054395,87718.93577687189,1.4999999997567373,1.4633658252626167,0.14474802236838463,0.13396486367785831,0.0005981323166545866,0.0005928450261894152
Bi0.825Ba0.175CuSeO,724.9999971394732,201.28000404320215,194.7291121488666,11634.999865730277,11845.861544630729,0.5857999774787938,0.5686732235400567,0.6862999680027839,0.7543016395882216,0.0006719999935037557,0.0006225264144150485
(Bi0.23Sb0.77)2Te3,299.99999286647017,228.9999948259392,242.3984417816999,54942.000905201174,47999.65971814221,0.8849999802498836,0.8642445635704744,0.9766825188969648,1.053219517643131,0.002881213206995913,0.0030066890646257183
Cu22Sn10S32,700.0000024805998,97.04899871480498,96.85247066655268,100840.00191302806,108071.44313837624,2.034999980191708,2.071036873985403,0.3266995868690903,0.3391484896915554,0.0009497623917266451,0.0010627302331045832
Ag0.97Cr0.97Sb0.03Se2,602.9999993304965,128.81000228402846,129.71648676926011,17153.000083905717,17103.807496486337,0.4213000052233405,0.41003273913121885,0.4073475355856564,0.4284537649263175,0.0002846028537915188,0.00030922731821946047
FeNb0.88Ti0.12Sb,899.9999914423054,213.99999645929216,215.3291517008481,89999.9947308315,85899.61168244504,5.500000144608006,5.68736600797777,0.6744501958638922,0.6746172747776015,0.004121639793958644,0.004528060497973519
Ag2Se1.01,333.9999932083104,-138.72000589493993,-137.4657531428387,125901.99458221791,123431.58781274816,1.065999992776616,1.0277827557627786,0.7591018589742595,0.7608381365962927,0.0024227622051286395,0.0023690144142363605
Sn1.03Te,422.9999965886741,27.070000753539862,26.402036084453485,434211.0466616761,454972.69190081616,7.85499991017789,7.150931526742558,0.017134503987977383,0.018702943307328086,0.00031818326889014717,0.0003394616769307376
Cu10.5NiZn0.5Sb4S13,322.9999968260349,159.99999764328186,172.9919518412243,14529.999738147155,12338.906277931288,0.4999999946552032,0.4658312886029246,0.2402913272898384,0.2680734567166609,0.0003719680032166117,0.0003791315354239372
Ag0.01Cu1.965S0.5Se0.5,474.9999977328752,120.73999867801513,128.5009179831077,10221.000054772585,8956.428895493555,0.7260000145290894,0.7037464861667793,0.0974883493378634,0.1050303045932513,0.00014900325249437207,0.00016771189186327707
Sr14.8Ga28.6Ge56.6,710.9999988628754,-124.29999699287626,-131.67468712899054,65607.999236585,68221.91494432514,2.2324900540722745,2.256806591168932,0.32283390853330773,0.36111810610176587,0.00101367575829802,0.0011462057387509872
Al0.0075Sb0.1Ge0.8925Te,672.999995995272,244.35000383805865,245.4350215767602,54698.999959025154,53965.04891732715,1.4599999999859816,1.4698946963019244,1.573000055903125,1.5092758874161845,0.0032659089141243913,0.0035835613489838877
Ba8Cu5.18Si9.98Ge30.85,565.9999997352272,-119.00000015283877,-121.90251858001764,56800.000219421854,58956.47611105051,1.6699999911745915,1.6224882409060783,0.27100000009404307,0.2832102184753945,0.0008043448117749484,0.0008405147646821197
Ca0.25BaGd1.75NiO5,987.0000146869334,151.4700011784401,127.27480649546152,394.19588806516566,504.19314374016767,1.2848999985043708,1.2624085083007408,0.006947253533396701,0.010154908435194445,9.044101427802518e-06,1.302037017161805e-05
(SnTe)0.96(CuSbTe2)0.04,619.9999995014166,88.19000069616472,87.37498999566449,177828.00599495225,181033.1440020513,3.453399848232095,3.4726528889521004,0.24830395208753955,0.25113423530204515,0.0013830529628343,0.0014277280882880304
(Sn0.8Ge0.2)0.8Mn0.2Te,572.9999988735261,110.99999828282057,116.22903734131194,112868.99659027852,106765.99114985186,1.6770000058655004,1.5509722840704319,0.45740001433692734,0.48398270981920183,0.0013906589198758132,0.0013861318416520535
Mg2Zn1.02Sb2,572.9999988735261,72.18999979686237,81.02002152917262,4171.999838971586,4252.096746674662,0.849800019180286,0.7843106320127767,0.01466007740194997,0.024028122713073356,2.174194372067069e-05,3.4262899617860164e-05
Sn0.97Mn0.03Te,722.9999958765917,120.24000108050066,115.14135457673169,146746.0031953514,144836.95051314778,3.4210999835570517,3.3876906406040277,0.44837020531768074,0.4653410984813924,0.00212160336727054,0.0022862679695852166
Ag8GeTe6,509.0000007156087,366.40000616247914,367.9581423059669,776.0000181704469,756.2301994948446,0.2829999917885258,0.26106865597256074,0.18899999972559048,0.21809510190032433,0.00010417718814238111,0.00012121351896924299
Cu3SbS4,299.99999286647017,670.3299826709675,600.729650253472,89.29998839382372,169.95986079035777,1.8649999939018058,2.1239614331202366,0.006454627303339215,0.010236401345291982,4.012626905229443e-05,7.495838002129515e-05
FeNb0.86Hf0.14Sb,700.0000024805998,164.99999709883087,163.27048922515968,217829.0090512285,204854.02787712662,4.966000082866823,5.035368855959651,0.8359396214428573,0.8365005999371838,0.005930394635709527,0.00640372748493708
Yb13.44Ce0.4Mn1.09Sb11.07,372.9999967073545,72.09999940749562,73.16855004521418,34590.000393421375,32643.35048411866,0.7630000118713972,0.693620839439593,0.08790333987392245,0.09292585962165117,0.00017981299711361052,0.00017845372684089508
Ti0.99Mn0.01NiSn0.99Sb0.01,871.0000048212419,-154.79999719378594,-164.91542577201858,117880.99771305925,117302.1438595915,5.89259989057856,5.547314741453228,0.4175388815551822,0.44970416056565354,0.0028247873454452692,0.002960121620939973
FeNb0.92Ti0.08Sb,700.0000024805998,206.9999948734831,208.0028429376245,109999.9957229337,109970.53380434986,7.399999635995817,7.4027399705717105,0.44586121216738517,0.46400503518038794,0.004713390138764118,0.005386412569075622
AgSn15.0BiTe17.0,400.00000319268224,94.00000072096401,91.69075579705475,157692.0026305765,139892.9136700027,2.4100000369925767,2.175922314175807,0.2312641493666197,0.23330365497440153,0.0013933665080724164,0.001321533249959138
(Cu0.005Pb0.995Te)(MnTe)0.03,322.9999968260349,-177.01999679356055,-180.49972225742303,97810.00171258581,88010.09027284298,1.9300000188769955,1.7818430095490863,0.5129477458489422,0.4856987320057451,0.0030649819175885074,0.0026438494641477473
Sr0.21Co4Sb12.25,799.9999916796662,-193.00000853124726,-199.114587554408,125000.004823832,129202.43158109528,3.679999825730906,3.7068145812052804,1.012201078823152,0.9977767256239903,0.004656124687162453,0.004815554818073116
BaGd2NiO5,637.999995021991,453.68000285736963,418.4006955201538,15.896954861837607,21.251382845711632,1.80150001118751,1.7474186279944444,0.0011587767160623158,0.0013038653128321102,3.27199999050683e-06,3.9087027003048815e-06
Al0.005Sb0.1Ge0.895Te,773.0000063214842,253.2100056439792,247.617102501527,54377.99896579424,54840.64017811712,1.4666999996126675,1.4996659165679938,1.7929999166855746,1.7587449934874653,0.0034864620782223436,0.003764030906459009
Sr0.16Yb0.03Co4Sb11.82,550.0000001957478,-160.99999792749097,-167.37034899379603,196364.00872539965,186330.60917157904,3.45000001006475,3.325529497646934,0.8114415142149811,0.8264042046807375,0.005089951574139346,0.005099074677955765
In0.01Pb0.99Te0.994I0.006,663.0000002444373,-201.59998834086014,-205.8497536610447,30625.000140353113,28364.839893637647,1.3660000016517282,1.3290690034974597,0.5899999817990365,0.592732891884595,0.0012446783671395442,0.0012602116910446581
Ca5Al1.9Zn0.1Sb6,773.0000063214842,167.2999966135794,167.21651203638308,16313.000194700762,17218.82500742672,0.9800000089418075,0.9506894988162876,0.3601464447080306,0.39958440548752244,0.00045658928720100574,0.0005069240927868385
MgAgSb0.99In0.01,299.99999286647017,155.4500001345666,172.37714093718594,79820.00055819617,55925.912880363736,1.1460000068514016,1.0353466076796436,0.5049284285000322,0.5456294737509474,0.0019288265562802528,0.001931084808817748
Cu22Sn9SbS32,599.9999974361742,126.44999859630141,127.84007374660038,62829.999329159284,63160.41576325504,1.6810000025656098,1.7043627699363384,0.35858180855817295,0.36798052766340694,0.001004626714894428,0.0011138375386429151
Cr2Ge2Te6,514.9999992224668,455.670014075635,444.901830260148,609.3750618806837,537.6313713177702,0.7517000187765526,0.7284971095796913,0.0866858461225954,0.07772895858442369,0.000126527665506083,0.00011721081024964891
Ag(Bi0.9Pb0.1)0.9Sb0.1Se2,525.9999995660822,483.3299772049893,428.78805065963263,316.2299735695509,417.37840012922476,0.4430744677856307,0.44900232763967124,0.08769999910367929,0.0835554271545589,7.387382107940125e-05,8.070052241140424e-05
GeSe0.9Te0.1,430.00000100875945,104.95999889355654,99.465334827301,2583.999875273425,3161.1290727363266,1.5339999986819441,1.57772350714245,0.007979638451543042,0.006985743505456434,2.8466896378285334e-05,2.5381056595984003e-05
Ge0.95Mn0.05Te,398.00000192980076,56.76999991890487,56.737514229347596,306186.02984445065,338347.1412232429,4.288799976537256,4.448241266156148,0.09157362115378237,0.08840882865190743,0.0009867863314044385,0.0010037554383812426
Cu2Se0.88S0.12,750.0000023619194,243.0499995183391,246.94430673927283,15930.99990663799,13629.415013262482,0.6220000059495306,0.5498318257829606,1.1347629814663003,1.1964384085767978,0.000941096760500205,0.000896460048679188
Ag0.94CuSe,297.99999160358857,-88.53999882051406,-63.16530125226159,196824.9786847977,125351.01201493863,1.6669999953200358,1.879854541060235,0.2837882362973421,0.11919158009073387,0.0015875000431885495,0.0007499032568654638
Ce0.75Fe3CoSb12,602.9999993304965,95.3999992770955,97.29893587750115,97072.99803520026,97502.1787494211,6.048799998953014,6.135290569862026,0.08807310317197715,0.0924058834055613,0.0008834768904614998,0.0009782830399551812
Ba0.95K0.05Zn2As2,623.000001395739,70.00000010577311,66.55699432529408,90141.00428444357,92552.9286601462,2.6596000373311655,2.6129138106745096,0.10346421421116862,0.1069431234211606,0.0004416909003940448,0.000476754076236685
Mg3.07Sb1.5Bi0.44Se0.06,599.9999974361742,-311.82999040265605,-311.98939886689055,9923.000267380614,10713.284692813966,0.7014000039004353,0.6581756665916876,0.8253996489090178,0.8811225249550197,0.0009648921881960199,0.0009976399803349185
Cu1.99In0.01Se,769.999993863589,224.2600056264958,232.5172184953375,25000.000031272317,21004.457077059342,0.7999999852132361,0.8018239957494084,1.2101644672110061,1.2099658076665976,0.0012573137123583226,0.0013146609060011505
SnAgSbSe2,700.0000024805998,86.69999881561594,94.32907565102568,190140.0065588465,189890.43846517193,4.180000010312712,4.099143937544611,0.23935000589464253,0.2899096180811414,0.001429261498882253,0.0016600735709112657
Mo3Sb7I1.25,623.000001395739,43.199999443268695,42.970402180726175,451050.0471751695,451864.47064875794,5.870000158356372,5.980959503575723,0.08933921306840058,0.09854694394932043,0.0008417675504966117,0.0009671573039456827
Cu2SnSe3,623.000001395739,148.13000172997658,166.36187228366427,12245.00010387288,11682.180972411883,1.3098999977802994,1.1703408400922652,0.12778937418221575,0.13870240800899983,0.0002686858692934704,0.00027650318683542635
YbCd1.1Zn0.9Sb2,550.0000001957478,125.04999710511939,134.3217336690998,86110.99637378832,77319.12685728414,1.3999999995325034,1.3407468912832454,0.5020000206013021,0.5705626524727005,0.0013465609273275163,0.0014612104320507345
Ba8.03Cu5Ge40.97,514.0000012319193,-136.40000107579786,-149.29212833520842,38800.00010277134,36112.45003336028,1.2489999999911454,1.1802300225412867,0.2970716078779886,0.3161790701123715,0.0007218724397902842,0.0007364461272911177
Mg3.5Ho0.03Sb2,400.00000319268224,-220.07000302422563,-221.43646862808362,15724.00010899148,15730.63920609874,1.0415999872853539,1.0039030922542822,0.2924446863621065,0.30604103250800635,0.000761525966896353,0.0007902690712210468
Al0.03Ge0.97Te,672.999995995272,111.9600004793656,108.58520307185134,262499.9958213805,242428.17491177138,3.919000090523301,3.808172844580187,0.5650604381458059,0.5901713916002617,0.0032904481421047508,0.003438633692605387
Ag8Sn0.6Ga0.4Se6,600.999998067615,-303.4999882807392,-280.06229491823046,2342.9998651863357,3169.5518395042677,0.29579754681587955,0.27294125882439646,0.4384999935851652,0.40181249393602775,0.00021581900111699597,0.0001884900759273244
Tl9.0Sb1.0Te6,501.99999893641655,193.00000344206708,208.1416121265516,22636.00000470966,19979.025850479866,0.4999999946552032,0.47491920488933337,0.8465410437828877,0.9127835037184083,0.0008431683533451104,0.0008872197389549932
Ba0.11Yb0.08Co4Sb12,400.00000319268224,-126.99999693367678,-131.26260603496848,177299.99958203876,164634.59621783328,2.4200000147950576,2.2662703032844744,0.4726729977908951,0.49553069218805784,0.002859671514869282,0.002856023825652142
Pb6Bi2Se9,672.999995995272,-193.1999911339701,-196.3348364206818,10962.000072652907,11909.28135370265,1.1183000018003209,1.1244803020235354,0.2462412363833045,0.24726612383546165,0.0004091702473405931,0.0004094366175223411
Mg3.07Sb1.5Bi0.47Se0.03,500.00000031442823,-301.5200031950748,-301.764551605003,10458.999705414853,10563.346227281274,0.7055999858508087,0.6685280676978048,0.6738044175841249,0.6978885960061166,0.0009508727523742801,0.0009405706981573184
Mo3Sb7I,822.9999956392309,55.07000012603108,46.694067765295074,397324.9568731437,372389.0651466779,6.519999919738161,6.580061336652042,0.15500000087090968,0.17560008065893823,0.0012299999725487974,0.001461956341395846
Pb0.97Tl0.015Na0.015Te,797.9999904167846,247.05999469085384,231.98391981454114,31811.00009045621,30875.161918666236,0.8089999867773637,0.7664348032215261,1.9152990754071844,1.9625800982030153,0.0019417002201069823,0.0019883661696869807
Mg1.98Ag0.02Zn0.98Sb2,473.00000175178013,133.32999770625446,139.02477645250656,41693.00081801285,37352.13129302439,0.9404000062837774,0.9353971912849077,0.37279271454786056,0.3728591441421713,0.0007411718224379832,0.0007556759815906092
Rb2Bi8Se12.961,329.9999906825473,-186.0000069454382,-187.98778752530288,11200.000062628298,10842.398916969598,0.6822000107746301,0.6432293281076821,0.1874330343841277,0.21628089663107977,0.00038747519730511373,0.0004104784156488697
Bi1.2Sb0.8Se2.88Cl0.12,299.99999286647017,-97.00000020038263,-110.09917766418556,29670.000112813632,25105.472387895246,0.8200000167751315,0.7444105249983206,0.10213354773192151,0.1133088691185004,0.0002791650353284576,0.00026420764345633306
Pb0.985Zn0.03Te,824.9999969021123,-250.00000467254654,-250.23992744284385,25854.999967763644,26905.171498808093,1.1189999906423362,1.0978152944900719,1.1999999267051888,1.2425379841971864,0.0016159375000054414,0.001750416703024174
Sr0.11Ba0.18Co4Sb12.09,350.00000331136266,-104.99999698122065,-108.39191747351072,367593.0055530462,338498.04112835985,4.450000172157109,4.306203095520599,0.3187527021759932,0.3042369436172048,0.0040527128308539585,0.0038891523237169724
Mg2Zn0.98Sb2,473.00000175178013,283.55001037054893,268.6151114245957,5132.000223126867,4511.861040651143,0.6711000136641463,0.6329003199985548,0.2908170399496575,0.2528272020159203,0.00041261588744708605,0.0003446941855845662
CuAgTe0.6Se0.4,442.99999865391646,232.06999897640353,238.4586412775942,6385.999850044238,6162.236860451226,0.3595999960719663,0.3223879890039154,0.423692676473867,0.5123545526380646,0.0003439275133079314,0.0003836681501621507
BiSb(Se0.92Br0.08)3,799.9999916796662,-203.0000074423453,-196.941217859606,17339.99998362439,17633.069326636716,0.4399999894666312,0.4426870068471297,1.299207363457976,1.2527722974128044,0.0007145640570475914,0.0007461018453173021
Al0.005Sb0.1Ge0.895Te,372.9999967073545,159.29999983274138,162.007666125519,55261.000671554044,49236.5152793446,1.5149999961935976,1.518163027356427,0.3490000070509922,0.31901690054916865,0.001402330181827505,0.0013858684677125982
Li2Ge3Sb2Te7,523.0000003126531,246.60000183202538,259.68269605206746,26650.00007476404,24242.596125990185,0.7820000004061571,0.7961218125553311,1.069999979147188,1.1063036943347142,0.0016206281040596633,0.0017346407735448059
Ag0.01Sn0.99Se0.65S0.35,616.00000225744,470.939978389776,406.6866740619662,262.00003417274854,375.72207719281704,0.18360001259757602,0.17684042204382297,0.19495774148870998,0.21874743160314736,5.8107534792925755e-05,6.85509101067616e-05
Ge0.83In0.05Pb0.12Te,474.9999977328752,253.78000419656794,249.9737367512488,18489.000200248935,16957.35262588843,0.9533000045672823,0.9221331929912406,0.5933244089617076,0.5819100589262396,0.001190770874250096,0.0011569123257279168
ZrNiPb0.99Bi0.01,474.9999977328752,-160.30000011695049,-158.31156208576772,171239.99317157024,177443.28371850343,7.735499882594827,7.7135746698969365,0.27019510832626986,0.23100157119345524,0.004400198513565057,0.0038802377210943816
CuGaTe2,818.0000030455999,248.39999787915838,252.4101574145026,23699.999992955105,21041.133821502008,2.2400000253400236,2.104744130376561,0.5340200096484038,0.57023583516843,0.0014623507241789877,0.0015642442856334017
Mg1.98Ag0.02Zn0.98Sb2,372.9999967073545,113.6999982236211,114.8263062531396,50793.999839266835,42659.760662264554,0.9999999962392296,0.9761237311318833,0.24493010904590465,0.22440170839193765,0.0006566490789627196,0.0005983242856787633
AgCuTe0.7Se0.3,320.0000054952855,200.48000319109815,231.1850812424459,20194.000061354112,9710.091035949314,0.46789998554764206,0.34222186073885724,0.547300013257114,0.5422321220092448,0.000817299990555255,0.0006056040637397302
NbCoSn0.9Sb0.1,728.0000095973685,-139.99999317006382,-150.66437011850397,109999.9957229337,105366.56732200607,5.0624997913886345,5.021593466526124,0.31003812883370624,0.33292212060981496,0.0021560000145073137,0.0022815292962448594
Zn0.9Cd0.1Sc0.03O1.045,773.0000063214842,-123.00000441335882,-131.56482231765554,36039.99977987715,35493.919897874985,3.9399999321931114,3.933602217647902,0.1069740119719733,0.11283513954796039,0.0005452491598182737,0.000585992687854148
CrSe3,670.9999947323905,164.2999992882904,151.43613069535593,22000.00005736977,23318.187977396516,1.825800000861612,1.8882342532552727,0.21825646977323693,0.2099979926263797,0.0005938787770018925,0.0006150978038096722
(PbTe)0.1(Ag2Te)0.9,449.9999977922154,-120.3000044725583,-117.27244115271765,42089.00026267939,46473.49970522306,0.5300000159487916,0.5449626747746548,0.5171737628340528,0.6188458455332423,0.0006091157966755354,0.0007842355201748665
Cu5SnSbSe6.3,372.9999967073545,41.94999957938144,41.0074521283218,175861.99295444987,192452.2457452407,2.672399967449337,2.8323001831066277,0.04319597649180268,0.03846893127015997,0.0003094823931903421,0.00030059456786743683
Ag(Bi0.8Pb0.2)0.7Sb0.3Se2,525.9999995660822,281.09999455325305,271.1038229480425,1728.0001912478785,1797.4734022766272,3.264588836750273,2.730426967675518,0.022000000646406306,0.024147396647670037,0.0001365417412748683,0.000142898351139609
Cu26Ti2Sb4Ge2S32,307.9999979179963,115.9799983040771,115.99812517613324,59375.000363124826,57579.721522449385,1.2989999960473395,1.2056462602977072,0.18937009491306248,0.20214935092252181,0.0007986745350711408,0.0008027792005883239
Ba0.98K0.02Zn2As2,422.9999965886741,94.40000114701601,90.1458039005353,103226.0025960227,96503.30791423161,2.383000011796289,2.4129437087166963,0.16328617365050296,0.14457713636149716,0.0009198840614752755,0.0008359480418960419
Yb8Ca5BaMgSb11,899.9999914423054,195.7000033828676,180.2262526405205,12400.000196438747,13399.779652456913,0.6110000051109604,0.6152464685982657,0.6995272807533273,0.7179155659591171,0.0004749012756174478,0.0005040280064924993
Yb13.6Ce0.363Mn0.99Sb11.05,372.9999967073545,59.369999982493205,60.85797883360593,46330.00080511822,41774.44657674468,0.8765999954923585,0.8057842898141596,0.06948703004962044,0.07219331067607114,0.00016330383718446564,0.00016477527184296004
Ca0.15BaGd1.85NiO5,716.0000020200793,175.74000442925652,145.66124268001383,271.3330822381297,335.9812253491402,1.8549999941558561,1.871868116553107,0.0032345446706493327,0.0034708170932577953,8.37999952682213e-06,9.445277181019824e-06
AgBi0.98Pb0.02Se2.12,299.99999286647017,484.20002010287493,508.81260245122877,471.199975675764,301.21324877916845,0.5039999783683955,0.510064951589746,0.06575753897256911,0.054764210932182325,0.00011047266979754945,9.69590852150459e-05
Ba8.02Cu4.98Si35Ge5.99,763.0000000070766,-99.70000014118315,-106.68731056851249,85119.00153604496,88723.889075765,2.35460004065891,2.3530811959488895,0.2741727133313951,0.29260136552930316,0.0008460905373638393,0.0009220316619104012
FeNb0.92Zr0.08Sb,899.9999914423054,246.60000183202538,242.5476480103018,84500.00365696725,75887.09876541868,6.525400046321798,6.701670525581482,0.7087257387886117,0.6411341282133937,0.005138576701155486,0.0051356109147841725
CuAgTe0.7Se0.3,442.99999865391646,246.20000140597338,256.62014692994234,6675.000057263925,6126.989647896225,0.3096000052468614,0.2824466173520233,0.5789354246193537,0.6708909138743501,0.00040460138798421315,0.0004407911243459863
Mg3.07Sb1.5Bi0.47Se0.03,400.00000319268224,-293.48000754565186,-290.56801477537107,8602.000235747,8926.722081278385,0.7347000140233654,0.6822729035624534,0.4033726153154813,0.43362137349709445,0.0007408946441813507,0.0007385298425428232
Mn2Cu3In3Te8,865.9999911004651,300.00000587905873,299.79917798178406,2599.9997640399715,2424.4724344162055,0.4850000167471645,0.5647472448997931,0.4178226828403657,0.36832505796154824,0.00023400000452689903,0.0002351201179992584
GeSe0.85Te0.15,530.0000001111754,28.21000079376787,23.102088335484453,59327.99975516896,58736.05964054051,1.71840000305472,1.656271575554072,0.014561880072136492,0.014104597813433171,4.721346610533076e-05,4.340312226926579e-05
Tl4PbTe3,672.999995995272,234.49999774910378,216.9358922810666,9799.999744213514,10256.792365172934,0.4939999951056245,0.45737267135411613,0.7179999896288947,0.7777573884513773,0.0005229999994774212,0.0005131044899329743
Sr0.11Ba0.18Co4Sb12.09,700.0000024805998,-153.99999634168194,-156.02175306644972,231818.0229840664,225903.19417983518,3.86999985873524,3.8818068929128136,0.9944332934404039,0.9859429478115816,0.005497795615166107,0.00577155351892539
Cu2Sn0.95Zn0.05S3,722.9999958765917,196.00000076735608,188.62488798396586,10000.000036017953,10532.186520959774,0.4920000203122991,0.5750392879802072,0.5645277983591673,0.49488131444844413,0.0003841599955490129,0.00041762658116554146
SnS,799.9999916796662,547.9999882664521,501.90166203861776,299.99997481974236,468.3233677332847,0.7000000085242839,0.8384673420438982,0.1029613702604048,0.1266342789050604,9.009119584232198e-05,0.00012161819913263944
Sr0.11Ba0.18Co4Sb12.09,299.99999286647017,-96.00000500535367,-98.31484413556782,401852.00748617796,368609.37595364265,4.639999959036485,4.4825724883681275,0.23944836111872164,0.23270985012163029,0.0037034679814515583,0.0035480153672264097
Zn0.9Cd0.1Sc0.01O1.015,473.00000175178013,-92.00000074483361,-91.97735389496555,53542.00027043798,49155.83542812328,5.700000247799203,5.567283146080322,0.037605946105895766,0.03401707725787889,0.0004531794881708638,0.00040073610902989504
Ge0.55Pb0.45Te0.3Se0.7,369.9999948130322,271.87498986376704,264.41719083692396,5288.000311449215,4990.12997290643,0.6654999958265279,0.6771806045080404,0.2746506396898481,0.2675032639137538,0.0004939999998943251,0.0004754581255780547
Ge0.85In0.05Pb0.1Te,550.0000001957478,237.3100033836646,245.3513021955217,36075.999793485746,30848.912613053206,1.1133000073325279,1.01251675214042,1.0036931139744552,1.053739888485926,0.0020316573728761857,0.0020576289680254538
(Cu3SnS4)0.85(Ga2Te3)0.15,799.9999916796662,225.249998169328,201.69810786090608,9855.999883498263,13629.12114096605,0.717399987027902,0.7773796335304093,0.5576464236655225,0.5743608251916361,0.0005000694159534726,0.000592929132480372
CoSb3.0,372.9999967073545,-217.99999406879027,-217.0430501948946,3125.0001596878383,3652.1146738130633,6.100000197070244,6.130555872992233,0.0090811737337161,0.009840818134509951,0.0001485125004283975,0.00016720899450744134
Sr14.7Ga28.7Ge56.6,666.0000021387596,-133.5999980934338,-140.77003302638593,66427.00147365383,66330.76873952929,1.5319999982574966,1.640562668982157,0.5154339519789082,0.5474410423864717,0.0011856528415472843,0.0013755055811669004
(CaZn0.4Ag0.2Sb)0.87(LiZnSb)0.13,370.9999954444729,121.99999825904864,125.20178030808418,44070.001259328004,35824.84752614685,0.6870000062651908,0.6366512124661322,0.354225555483947,0.3556421985344002,0.0006559378754197215,0.0006187668947660903
Cu3Sb0.975Ge0.025S4,299.99999286647017,287.0000096426717,263.43899719721117,5000.000232474174,6052.53717666251,1.9179999856821264,2.070796284797257,0.06441788345890712,0.07175519684832982,0.00041184499617452684,0.0004985009403124653
BaGd2NiO5,1073.9999956772695,484.56002166034193,450.9490440036079,32.0998808427751,37.9238191657201,1.435700000555688,1.3998507753359317,0.005638181242496164,0.007416662603651235,7.536999752470382e-06,9.446672573788191e-06
Hf0.8Ti0.2CoSb0.8Sn0.2,682.000001678239,217.00000552478326,215.6604015033504,49999.99998248531,46647.052845839564,2.729999952255394,2.833134586611672,0.5890000052811377,0.5634792303235889,0.002354449912766954,0.002404997528221813
Mo3Sb7I1.25,720.0000045458423,50.70000009411749,47.918876090507176,422250.0128782314,417832.0198163896,6.031000151716048,6.119324496335323,0.12900000163378464,0.13941205084472563,0.0010853893916384879,0.0012329462698727706
Ba8.02Cu4.98Si35Ge5.99,811.0000091890875,-102.10000269749517,-107.90984129451547,81699.99515053169,84844.5248134592,2.408000012251486,2.417169781638967,0.2868388079382219,0.30605835132279924,0.0008516742920446673,0.0009398849544624235
(Cu0.001Pb0.999Te)(MnTe)0.03,822.9999956392309,-247.36000890472457,-236.70990804204882,26199.999979093103,29890.796479066008,1.1500000061526139,1.1102980673468454,1.147261041282247,1.0958190033278763,0.0016030986319147847,0.0015868630426171064
ZrNiPb0.96Sn0.2Bi0.02,771.0000050586027,-148.90000558477146,-151.44204110619688,231000.00617465898,233493.15876697932,6.049999854342463,6.28880381028654,0.6526801013530099,0.6246292186364741,0.00512154968361328,0.0052387557344480045
Cu7PS6,623.000001395739,270.24000235727453,291.73560800652643,369.9999825833788,366.21621119546217,0.1950000054242029,0.19161909843736724,0.08632854369677147,0.09824897400283648,2.7020973885283943e-05,3.196796309659014e-05
Ca0.2BaGd1.8NiO5,489.0000012912595,211.02999535039137,186.3940030390324,73.47249651009625,100.03333105084636,1.654399995575664,1.6993666223892392,0.0009671228237228458,0.0011327384063293789,3.27199999050683e-06,3.937245194421844e-06
Hf0.5Ti0.5CoSb0.8Sn0.2,779.0000101101288,238.50000200962384,238.2338398876132,37899.999598728056,34199.46311237823,2.465000021833702,2.497000134425296,0.684999984016842,0.6611919797809097,0.0021689999250823788,0.0022282042033140268
Cu1.99In0.01Se,671.9999953638313,193.4999951694805,204.5869959134365,31756.99997612764,26731.282133949546,0.8374999815187721,0.8388124526080589,0.9659999901510264,1.0291141852050558,0.0011890535634976208,0.001318792287247143
Rb2Bi8Se12.961,624.999997376834,-242.79999700361043,-241.96505731003037,6439.0002555313895,6616.013883556682,0.5207999765348034,0.5104785690062561,0.45553823313048386,0.46191346992146903,0.0003795908947721296,0.0003910263854735383
Cu7P(S0.6Se0.4)6,523.0000003126531,275.49998858852496,290.29520260978666,1990.0002166819886,1446.4614607387557,0.22500002194408247,0.2118808460436231,0.35108756530817636,0.317371350682852,0.00015104150224710646,0.00013608866002699376
Tl8.97Sb1.03Te6,444.99999991679806,181.00000240070904,181.62211571045913,25138.000004331825,23887.05119349562,0.5149999888870838,0.45810064270934336,0.7116076918954477,0.7863241032373857,0.0008235460262921296,0.0008277611632830407
Al0.02Ge0.98Te,672.999995995272,118.38999764248487,115.50565304817056,258928.9818916463,236832.03319867642,3.8380001688902188,3.646640944215207,0.6363862999164539,0.6568650297484143,0.003629198281096206,0.003696978383336246
MgAgSb0.98In0.02,400.00000319268224,160.73000341041265,175.0460293423979,68287.99811347196,55513.966457216804,1.3081999992264792,1.1908238266256677,0.5917999933454093,0.6204898415040054,0.001942000066126745,0.001911837993474614
ZrNiPb0.985Bi0.015,474.9999977328752,-122.0499989989095,-109.80621266076031,261849.98230266024,289070.2313816285,8.361000400303707,8.613066164537642,0.22159682468869238,0.18021857297924893,0.0039005707700152524,0.003388035412445013
Nb0.75Ta0.25CoSn0.9Sb0.1,924.0000065968837,-181.89999964335462,-181.68914561347893,73475.00153615262,79490.41057796657,3.556700142941741,3.833986360102853,0.6315819896674846,0.5695486319682737,0.002431112092200248,0.0025068497212592765
Ag8SiSe6,343.0000094548502,-157.3800005288315,-156.2670763297171,48612.999332020496,55045.12924842064,0.6091000112471056,0.5694715839450023,0.6780426927236346,0.6578282004540872,0.0012040693101769162,0.0010610247844365323
AgBiSe2,550.0000001957478,460.94000295908216,-210.53728763746562,404.99992810865245,3501.3969099108904,0.4830000203420769,0.4747953814848052,0.10740000040174241,0.2017601528310383,8.604860142631759e-05,0.00018428255876066626
SnS,722.9999958765917,412.99999122642623,566.2801404013126,6499.99966321608,185.51341730450235,1.0320000031459147,0.9255843519126222,0.7879999791329086,0.04893485913916812,0.0011086984781615106,5.90188789850677e-05
Tl9.0BiTe6.0,385.0000042846437,233.4699945974845,216.49253528862647,13364.000112934666,13616.560957170792,3.969999826892261,4.007683996216718,0.0706429513233774,0.062411764464108135,0.0007284481253263604,0.0006825677207472875
Ge0.9Mn0.05Sb0.05Te,497.9999990515467,133.23000053479197,136.0128804323802,100000.0016817545,102514.922997129,2.0855999876421314,2.1913194619521024,0.42384042758293067,0.4214899326606354,0.001775023320131882,0.0019050933694272436
Sn0.91Mn0.09Te0.99I0.01,423.99999722011484,81.95999934349567,76.44785264877473,194871.98842199953,203913.18928716122,3.457999964379267,3.518006416639179,0.16050708649261886,0.14656858164522693,0.0013090413382180189,0.0012617572679067426
Ca5Ga1.8Zn0.2Sb6,724.0000070716053,104.61999970543255,104.55213546714211,37650.000348847,34645.86700055864,1.3069999995474544,1.2378632850021027,0.22827449502330452,0.2404684827240636,0.00041209221988638294,0.0004225518290428999
Zn0.9Cd0.1Sc0.03O1.045,473.00000175178013,-92.6999985553741,-92.52654880941733,48332.99995617126,45898.25353721472,5.619999744454908,5.435760511810723,0.03495650770887592,0.03143096177078198,0.0004153394841462079,0.00036279392625880146
ZrNiPb0.995Bi0.005,672.999995995272,-224.99999565459933,-211.49561685521013,81483.00304539196,95467.28529671975,6.033000204430807,6.437374037595994,0.45800002155502034,0.4140735867055608,0.004125076954324999,0.003983721598637184
BaCu4.0S3.0,700.0000024805998,141.0000008862158,116.9401589933506,9381.000217859046,14078.649291049114,0.8640000179186089,0.907848752871636,0.15110250344998227,0.16581876796068182,0.0001865036677408782,0.0002180733201884518
Cu10.5Ni1.3Zn0.2Sb4S13,517.0000004853483,176.99999814018895,185.77173710665488,22569.99992199142,19302.050158416336,0.65800000435918,0.6282533829578,0.5620000089665759,0.5971569999785591,0.0007070955367665883,0.0007422404018346075
Ge0.55Pb0.45Te0.8Se0.2,568.9999989886562,149.06999862212805,129.87389939913612,19543.999966338288,26492.92116812686,1.1240000041702671,1.046341510342029,0.23999999871207955,0.24899796476715438,0.00043430412826039156,0.00047776472705104723
TmCuTe2,599.9999974361742,127.99999877972769,134.074531973495,44182.00060713694,45486.634529888936,1.164414829395224,1.097835441387233,0.37299999948967427,0.42249830073368105,0.0007238778877314074,0.0008007341011697709
YbCd1.2Zn0.8Sb2,550.0000001957478,134.94999884475496,144.8024468957485,80310.99714531387,71769.5627903386,1.3470000010333383,1.2935833095570464,0.6199999889449721,0.6419140277418791,0.0014625839876653028,0.0015795712094664334
Cu5Sn2Se7,299.99999286647017,21.299999597325566,23.277029087109028,662800.0647940664,589133.2816988955,5.279999933922868,5.515846190194642,0.017085553720058676,0.013494103669213936,0.00030070572808153496,0.00025153752612353545
Cu1.85Se,705.9999957056715,57.75999998280403,61.787917307600615,221153.97697928967,202635.90387520404,3.4394001050236063,3.3436159983788434,0.15145066361050682,0.16667800589002033,0.0007378178642239134,0.0008337148361375776
Ge0.6Sb0.2Te0.8(AgSnSe2)0.2,322.9999968260349,137.26999779379597,139.71015184132042,56774.000629047,52175.23244915005,0.8268999854683099,0.825966480419321,0.4178787630470844,0.4399368269705408,0.0010697954996309522,0.0011241628727017
(SnTe)0.88(CuSbTe2)0.12,818.0000030455999,151.10000283887734,147.4883468538162,92485.00270485043,85319.90711754425,1.7763999971062883,1.6949087613931266,0.9723279782239326,1.0868191637449833,0.0021115443775604104,0.002354382925255417
CuAgTe0.7Se0.3,397.00000129835996,258.96999534284515,255.76543673601086,6981.999586685302,6777.0321415157905,0.22950000722836347,0.2793978927442932,0.8100028875317745,0.6672867362224469,0.0004682510477723205,0.0004736025920792283
YbCd1.6Zn0.4Sb2,550.0000001957478,175.51000212974122,179.82700358740345,57600.001038482704,52883.831055172304,1.3080000019052762,1.2314907663169283,0.7999999704342934,0.8077544085475329,0.0017742965310396934,0.0018360794156336503
(CaZn0.4Ag0.2Sb)0.83(LiZnSb)0.17,370.9999954444729,119.3300004047374,113.08799322788674,42345.00025443098,38686.53206450998,0.8947999864083929,0.812204305918675,0.2500053819417758,0.25284067927664083,0.0006029779348033243,0.0005696253560817691
BaGd2NiO5,1179.0000091606857,519.8499891010727,459.71070987666445,34.69086639593081,41.81972445133749,1.4172999999084661,1.3889595905711585,0.0077987200752634,0.009920034763744541,9.37499949893011e-06,1.1137013025508012e-05
Ag2Se1.03,376.99999923311753,-135.3199964033968,-134.49559941131054,136800.00569951642,127171.8084895436,1.173999998117965,1.097027522115065,0.8044208315780254,0.8109124011246158,0.002505013433444805,0.0024477675394404285
Cu22Sn9SbS32,400.00000319268224,90.58000060027999,88.20984750782979,87805.00164983881,90019.49981073564,2.293700010503487,2.282688014689138,0.1256340211108598,0.13226596083592307,0.0007204168751572807,0.0007680099496210603
Cu1.97In0.03Se,473.00000175178013,139.109998579615,149.16441332748775,47650.99981664724,43648.23999067868,0.9000000069347781,0.8513501604808396,0.49000001827628215,0.5328516428255586,0.0009221227018962172,0.001017507943803145
Ca0.1BaGd1.9NiO5,938.9999843777764,163.9700056874137,156.48866755534226,192.81292283310987,244.4379146657249,1.875000003000583,1.825704973808994,0.0025961475274586233,0.0035418127713198006,5.18399916950378e-06,7.5397524924487625e-06
Cu2Se0.88S0.12,449.9999977922154,150.6599976741393,152.11843015121727,31628.999616294583,30804.108964931263,0.6940000107485939,0.578297889475686,0.46551579221344863,0.5326459960111608,0.0007179288209212922,0.000723953846766051
Gd2Se2.92,550.0000001957478,-115.57999709710421,-120.61790566526284,25380.00001345314,23666.36835321305,1.3999999995325034,1.3736111297643827,0.133196145106273,0.15009816335652368,0.000339044722828245,0.00037045145328926186
(SnTe)0.96(CuSbTe2)0.04,430.00000100875945,40.65999937938393,38.00617512100294,326802.97527651355,343445.61493642174,5.031100092587609,5.192952414544483,0.04617706332257935,0.0416068449772648,0.0005402823524079011,0.0005115032012454244
Bi0.8Pb0.1Yb0.1CuSeO,846.9999896666634,173.67999812601795,162.09572938153778,8520.000276872148,8601.68508888012,0.4776999908056842,0.46011406571979285,0.45568778472801613,0.4717800847383166,0.000257003603664839,0.0002680302843510168
Zn0.96Al0.04O,372.9999967073545,-65.00000133682843,-62.88919517906471,63759.99834819035,65158.58196686665,5.829999786577865,5.107812353273587,0.017235159867821124,0.015493485846433373,0.00026938599600911614,0.00021222889286489445
Mg2Cu3In3Te8,473.00000175178013,334.19998947559577,325.62078982371565,2275.000267988572,2104.602008001539,2.0749999841790143,1.978149031943343,0.057921170680807654,0.05529906018789486,0.00025409392834662,0.00024165633683736633
(Sn0.8Ge0.2)0.8Mn0.2Te,672.999995995272,123.80000017628268,127.88503872067741,102700.00097559727,94764.42703629362,1.5670000009280785,1.4801454861432173,0.6726000113771625,0.7140278427963687,0.0015740254556639752,0.0016421886045470482
Cu2Se0.98S0.02,352.99999464211203,102.6300002273693,106.9136419007391,98234.99469644156,90604.98942174893,0.7420000008298582,0.7418901119793049,0.4922499741095884,0.50510404188297,0.0010347010679617305,0.00111418041808439
K0.995Ba0.005GaSb4,649.0000019678395,-303.74000497265337,-283.11188285722744,6489.999960214693,6929.475575121408,0.5202725275222515,0.49260385474792784,0.7469000042414773,0.7421257707203933,0.0005987543382614324,0.0005757192219558195
Ba0.96K0.04Zn2As2,722.9999958765917,113.6999982236211,108.08665245424677,40506.00008304772,43435.22300175296,1.6020000041350257,1.6246284277146361,0.23632848566610007,0.24239161477808152,0.0005236490106956535,0.0005574476888392553
Ge0.9Mn0.05Sb0.05Te,648.0000013363988,188.99999918154703,189.3898091121685,86700.00217911473,81834.60606119603,1.711199989606013,1.6976932166281562,1.1727811317905086,1.180217099159296,0.003097010639591094,0.0032611586239222686
TiZr0.015NiSn,625.9999980082748,-207.94000272491581,-208.72584489327647,69146.9962063463,68187.31650583641,2.46450003982993,2.376361893012716,0.7783999964540398,0.7755817868625496,0.0029898498664621075,0.002929150363041959
CuAgTe0.6Se0.4,348.99999211634895,216.29999597404066,218.03928343606856,9185.99993998547,8516.261457329787,0.4127000027959469,0.37860126315622133,0.3634380950873741,0.4038051573372277,0.0004297733469863034,0.00045253891257374237
Bi0.84Pb0.08Yb0.08CuSeO,346.99999085346747,89.14000024051296,96.536333439215,27429.00009401145,22688.763128794337,0.7277000063685727,0.6790983242097487,0.10392794338470432,0.11355961913498372,0.0002179491815508304,0.00021991040343583997
Yb14MgBi11,716.999992087947,78.63999932932465,78.71933227755021,62393.00073809426,68745.65387794678,1.8330000108735953,1.7826134674856584,0.15093138828621258,0.1875155937547253,0.0003858538888081207,0.0004904219624806521
(Cu0.001Pb0.999Te)(MnTe)0.03,523.0000003126531,-217.01999243795274,-212.13928517603216,51102.99885504624,53590.09776366808,1.5146999978557723,1.4486711091804705,0.8310381685273809,0.7976043461470792,0.002406832832406132,0.0023068149371337004
Ag0.97Cr0.97Sb0.03Se2,703.0000043749221,149.9999987321838,159.36839825022776,15771.999966190971,14257.797803384627,0.4053999990808672,0.3990896454444329,0.6153764630297864,0.617070440296397,0.00035487000295074427,0.0003723851599028467
Cu1.7Se,373.9999973387952,20.300001467246076,24.45387868670631,763513.9547534048,678030.9740602844,5.962499929096273,5.743535098998965,0.019735687707606423,0.021978841180956457,0.00031463649071609637,0.00033260021127759785
Ca0.2BaGd1.8NiO5,896.9999789844101,149.26000205305834,127.09994792525171,323.4456135420488,427.5962970774704,1.5789999949992704,1.5687337933395356,0.00409353522034847,0.005489569489338441,7.205899272613945e-06,1.0019332283541065e-05
(CaZn0.4Ag0.2Sb)0.83(LiZnSb)0.17,672.999995995272,185.85999994610953,184.37972482300796,20767.000099382272,19865.301365778847,0.645899997699906,0.567436979039308,0.7474728616369485,0.8745529862565046,0.0007173739884305806,0.0007538173488795414
CuAgTe0.7Se0.3,421.9999959572333,249.18000516707093,255.99152954822387,6602.0002217840265,6269.211083174025,0.29460000097899597,0.2777480204370289,0.5871939895386304,0.6606456583268719,0.0004099226150072795,0.00044432196290749925
Cu2ZnSn0.95Ag0.05Se4,322.9999968260349,34.369999723837395,27.476704834996045,258332.98885176372,243195.14871644086,4.210499985191011,3.8508492995929178,0.023410342556933614,0.021134348612261517,0.0003051679657925018,0.0002609213453797595
Nb0.9Ta0.1CoSn0.9Sb0.1,430.00000100875945,-111.09999467336215,-110.42034263307639,129361.99826490387,131221.1943733706,5.015000162717746,4.987991908883745,0.13690911211546336,0.1309123449997146,0.0015967423221922045,0.0015918834251029
Cu2.82Ag0.18SbSe4,297.99999160358857,328.99999567712183,334.42814856338,11329.00024389121,10166.591513590947,1.7499999911598063,1.6672215441311502,0.2088149485541133,0.21668381162484754,0.0012262622735186956,0.0012807200622009665
ZrNiPb0.96Sn0.2Bi0.02,303.00000532436536,-84.499995691409,-84.47954425933531,445127.9579295784,425021.45800629794,6.599999672424071,6.94407168370939,0.1459140199056595,0.12275524301361225,0.0031783250279355042,0.002838902222453624
FeNb0.9Zr0.1Sb,299.99999286647017,107.52400033312767,105.6125105216171,397673.9971710353,381606.95516639197,12.627000755250805,12.230874321565048,0.10923431532927858,0.11867860540654243,0.004597672113952083,0.005024673153395754
YbCd1.4Zn0.6Sb2,449.9999977922154,157.09999748945535,161.4707749428773,63012.000195109584,55237.84205616191,1.4599999999859816,1.4003982777137032,0.49799997644623023,0.4942117933028751,0.001555161981121356,0.001571993547662336
Pb0.99Tl0.005Na0.005Te,797.9999904167846,278.099997227964,262.64113306189097,21237.999988947464,23264.897031526343,0.9382000097341896,0.8581085291433094,1.3970856977238393,1.582256809727274,0.0016425386025248944,0.0017951708261886824
Sn0.91Mn0.08Bi0.01Te,422.9999965886741,63.80000010583069,62.85825685861552,267800.0250940164,277055.4551954151,4.099999988507759,4.148707856566636,0.11246268499904141,0.11375362920093701,0.0010900638402587418,0.0011328261845681342
Bi0.9Ag0.1CuSeO,873.0000060841234,335.9999972629309,328.52540974707205,2599.9997640399715,2502.4262077335216,0.4249999996610091,0.40737705402090546,0.6029443434394486,0.63733971482498,0.0002935296022407307,0.00031319349998412135
Ag0.97Cr0.99Sb0.01Se2,303.00000532436536,78.60000046073966,78.15158784376638,30322.99979537489,26971.479072198854,0.5862000042491033,0.5573449100509937,0.09683092345082288,0.09635875066899945,0.00018733427274576133,0.00017541886615405207
MgAgSb0.995In0.005,500.00000031442823,202.3599969754011,216.38093292737935,45999.99976735838,35675.35232151507,1.0459000098269606,0.9570417132131367,0.9409999619468455,0.9083580249381792,0.0018836802402301517,0.0017894614490419527
Cu2.7Ag0.3ErTe3,899.9999914423054,144.99999927663478,127.87944451437255,30999.999836379095,30362.09345786683,0.6099999980464399,0.5958258818897387,0.9616352543996441,0.9731109772851321,0.0006517750029158858,0.0006763069678477376
Ag2Te,550.0000001957478,-119.69999796337925,-114.20368146367687,46550.00068433594,48616.45058642364,0.6012999973248858,0.5938306473019183,0.6145600046767851,0.6568706913330462,0.0006669725890917447,0.0007386107313473772
Sr0.21Co4Sb12.25,750.0000023619194,-192.0000015960162,-196.27637021417954,128182.00583966369,133840.06138725378,3.6499999252526036,3.6581393446114494,0.9709523463484844,0.9712073262355416,0.004725301404264684,0.0049046940937310934
Ba8Cu5Si25Ge16,809.000007926206,-111.9999985670297,-122.28816073889047,65699.99887734214,67313.16368547492,2.049999980049792,1.9986565888207624,0.3244000000961682,0.37045341477042937,0.0008241407936191207,0.0009589196384258264
Cu2.1Cd0.9SnSe4,449.9999977922154,138.59999832990374,132.0239882731562,23908.000003834994,22429.629860943623,1.223999996136098,1.1866681744179826,0.1688498988948936,0.16139953836570906,0.0004592717242513669,0.00044828435955141367
Cu1.85Ag0.15SnSe3,799.9999916796662,401.01000457746704,365.9347184724996,2541.000164454581,2572.5821679772357,0.31430000499680105,0.3123290846325851,1.040065458173454,0.9352450538000733,0.000408615717548035,0.0003767579549466239
(SnTe)15Sb2Te3,623.000001395739,131.02999819150594,134.48740553115942,124937.0018297939,117737.48784883291,2.389999974318243,2.2484613873477572,0.559142756847726,0.6123905878087513,0.002145026051090441,0.002314222052785494
NbCo0.96Ni0.04Sn,704.0000050063629,-164.41001007123086,-177.58129585638662,72189.00117132896,72108.80864025823,7.261900161651075,6.921162596822393,0.18916896120699137,0.2225965365014414,0.0019513155372661358,0.002120540875166741
Pb0.985Zn0.03Te,519.9999997387774,-265.3000004236821,-258.09928834261945,29400.000084853025,31291.29202683203,1.3899999989089433,1.3534320819047856,0.7819999682662198,0.7471095614450807,0.0020692922546243363,0.00202265929437624
Ca3AlSb3,722.0000058087238,419.0000093574085,384.3380488078866,499.99998660910495,721.6034574599379,0.670000010084151,0.6332229906865658,0.09099999884334876,0.122011389686976,8.778049358262378e-05,0.00010999510285772205
Mg2Cu3In3Te8,619.9999995014166,283.00000538215164,282.07682632952117,5949.999847005886,6200.777937037601,1.5480000002583036,1.4886910004147325,0.19085808887309305,0.20260513787033835,0.00047652955069196924,0.0005212762535177102
Sn0.98In0.02Se,773.0000063214842,378.0000067777852,392.3730431312112,582.0000629479487,583.1603401635766,0.670000010084151,0.7063486399714636,0.09799999905952661,0.09945358807802375,8.315848026389633e-05,9.469982104151893e-05
Mg2.16(Si0.4Sn0.6)0.97Bi0.03,599.9999974361742,-180.40000098071013,-180.16078262253936,124603.00355502998,119072.3455027729,2.298000035438353,2.2184669227995135,1.0587728397938023,1.0828462067397917,0.004055099857901885,0.004120650510022902
GeSe0.8Te0.2,677.9999991524759,38.51000002440492,36.77256164420917,74254.00256623772,69582.9794333617,1.9126000163613432,1.6853939992878213,0.03903663923356504,0.050806733507244,0.00011012016995873586,0.00013732160197245366
In0.005Pb0.995Te0.996I0.004,663.0000002444373,-203.19999004506815,-211.8745436184767,28099.999909721602,25295.80795889342,1.4250000000718825,1.3377047782224583,0.539824272372243,0.5496995241624766,0.0011602557542243163,0.0011725613427146769
Ca14MgBi11,326.0000092839301,56.41999991299068,56.19875782209588,19834.999973111804,18539.969625331756,0.7526999973249426,0.6771941202913336,0.02734601386376382,0.03040285735346116,6.313910281283657e-05,6.174850845070348e-05
Mg3Sb1.6Bi0.4,469.99999985745785,210.99999913400316,204.92841273096516,2499.9997730131204,2799.8731218698917,0.6600000122362127,0.6107885179040587,0.07926087050195284,0.10047664336761572,0.00011130250329365534,0.00013740238013186735
Ag2Se1.06,362.000000325079,-137.79999669687882,-135.9610818797549,129799.99535218185,120283.72334314045,1.0639999949791579,0.9980264749846739,0.838571441893023,0.8286662491831338,0.002464751643114128,0.0023443724754944758
Cu1.7Se,295.0000002728392,15.350000597428291,16.082961960440016,979729.9894134164,818461.1410292054,7.350000017806286,6.164424330077269,0.009265265586265373,0.011729637795761753,0.00023084643582016565,0.0002364348760972778
Mg2.9875Na0.0125Sb2,372.9999967073545,107.80000074450558,94.63223408493197,26522.999949550667,28884.324593451554,1.562999999022143,1.4941316354287013,0.07355462938697725,0.07500356015564152,0.0003082195433243879,0.00031591244727282073
Cu3Sb0.997In0.003Se4,623.000001395739,286.0000027074406,285.81079761025376,8950.000239025105,8321.13975772099,1.0099999872829173,1.0321297748260811,0.45156656180360305,0.440496795823501,0.0007320742010906039,0.000756904458674632
Ag8Sn0.7Ga0.3Se6,474.00000238322093,-421.89999699011196,-417.006633790318,429.9999623107921,369.61635417994586,0.25500000510766463,0.2531704513339719,0.14227404236291646,0.11527341515569,7.653982723573222e-05,5.8166567781027616e-05
Cu5Sn2S6.65Cl0.35,667.0000027702004,101.9900007197063,97.68126729937927,81883.99763462035,82389.5708489144,1.737500007328085,1.673018612300724,0.3269755387226819,0.33909065817504663,0.0008517540919351269,0.0008910992423848382
ZrNiPb0.993Bi0.007,771.0000050586027,-210.1999916308772,-198.39505404755835,96295.99671123755,109727.96499056052,6.314200133371035,6.696325171045102,0.5195289292952713,0.48318730730754444,0.0042547465908374885,0.004191269913500264
Bi0.92Ag0.08CuSeO,372.9999967073545,193.99999863709604,179.68778827079623,2190.000067454427,2128.089584112529,0.5249999978407388,0.45882011567597203,0.05855946376121402,0.06641582761784788,8.242283663661027e-05,8.271262867348715e-05
Cu5Sn2S7,626.9999986397155,68.75000024188586,61.132433940881256,159155.0079914269,182881.0504992798,3.1249999399144635,3.1983420071276543,0.15093265433328745,0.1441154794589689,0.0007522560700889728,0.0007544622569269436
AgBi0.95Pb0.05Se2.12,400.00000319268224,340.0000015234509,346.01044495390585,5497.000006346359,4068.842340004035,0.65800000435918,0.5973957020012758,0.3862937446188436,0.3719488300599873,0.0006354532030388856,0.0005589609759262199
MgAgSb0.98In0.02,350.00000331136266,146.0000003417648,159.5088110674501,81261.00365676754,63280.669288091456,1.342600002676094,1.243778162634853,0.5067999884881178,0.5329820034354882,0.0019549999643333096,0.0019549181886343438
(Zn0.98In0.02)4Sb3,422.9999965886741,151.2999971818023,144.20487060840597,31919.999656577937,28884.264742297877,0.8100000155288248,0.7409478213080752,0.3815892024587958,0.4226620716632565,0.0007307027476692239,0.000748249783183695
YbCd1.5Zn0.5Sb2,650.0000025992803,175.3000051346195,178.81960032484378,57600.001038482704,49389.31322440346,1.1399999874290092,1.0867168710241975,1.1300000761398752,1.0803123455537111,0.0017700532664650655,0.0018706358547542813
Cu1.875Ag0.125SnSe3,299.99999286647017,173.74000229899647,159.4574594234258,3183.9999495603183,3444.218118160986,1.1015999948765665,1.0518064662590774,0.026173997178306176,0.026782342547795192,9.611091883935355e-05,9.378273927178344e-05
Cu2.1Se,769.999993863589,126.73000241659847,120.87201138062855,104053.99655953734,102024.33017906164,2.0249999776887573,1.9703616661608507,0.6354528936818846,0.6902190613760861,0.0016711585213524073,0.0018167277850496526
Cu5SnSbSe6.3,473.00000175178013,51.94999995800475,50.83440999924902,148275.99613217328,173137.59264423748,2.3793000007820457,2.64676728664266,0.07955251080910278,0.06969120225810863,0.0004001676364888327,0.00040020868486938683
Ge1.04Te,672.999995995272,181.999997595738,184.6614192324087,154012.99359156218,128165.13134835829,2.237000014455405,2.1764372013166797,1.534791085787132,1.3926205527170712,0.0051015262227358475,0.004872652428063225
(Sn0.8Ge0.2)0.91Mn0.09Te,773.0000063214842,132.70000085078823,129.34298984946892,107400.00644386832,101973.47093803536,1.9449000130649043,1.7251517098909894,0.7516719400186203,0.8427203035675505,0.0018912377674483506,0.0019742863807171245
Nb0.9Ta0.1CoSn0.9Sb0.1,826.000008097126,-163.05000157853277,-167.34376917622149,90496.00105136719,94721.92006255033,4.2059998014314,4.2330284645451055,0.4724782135443446,0.48408144484111904,0.0024058634396424013,0.002601084702118923
Rb2Bi8Se13,624.999997376834,-281.00000834107175,-286.3263971554501,1023.0000323969554,1833.7614822830553,0.44499997834498395,0.4614707031269731,0.11345098605823395,0.19350267321218587,8.077710484484021e-05,0.00014464856010428908
Tl8.98Sb1.02Te6,444.99999991679806,166.4999957614754,178.44528746100602,27729.999967601078,24362.34958820223,0.4999999946552032,0.4564464326630839,0.6841767927865099,0.786640121536617,0.000768738008129978,0.0008263645474132189
Ag0.94CuSe,390.9999975097154,-14.650002005966904,-5.559968550025793,59903.0008782919,69088.90313272653,1.8810000131752995,1.4106677405231463,0.0026724631517234874,0.14145339487051392,1.2856530853014538e-05,0.0005520647969450232
Cu2Se0.98S0.02,650.0000025992803,179.000000270449,186.90675636613818,35684.00020678012,32341.798917853495,0.8579999925406174,0.8297100185983606,0.866175057239781,0.9408327452624199,0.0011433510264074764,0.0012425772662972366
Ag(Bi0.9Nb0.1)0.9Sb0.1Se2,525.9999995660822,-180.99999574968706,-183.1218963984437,11566.999858185944,14899.310844353036,0.6281936865343531,0.634459895749719,0.3172999929453294,0.3554125939789868,0.00037894648719421023,0.000429400417792085
Cu22Sn10S32,599.9999974361742,86.55999984051795,85.72076323296602,127208.00272128868,140193.54377113923,2.3399999705171637,2.4083156098270124,0.24439049718455147,0.23482879155890127,0.00095312291588958,0.0009983318859092868
In4Se2.67Cl0.03,698.0000012177184,-218.69999187933075,-215.66418693760966,26299.99992193456,26492.571109066175,0.5749999990922335,0.5790326718442435,1.5329999904574638,1.4031099716246724,0.0012579208137480306,0.0012605750460583818
Cu5.133Sn1.866S6.3Cl0.7,425.9999984829964,76.42000048679665,73.45744413355817,87451.9992049015,81851.34846167495,1.7600000050659321,1.708621206513347,0.12361772331174177,0.12189045034302326,0.0005107211142235638,0.0005035889419120474
Sn0.91Mn0.08Bi0.01Te,473.00000175178013,75.45000004063064,72.73866493469399,240000.02738941787,250779.79672181667,3.9679998776018537,3.957801434869421,0.16286179141417037,0.1595400319881109,0.0013662486251910222,0.0013662559620366927
Eu2Zn0.96Sb2,722.9999958765917,200.00000502787614,192.5110240242318,14897.999923827336,14765.01162065981,0.4699999923661433,0.4712769972078065,0.916702427384307,0.8912655283253785,0.0005959200032060272,0.0006045440010101482
Cu0.98Pd0.02FeS2,99.99999334119173,-116.00000282754976,-200.39868390027004,9306.00019495899,11234.822991369538,13.979999023695198,14.615390749373342,0.0008957191677139171,0.0007629187192886022,0.0001252215341802268,0.00011792408198072834
Li2Ge11Sb2Te15,572.9999988735261,169.9999965543799,173.32797990598496,114999.99698960426,111344.4823717059,1.8479999935225515,1.7848715536906152,1.035999963945098,1.1097034743227627,0.0033235000905490353,0.0036265460137438867
Ca3.46Yb1.35Pr0.19Al2Sb6,722.9999958765917,-111.78599816298885,-89.47588077182638,1604.000122631011,1819.3319711936301,1.2946000006493699,1.272330690065161,0.011193911551820132,0.010774068939664075,2.004376035218376e-05,1.795425149193822e-05
Bi0.9Ag0.1CuSeO,773.0000063214842,325.6999892271422,331.46034287227354,2199.999894078626,2068.5936240808037,0.45000000034941856,0.41286725762142723,0.40088996030338553,0.45942866645834646,0.000233377080423064,0.00026005294303065897
Ag0.02Cu1.955S0.5Se0.5,474.9999977328752,135.74000291476327,151.4883100236289,7278.99973086257,7258.936246137524,0.6912999836650362,0.6372811178027113,0.12848980297175927,0.14455864973244303,0.00018699999865743353,0.00020758837542962595
BiCu0.90SeO,523.0000003126531,188.99999918154703,218.87185160882262,44.00000275932869,64.02063695651313,0.914000003095632,0.9790360206404506,0.0008993561561474456,0.0012005209431110659,1.571723876428362e-06,2.2236273490824046e-06
Co0.97Ni0.03GeTe,701.0000031120406,-112.33999482010316,-120.79805906662375,74468.00423609448,77943.18389119144,4.297699922032724,4.1492249226185764,0.15329233835455533,0.16132010303415936,0.0009398066813682218,0.0009594724147883175
Ag3.9Mo9Se11,447.00000117967954,124.60000102838669,131.80949478062678,25284.999961840895,24671.073263900005,0.770000010510771,0.7360110472478852,0.22788505527907474,0.2603096360555727,0.00039255367263368786,0.0004451227369025509
Cu2Se0.96I0.04,358.99999843075665,115.00000254334064,115.96806438863342,40033.00055623601,40406.850170963044,0.41000000554674815,0.578931341585965,0.46357968696425733,0.3559189861896454,0.0005294364255662026,0.0005634453758928784
Cu2.82Ag0.18SbSe4,322.9999968260349,335.9999972629309,344.7517778858117,10316.000020108833,9646.8999985154,1.5400000017538713,1.5469683550329463,0.25000000138326334,0.25588624238460744,0.001164635170630418,0.0012828276468354457
Ag8Sn0.5Ga0.5Se6,702.0000037434813,-160.51000885227432,-138.66130488439546,16667.00001941921,16434.138658755743,0.28599999820931427,0.29891617051561586,1.1359999686119353,0.9918416792583764,0.00042939958847707004,0.0004257402550919372
Yb11Ca2BaMgSb11,599.9999974361742,130.4000013360397,140.45955242233512,18950.000043110325,16622.70713834561,0.6711000136641463,0.6343502798342033,0.28809014935905497,0.34890170413123645,0.00032222883057366625,0.00037555512867638917
Rb2Bi8Se12.974Cl0.026,329.9999906825473,-92.10000378639714,-105.76996639633012,30150.00019012373,26150.34018730525,0.9000000069347781,0.81398263109263,0.09377304316461177,0.11372766192416518,0.0002557446598221346,0.00027034786932768345
Rb2Bi8Se12.9805,525.9999995660822,-292.4000028732508,-275.18973535657346,3597.9999138786684,4668.146373206651,0.5500000234432026,0.5348259119979916,0.2941974884394753,0.32599944445503354,0.0003076209447481899,0.00033308620752471667
Ba1.8Bi0.2CoRuO6,318.00000423240397,97.49999857881801,76.05236046033254,17800.000018959166,34396.66676285056,1.3940000000246708,1.3056826503608412,0.03740000013405261,0.035678177091809475,0.00016921124768439147,0.0001473687229189208
FeNb0.86Zr0.14Sb,500.00000031442823,139.08000236322678,139.5097407212206,272093.00180979836,258952.93231164894,8.576300786351998,8.456212333600668,0.30684338862226246,0.3002549557161862,0.005263162228791243,0.005467517797410976
CaTiO3,320.99999556315333,-252.3000041872951,-268.3966665731357,5400.000276848053,3825.5176050851787,4.691999780295376,4.6141122682633675,0.023516640038983922,0.02025562372956845,0.0003437385649179679,0.0002771601073761936
Gd2.75Se4,350.00000331136266,-93.12000428581965,-94.66081189099464,7107.000010094033,6757.997497843348,0.8791999933885963,0.7711688402910462,0.02453311275522011,0.022758740192433225,6.162717181697846e-05,5.1661376127042176e-05
Ge0.99Mn0.01Te,297.99999160358857,32.58000045880014,31.487477795900485,589691.0536887583,582127.2328269198,6.781000002552141,6.864002218014892,0.027507379346963724,0.024423333368791978,0.0006259312846839238,0.0005931633328320682
GeSe0.9Te0.1,677.9999991524759,137.4499985725295,131.09343637360132,3303.999915189697,3483.50821705165,1.0534000090598048,0.9971271223219729,0.04017592848692513,0.04025076133686359,6.24208309073897e-05,6.078625191774069e-05
Tl9.0Sb0.97Te6,506.99999945272714,173.00000561987102,182.70761479744715,26330.000019036663,23419.76881357162,0.5500000234432026,0.5117402169870182,0.7264209051526851,0.8051894800995125,0.0007880305607808665,0.0008435217194324204
(Sn0.8Ge0.2)0.91Mn0.09Te,473.00000175178013,74.10000007023038,75.90481253527852,186400.00740588273,180032.86086256203,2.2130000225451183,2.1245633678925673,0.2159999993068231,0.21850927177610813,0.0010234869826679807,0.0009953152880665228
Sr14.8Ga28.6Ge56.6,613.0000003631177,-112.50000203464523,-119.11356312783806,79259.9954575119,82961.23329754942,2.4145999537991085,2.2894731906331085,0.2546680072620523,0.298382010092544,0.0010031343842398096,0.0011179945603686388
Ca3.3Yb1.5Sm0.2Al2Sb6,422.9999965886741,68.89999966789271,-82.48561181356558,7950.000160180987,473.2978637451604,1.191999993422126,0.8794561358679162,0.013392748491926926,0.0023233702021639006,3.774031767848499e-05,4.538110255897186e-06
Li0.03Cu1.83Bi0.02Se,401.00000382412304,48.99999975092173,45.786885471800574,96551.9956150822,108479.52647283967,1.5714000000612043,1.5062521822043384,0.059157668560955834,0.06773857487660989,0.0002318213478204871,0.0002622943220028184
ZrNiSn,771.0000050586027,-158.30000972689257,-163.7611291006725,78179.99719445985,86106.77620525267,3.585400083667488,3.6505214497813214,0.4212833218530007,0.4450832001975802,0.001959104003305065,0.002135670128870644
Ge0.83In0.05Pb0.12Te,324.9999980889164,212.44000536387122,223.11828271160832,19262.99992211212,15460.907974012507,0.9732999994831868,0.9406676634376623,0.29029071932740186,0.27327275096418246,0.0008693537156636024,0.000801661661660586
Bi0.8Pb0.1Yb0.1CuSeO,543.000000067114,121.70999765665589,122.3703018438662,20000.000115088296,18688.98505620851,0.6286000143490605,0.6033019693833406,0.25592220899167717,0.2656349528335435,0.0002962664769460145,0.0002931776693208186
Cu22Sn10S32,400.00000319268224,57.0250000437605,52.2851071506625,195652.01397474683,218651.27995867198,3.029999954477428,3.169753519932418,0.08399090161673362,0.07901315545493219,0.0006362310811574433,0.0006400687898123006
Nd2.92Te4,773.0000063214842,-67.99999866211743,-78.00335527101862,129599.99761617644,134532.56735451845,2.7650000067332914,2.7630093039085053,0.16753563108489775,0.1797564715723938,0.0005992703972547628,0.0006544659372061842
Ag(Bi0.85Pb0.15)0.9Sb0.1Se2,326.0000092839301,430.55999936392743,415.87610593906226,197.17997051225447,177.60942866822606,0.5070840384270934,0.4614529047524754,0.023500001105682025,0.022016580526135428,3.655360403013943e-05,3.16682562889464e-05
Cu2.1Se,572.0000008829786,84.29999919435443,83.99766550964628,162199.99472060398,171650.41675022905,2.2625000516023395,2.280117422409338,0.291416024948634,0.2992625930406659,0.0011526727113212502,0.001213547449789017
As2Te2.8Se0.2,372.9999967073545,206.9299997885099,191.4069049766991,1279.8000869465454,1271.1928146939229,0.6049999953148881,0.5834402038311727,0.0337864443028632,0.036513243666662185,5.4801072892058186e-05,5.872233088650304e-05
GeSe,326.0000092839301,774.2599809574948,721.2826476667857,3.1346010333528014,8.43441230617108,2.84470006089972,3.3224923690247765,0.00021534606086431928,0.00034757947159095746,1.8791256292621764e-06,4.200485122654668e-06
Tl9.0Bi0.98Te6.0,324.9999980889164,164.45999476263034,179.212509668822,25800.000045189197,20505.2558659022,0.538000027572408,0.47738529013352365,0.4215425041107388,0.4277112630282421,0.0006978149654621663,0.0006578125612290816
Co0.95Ni0.05GeTe,477.9999996271975,-66.38000339371797,-66.82064839947097,144443.9924363206,140358.01828765954,5.2518999422723995,4.869971277416576,0.05792758965832967,0.056046260743150784,0.0006364642314750412,0.0005884584742856995
La0.7Co4Sb12,372.9999967073545,-177.6600021713246,-191.77660903028823,33299.99980309706,32286.809524261735,3.1570000461178878,3.850583000932705,0.12418175761882472,0.10987278872421358,0.001051050406580231,0.001106668119942328
Cu0.98Pd0.02FeS2,9.999999892960204,-18.300001491115673,-103.64979155728349,3652.0001753215547,4026.948735402128,10.900000382913504,19.397611198674284,1.1220350243913447e-06,1.7968145190402007e-05,1.2230183847731771e-06,1.0462832554854441e-05
Cu2SnS3,623.000001395739,422.9999901375243,425.7122820699328,206.99996189513288,254.7820920685168,0.9839999964312183,0.9547222551979446,0.023450063474295253,0.027161354274315236,3.703830392008499e-05,4.535540036654909e-05
Sr0.11Ba0.18Co4Sb12.09,400.00000319268224,-114.99999589231868,-117.0546369231935,334722.01292866975,320711.7668305593,4.249999927200624,4.222936016951266,0.4166304475666331,0.3943324964927171,0.004426698861562722,0.004297424819772989
Ag2.0Se0.9Te0.1,374.999997970236,-133.00000332445686,-131.29834321018797,108624.0033164747,100036.4652806326,0.9199999913772213,0.8409193625243132,0.7831996635689672,0.7675629485417197,0.0019214498831829992,0.0017879485083104444
Cu7PS6,324.9999980889164,97.62000105467402,100.04801573321788,2.3399990968827917,2.3779509476168283,0.23330000203662812,0.23053020573284227,3.1064332458839876e-05,3.6271274768155804e-05,2.2299408562568348e-08,3.1104574374669774e-08
(Cu0.005Pb0.995Te)(MnTe)0.03,773.0000063214842,-168.41999350354348,-152.98202689722424,69999.99743463712,70978.64077929687,1.5572999982696532,1.4836186237800204,0.9855815496840246,0.9718724421806173,0.0019855707849160153,0.002006732260238001
BiSbSe2.76Cl0.24,700.0000024805998,-244.9999934767954,-242.56836281600204,6187.999841139178,7299.909571511393,0.41000000554674815,0.4027162347701505,0.6341568184223215,0.6643940520859958,0.00037143469754229137,0.00039845810896154256
Cu5.133Sn1.866S7,415.00000210072085,32.09999936052763,28.107637971580452,370491.99742182065,401873.82664618257,5.212500144413461,4.934986056670426,0.030394217365078056,0.026870568985858146,0.0003817586654899521,0.00032712235312945455
Yb13.6Ce0.363Mn0.99Sb11.05,299.99999286647017,31.24999992269238,35.191881377621854,49029.001374385625,43735.236249460526,0.8570999794401535,0.7986061029900515,0.016758796976903242,0.02703023831037116,4.7879879450503375e-05,7.462626064409634e-05
AgBi0.9Sb0.1Se2,575.0000001364076,75.51999952817962,83.81529321008678,174.59996396155685,798.6149701933144,0.33119999352238577,0.35413930079199546,0.0017288038011888743,0.08741552181380274,9.957911882360506e-07,6.378582175855866e-05
Sn0.965Pb0.01Cd0.025Se,473.00000175178013,359.99999934564704,362.07477482313857,3349.000093210886,3180.2455674737407,0.6235999922137111,0.6673968501237691,0.32921164266610664,0.3071450013161905,0.000434030401903107,0.00045782464427395804
MgAgSb0.99In0.01,449.9999977922154,200.71999640260807,214.41212451412264,51636.000756877474,40965.52778468189,1.0130000086190676,0.9435667119935863,0.9329999994496396,0.9436388071111622,0.0020803379212752282,0.002030464119612339
Rb2Bi8Se12.9805,329.9999906825473,-223.20001134766846,-215.22458680984437,8105.9999757787145,8434.785996979412,0.740000014047182,0.6696288830510155,0.18008485897452858,0.2020335938092463,0.00040382665648574,0.0004014649025563942
Mo3Sb7I1.25,820.0000043084815,57.68000004434616,50.893960706921106,399999.9724125882,367712.86424578115,6.213999807053335,6.273529603422098,0.1744999999761258,0.1858459187283546,0.0013307929956629517,0.0014751333378327047
As2Te2.8Se0.2,322.9999968260349,192.079994244006,177.4787753223916,921.0600204383446,891.2457928537074,0.6193000137987632,0.6118274018565573,0.017723670112546747,0.018235353476315348,3.3982254660017975e-05,3.559291462485755e-05
(PbTe)0.15(Ag2Te)0.85,650.0000025992803,-214.40000197452434,-192.34791074531105,11274.999810576517,14817.955133606392,0.463800012459637,0.44773753744157774,0.7630000162495829,0.8239636676475259,0.0005182819842188672,0.0005858625651013852
Al0.02Ge0.98Te,773.0000063214842,137.13999853584423,135.91714495428326,203570.99589569762,190125.70928718726,3.231999956509532,3.2173190410947754,0.8749999858607364,0.9186386433930451,0.0038286374204795654,0.003990730330574154
FeNb0.9Hf0.1Sb,500.00000031442823,153.40000235362587,152.0384969851589,323200.0336206769,275594.84871791315,6.844000024837026,6.953528474711878,0.555625403482817,0.5065487786931094,0.007605399887095594,0.007498052496609663
Sb0.05Ge0.95Te,773.0000063214842,208.90000570238172,201.2378214970249,90826.00032404406,95306.7808639001,1.944999983781422,1.9957160194866166,1.609999982575428,1.5881155493323873,0.003963574916715335,0.004419782979850492
Cu26Ti2Sb4Ge2S32,400.00000319268224,136.60000206974476,139.49623361869433,53271.00007748133,48684.06512606884,1.1185999972317873,1.082874869460822,0.35544910045383293,0.363842057056117,0.0009940134393292565,0.0010061250097792842
AgBi0.9Sb0.1Se2,477.9999996271975,-152.78000149933447,90.7855979546614,20534.99997466367,1018.3415498615512,0.47465530057653266,0.39543970500719455,0.48269999505294414,0.08162893516583976,0.00047932239304881964,7.37414955248245e-05
Pb0.985Zn0.03Te,318.00000423240397,-171.20000292171608,-189.32396340771993,104999.99423975269,82265.14361901012,2.4200000147950576,2.368917230231956,0.3970000091525514,0.3627603188692065,0.003077491468811775,0.002686738122712044
(Sn0.8Ge0.2)0.94Mn0.06Te,572.9999988735261,86.69999881561594,90.90479329162244,173099.99468250034,172116.9347141681,2.4600000443407555,2.316575261475266,0.30159999410151,0.31859377168144726,0.0013011736502309358,0.0013597717076231977
Zn0.9Cd0.1Sc0.02O1.03,972.9999847196168,-139.00000971523696,-149.5881692715862,31999.99955628557,32811.33014067269,3.259999937281117,3.4531470713731047,0.18453333017542653,0.18916602240034638,0.0006182719940500267,0.000690252911801398
Mo3Sb7I0.75,322.9999968260349,17.40000131341956,17.236325285718465,624500.027248631,610888.7093202671,4.9999998648938355,4.95712680673277,0.01221415517374176,0.015261019516544025,0.00018907361472431705,0.0002293672384774397
Sn0.87Mn0.1Bi0.03Te,523.0000003126531,94.00000072096401,91.95083355932246,179199.99178214144,184964.45393823893,3.6560000630460845,3.561193421917085,0.22651095643532035,0.23292443788055403,0.0015834112443679474,0.001648493160604327
(CaZn0.4Ag0.2Sb)0.83(LiZnSb)0.17,873.0000060841234,174.80000166700398,167.65746228739087,25047.99996978183,20184.016370373814,0.5749999990922335,0.5439708842597353,1.161989723907074,1.2440346466376457,0.0007653426548548187,0.000811205792805906
Ba8.03Cu5Ge40.97,415.00000210072085,-113.72999952918946,-121.78888516380567,45700.00007344614,42191.11721309613,1.3199999994035478,1.219425077900936,0.1858405335295034,0.1886324931793726,0.0005911072403746377,0.0005736321420190228
Al0.005Sb0.1Ge0.895Te,822.9999956392309,234.75999626500726,246.36368330377553,58794.998909466,54733.35495446254,1.5218000019030549,1.5291473560413635,1.6399999287287308,1.8237678100425903,0.0032403252520230154,0.0037902105366335384
SnS0.91Se0.09,722.9999958765917,375.3999981383461,354.008950729076,12200.000188257749,11833.331313730501,0.8730000009466323,0.9072624356974215,1.4238769504077706,1.3490601512331766,0.0017192868999135118,0.0017119112926200534
Sr14.7Ga28.7Ge56.6,563.0000004817981,-123.99999960838778,-122.47750671850264,78042.00394534934,78279.12689474694,1.7419999908478103,1.7178314343971257,0.3878216049487834,0.42477560937997555,0.0011999738384128253,0.001331993509755926
Ag0.97Cr0.97Sb0.03Se2,403.0000050870046,86.02000043936795,91.86118244096845,21461.000045926197,21011.99869166585,0.47360001959667003,0.4503349335172847,0.1351270149983169,0.1440850761091647,0.00015879938679909787,0.00016816173042021794
Ba8Cu5.04Si13.01Ge27.96,713.000000125757,-120.39999577391973,-128.63965704060863,53800.00123105725,54611.95707267788,1.810000014633812,1.7948566274480349,0.3086600038453594,0.3311315491084398,0.000779893419095905,0.0008696758181597052
Bi0.92Ag0.08CuSeO,523.0000003126531,254.9999990389154,257.23899646350617,1879.9999544722382,1843.119638165716,0.4399999894666312,0.3913924342410251,0.14530723018729202,0.17218418611055442,0.00012224699751452672,0.00013348015621144626
AgBi0.9Sb0.1Se2,525.9999995660822,-211.1099981767415,96.40356349356556,7943.000463490461,882.2915672131747,0.4913022213401191,0.38063113086864087,0.3789999983082941,0.08077472678613286,0.0003539991121481814,6.686106902263285e-05
Cu2SnSe3,822.9999956392309,207.38000173534365,213.52033876193133,8844.0001765951,9096.28284401021,0.9000000069347781,0.784118946906984,0.3518000022499907,0.4181920158994101,0.0003803491755451611,0.0004105024411835054
Ag0.97Cr0.99Sb0.01Se2,602.9999993304965,132.1999973831727,145.68172933269383,13544.999633844993,12693.216755079518,0.47239997740067674,0.4650648489465486,0.3021686150010521,0.32701937508351586,0.00023672380161822364,0.0002652230297596329
Ag8Sn0.7Ga0.3Se6,672.999995995272,-158.40999194024866,-154.1697831445807,16304.000033378843,14795.549060462828,0.3579999857385336,0.3215099572706638,0.7799999964741162,0.7926961499595969,0.00040912814488956365,0.0003815766488404397
Ag0.97CuSe,297.99999160358857,-98.09999843697511,-74.0953002734154,179709.99545024688,108282.73236269006,1.4646999977763966,1.8083854669857589,0.35186642783122085,0.099533982737136,0.0017294590311614023,0.00060305862093554
Ba8Cu5.04Si13.01Ge27.96,565.9999997352272,-106.0000039164517,-108.56452192491562,65100.00001780991,65984.72603265152,1.842999976860332,1.761239683197604,0.22463830371383817,0.22955405795373018,0.0007314636079294128,0.0007418354046788096
Ca14MgBi11,521.0000003702182,66.94000007503084,67.56281853067011,24827.99998597815,25815.48916452651,0.9537999925017254,0.9034908496675829,0.06077060593432066,0.07069626982646121,0.00011125336640790448,0.0001254210791795327
Ag8Sn0.4Ga0.6Se6,375.9999986016768,-530.0000211441003,-517.995147918867,132.0000239963016,83.7926250725682,0.22500002194408247,0.20916586123610129,0.06700000341406742,0.04710722493220864,3.707880345500101e-05,2.320399693142204e-05
Cu5.133Sn1.866S7,514.9999992224668,42.6099999888622,39.063527073434884,313888.96907104814,329884.89182672906,4.275000116207824,4.323138923633645,0.06865470341291081,0.06145590490062033,0.0005699006648107228,0.0005262200496592304
Ce0.2Bi1.8Te3,473.00000175178013,-155.0300112335033,-146.81243328698125,63089.99892913719,69316.84741095404,0.5693000287456653,0.5811679628642078,1.259830162218014,1.2416917111285524,0.0015163240610174971,0.0016269564114615187
Cu1.99In0.01Se,572.0000008829786,164.85000427668768,176.0243169037275,41892.00071165775,35535.22720979402,0.8875000161114134,0.8727280939068954,0.7000000202510281,0.7841832742569051,0.0011384370226800293,0.00123739265153329
Bi0.8Pb0.1Yb0.1CuSeO,639.9999962848726,137.1700006223335,132.0966894747155,12308.0002816123,13406.87264398277,0.5624999795578369,0.5325488290302365,0.26348944025693516,0.3099582742036345,0.0002315825170610282,0.0002638141923872481
Cu5Sn2S7,421.9999959572333,42.04499982732132,36.09067016037112,243011.00111870334,289938.2335958681,4.237500012120804,4.48780502214146,0.04278163774036238,0.03796332152446325,0.0004295904793569895,0.0004146991995188923
Ge0.55Pb0.45Te0.4Se0.6,720.9999946137101,281.25001085580044,278.1735143735699,9482.999901449813,9677.28868869732,0.6654999958265279,0.6390378077088367,0.9169999902651174,0.9570365571972584,0.0008459999900536377,0.0008715776435691691
CuAgTe0.7Se0.3,303.00000532436536,215.490004209942,223.28489965993768,11866.999741449896,10391.532212751443,0.39280000770420775,0.3605991359629119,0.42507575674108244,0.49244841236875114,0.0005510553003957522,0.0006173107423986321
Cu2Se0.92I0.08,409.999998943517,189.99999437657598,185.7856257657497,10278.000214967673,9108.42932244241,0.5190000140535426,0.4623434731989731,0.29311113774163683,0.2970380796942609,0.00037103580345447946,0.0003400666755575188
Hf0.7Ti0.3CoSb0.8Sn0.2,376.99999923311753,174.99999600992894,181.25010392623471,52699.99873411243,40701.182481789896,2.7999999277443233,2.6837360956347123,0.21999999868212497,0.20490076655285053,0.0016139375465678547,0.0015754623113444612
Eu(Zn0.7Cd0.3)2Sb2,550.0000001957478,207.60000138266216,210.57873720193194,36640.000443910445,32793.11333241396,1.2299999977068807,1.2080310853499232,0.706102474355617,0.7183218630376547,0.001579101920870842,0.0016058104051509588
(SnTe)0.9(CuSbTe2)0.1,622.0000007642982,112.30000260254013,116.19511402731831,134400.00522599235,128587.81528544256,2.3480000125048073,2.2111149980014897,0.44900489717496445,0.5149894649368285,0.0016949573670929925,0.0018867025709202185
Ge0.96Mn0.02Sb0.02Te,773.0000063214842,178.89999722888547,187.0969476403022,109278.00418172799,93272.17285159996,2.1710999854227113,1.8749876098516771,1.2452399696783722,1.4986486423523302,0.003497465231556157,0.00393831734999847
(SnTe)0.9(CuSbTe2)0.1,426.9999991144372,55.69999991654783,52.5274043768363,250099.9752225397,260002.57551636247,3.6149998342422016,3.4941826651512735,0.09165236204678737,0.082997818774714,0.0007759327442332115,0.0007094745073994164
TlCr5Se8,322.9999968260349,225.99999750065024,222.16882908665812,6670.00022307815,6153.873628248426,0.7060000159193887,0.6941008990237906,0.1558621041091224,0.14674424189433372,0.00034067691681736073,0.00031650107350252623
Ag2.0Se0.5Te0.5,344.99998959058587,-97.83999992107164,-90.20251710095192,65000.00139514124,61326.5243473596,0.6600000122362127,0.6304669603036979,0.32525307485412763,0.3108119262883748,0.0006222232577060933,0.0005722036428549836
Sn0.97Ce0.03Te,623.000001395739,149.9999987321838,150.92336562804803,73420.00118483751,74383.72530668289,2.244999947690172,2.261304715262182,0.4799999825615795,0.48199057075000873,0.0016519500291516888,0.001810810804367168
Cu2.88Ag0.12SbSe4,322.9999968260349,344.000005783971,345.55029947245,12644.99973864859,11538.67872540737,1.8699999787052397,1.7552137212152779,0.25846196220272705,0.2821395558608868,0.0014963586743751026,0.001582055074776356
Cu2.88Ag0.12SbSe4,348.0000020484812,355.99999508512695,355.79757052036547,11329.00024389121,10739.616057240994,1.6799999916371005,1.6262266946790376,0.2974140862503325,0.314912319331038,0.001435792086680452,0.001522949110166018
Cu2SnSe3,523.0000003126531,120.22999842830387,140.31542383114532,11904.999730970834,11056.168451675554,1.6124999897011894,1.4582689597737064,0.055815790021710054,0.05725472820848058,0.00017208979147736303,0.00017330409995985853
Ag8Sn0.4Ga0.6Se6,328.0000105468116,-552.3399821290235,-544.4309836547316,33.00000486599791,37.37826336225945,0.2108000115965206,0.19407803122098696,0.015664992831720962,0.020591286371995993,1.0067622987131079e-05,1.1272654765349127e-05
Ag3.8Mo9Se11,644.9999994420764,157.50000378560838,166.89535880769438,22699.999981763944,20122.06464654834,0.7999999852132361,0.7695424933592258,0.45400087741045825,0.49200405806562836,0.0005631018743959969,0.0006231324518613032
Sn1.03Te,722.9999958765917,126.90000054313518,124.00576482854413,98200.00165673676,98543.36746519114,3.7040000602279157,3.32737484141157,0.30867542798235614,0.3438549155366607,0.0015813745204381888,0.0016324513327252543
Cu2Sn0.95Fe0.05Se3,422.9999965886741,71.4299992808686,74.37922610213771,100000.0016817545,95743.20616839072,2.702500057965794,2.5836381986091896,0.07986122624860219,0.0842763309935621,0.0005102244898469944,0.0005282848506177395
Ag(Bi0.8Nb0.2)0.9Sb0.1Se2,675.9999978895944,-156.00001021214405,-152.92872637964987,23635.000013099714,24779.9172369378,0.6091533774105938,0.6205802059086766,0.6382999941404777,0.6732073330703807,0.0005751813581415315,0.0006270171238941932
Cu1.85Ag0.15SnSe3,400.00000319268224,288.779988645209,266.14856540273047,979.9999026102635,1207.1891992216486,0.6951999975719791,0.6869258606155383,0.04702302210922249,0.04929612889959888,8.172601693939715e-05,8.6535552935798e-05
Rb2Bi8Se12.9805,822.9999956392309,-214.1999958913973,-224.3979346100512,7045.000203708592,8087.297201110474,0.5685000226707765,0.5659683578264258,0.4679390641477077,0.561865202898426,0.00032323615043467196,0.00039704954872912715
AgBi0.99Pb0.01Se2.12,449.9999977922154,482.2999857935721,495.6878548272327,1095.0000149284306,689.612964530131,0.5500000234432026,0.535598522144476,0.20840036201260453,0.1614267584409038,0.00025471155034998056,0.00020764161695166982
Ge0.55Pb0.45Te0.4Se0.6,668.0000034016412,291.2500097668985,286.052223126421,7970.999897792669,8339.933495655956,0.6845000031541879,0.6431192639666197,0.7680000223483285,0.8100076249682262,0.0007869999838283325,0.0008092391703629461
Cu2.05Cd0.95SnSe4,400.00000319268224,144.7999990636088,136.38649475419248,13594.999796877633,13127.70195934045,1.6770000058655004,1.6121931479684612,0.06798972340467907,0.06256507061845543,0.0002850469122000651,0.0002635033239499651
FeNb0.9Hf0.1Sb,400.00000319268224,130.0999980814502,129.2240557320048,434899.9764375467,347265.7387550393,7.861999699651215,7.7997244302505635,0.3800000079053463,0.3328609619741319,0.007361121947228228,0.007087855935422528
AgSn15.0BiTe17.0,599.9999974361742,148.9999976670538,157.92877944702929,97114.99686174824,82728.89591115646,1.764999986514381,1.6611202698640886,0.7329349124097688,0.809176919593149,0.0021560501856959092,0.0023738654607033055
Ba1.7Bi0.3CoRuO6,517.9999997963425,29.399999419727113,26.27146742669946,122999.99410460542,98794.74275623974,1.300000001827918,1.319216342543779,0.042362948467780895,0.042357093770190805,0.00010631628275788105,0.00011054491305589691
(Cu0.003Pb0.997Te)(MnTe)0.03,523.0000003126531,-173.16000618339112,-173.04302680957815,83698.99780403891,78030.15542342188,1.5840000021926541,1.5790129590936768,0.8286324088554596,0.7789377869248049,0.0025096631854709924,0.0023785339438012545
GeSe0.7Te0.3,430.00000100875945,20.000001147707074,19.17264268963882,85074.99582435025,82440.13911164226,1.611699991542948,1.525156144473232,0.009079170584757816,0.010038978406689257,3.402999717251672e-05,3.445692420110836e-05
FeNb0.92Ti0.08Sb,500.00000031442823,167.99999442411988,169.06062776304125,199999.98277272662,190643.15000737968,9.399999758936396,9.150066618246468,0.3002553254186989,0.2955250644082101,0.005644799661267206,0.005752976480461735
In3.99Pb0.01Se3,404.9999957863132,-220.99999139407925,-232.93263889593862,10699.999917977522,10020.812938479607,0.9699999899297168,0.9499580780148694,0.21819842728557676,0.22899430811837126,0.000522598700541507,0.0005599581222661373
Zn0.9Cd0.1Sc0.02O1.03,773.0000063214842,-119.40000057889077,-128.4099952069545,39430.00026681886,38447.13840031616,3.8300001778441413,3.9322932622593263,0.1134530407071427,0.11858479159323226,0.0005621282763199987,0.0006191010294028123
YbCd1.2Zn0.8Sb2,650.0000025992803,141.20000109924177,144.1761305936434,72900.00225767383,65595.8282416927,1.253000005866735,1.2230666869001836,0.7700000379404843,0.8160211327684342,0.0014534393216702377,0.0015756388004172978
GeSe0.8Te0.2,728.0000095973685,68.83999989748997,69.61700756376372,57089.99893674814,59804.69186845973,1.7912999995679102,1.5107564024837694,0.10995242760767832,0.14819988610453358,0.00027054640334736634,0.00031709854878305386
Co0.97Ni0.03GeTe,775.9999976522336,-104.26000030209516,-113.96426352207027,80584.9973024284,82548.18066362578,4.473299900775267,4.287868050335133,0.15195792197179034,0.16217192244215153,0.0008759708628451928,0.000933413234456496
Sr0.11Ba0.18Co4Sb12.09,850.0000021245587,-166.0000091232421,-164.28354461411388,206817.99957687568,206931.81338160965,3.969999826892261,4.000532169695752,1.22020524823808,1.151067515198693,0.005699076475077958,0.0058765938141585915
Mg2.16(Si0.4Sn0.6)0.985Bi0.015,500.00000031442823,-179.39999404547905,-178.49381480550224,123332.99920892202,127442.00854864685,2.2710000187989445,2.244754975725613,0.8770000050087127,0.8660527719678612,0.003969393988270952,0.0039088323361698655
AgMo6Te8,400.00000319268224,6.109997799748214,1.147572861048694,169859.99179107315,183076.58221308322,3.9438000472937285,3.762875426760819,0.0007299999572175664,0.0007729858014091814,6.341230449726783e-06,7.3537065797905924e-06
BaZn2As2,722.9999958765917,283.9000092758192,280.1804784436805,3003.0000664042423,3261.1807673988733,0.921999996439847,0.8903887629746182,0.1897988138470992,0.21880816835404998,0.0002420394296041929,0.00026526958470531823
AgSn15.0BiTe17.0,500.00000031442823,122.99999932417865,130.03596114904724,121153.00512798445,102896.16578648913,2.089999990675116,1.9129384972359997,0.4384985088004077,0.4754287172079116,0.0018329236947058345,0.0019345673617707354
Sn0.965Pb0.01Cd0.025Se,672.999995995272,409.9299988161641,408.54977369543445,1761.9999344317637,1720.5090692176036,0.40500000495823885,0.43664848833151043,0.4920229392539869,0.465635985945466,0.00029609107600343993,0.00032548604335836594
BaCu3.96S3.0,400.00000319268224,68.00000017680097,62.89558703250863,23454.0000124622,27526.01134696086,0.7144000133608238,0.7387720246373397,0.06072300997724075,0.0690910831146823,0.00010845129837951301,0.00012980398952551408
(Cu3SnS4)0.875(Ga2Te3)0.125,527.0000001975229,116.66999933252187,118.62649227376636,68623.99967137529,61811.03590396498,1.9285999887513012,1.8133788586755706,0.25524831054441366,0.2636035437471372,0.0009341022646086792,0.0009264755391960856
Mg3Sb2,331.99999194542886,193.00000344206708,171.48342979184875,206.99996189513288,290.5088282958808,1.340000003402926,1.2734412252605116,0.001910373539015841,0.0024802096282463726,7.710543590991968e-06,9.824690139520225e-06
Cu2.2Sn0.8Sb0.2Se3.2,371.9999960759137,56.00000005264618,50.68904575178727,191449.98442302804,203234.84517196097,3.2699999908039232,3.3241593875479585,0.06830092680901602,0.06478251569117643,0.0006003871973457335,0.0005865800693459522
Sn0.91Mn0.09Te,331.000001877561,58.98000000161756,58.0536481192395,300000.00473217777,280816.680217155,3.9342001596453504,3.936683447528199,0.08780158584879103,0.07459583244203558,0.00104359209873356,0.0008948472785417134
Rb2Bi8Se12.909,329.9999906825473,-142.2999926848123,-151.07396228967895,15700.000061238374,16298.043471032863,0.8399999899983387,0.7596950525442836,0.12489472834210265,0.1549097210173542,0.0003179138492950105,0.00035377150801547226
Sn1.03Se0.15Te0.85,523.0000003126531,48.72000033320048,42.700189688987955,242609.02486483895,259506.14947264775,3.5283001724363143,3.5851413619798986,0.08536063726079746,0.08065504800855355,0.0005758660394324345,0.0005584917308285652
Ag3.7Mo9Se11,547.0000002820955,112.50000281556612,121.23124395485743,40699.9993374226,38311.06606458128,1.1439999938639376,1.0939306810639615,0.24499999787005194,0.2750440929186294,0.0005151093751014,0.0005786532171273093
Nd2.92Te4,972.9999847196168,-87.1000043308481,-97.30892013847387,104516.0002840116,102832.86463855518,2.5000000447268445,2.6796531833970616,0.3085971592478437,0.2949261823900264,0.0007929012419313381,0.0008196080546745211
Ba1.4Bi0.6CoRuO6,418.00000399504313,143.30000040096428,167.5902496303175,21940.000066772416,18876.11014316446,1.1677000071924686,1.0647131864407173,0.16127758264906994,0.18013024290754925,0.0004505354854328545,0.0004986426082744495
Pb0.995Zn0.02Te,419.0000046264839,-268.1999947074076,-273.82392720403357,40599.99903084484,35082.72628130254,1.6643000041272256,1.6355848034133207,0.7352346687729174,0.6558484886880802,0.0029204083443837145,0.0026549228121389213
Rb2Bi8Se12.9935,724.0000070716053,-262.40000613995664,-256.85189186854984,5420.00030592917,4459.090722746374,0.5300000159487916,0.5262064159288163,0.5097880424318784,0.3771526503128635,0.0003731873785231243,0.00028104351792144735
GeSe0.8Te0.2,320.0000054952855,14.830000630570787,7.961233958985439,108955.00207160659,101821.30213442868,2.0143999900832585,1.8716811800048003,0.00380656995966854,0.003883792620404228,2.396235353116579e-05,2.181286615278103e-05
FeVSb,500.00000031442823,-231.9999972404084,-209.05461751313385,72000.00286576737,96810.67526039989,7.219999991485109,7.390622958307609,0.2683745118003293,0.27646101598102646,0.0038753276667041823,0.004243760787950407
BiSbSe2.76Cl0.24,599.9999974361742,-221.99999832931036,-226.7503189066096,7350.00043101721,7796.728142144705,0.45000000034941856,0.43009527099693395,0.4829831848378323,0.5108847648360513,0.0003622374012563899,0.00038009396727074475
SnS,873.0000060841234,361.0000062808781,449.1361219939531,5699.999949858452,908.5747924168462,0.7289999845427754,0.7893377688909444,0.9113000315593928,0.2472199774705559,0.0007428297051984807,0.00019871182758934437
Sn0.98In0.02Se,372.9999967073545,391.00000301417225,388.7974002161191,35.000003035182736,58.76761082697708,0.7999999852132361,0.9251183141632195,0.002494826610649285,0.003230923790182528,5.350834702553461e-06,8.1919591093714e-06
Ag(Bi0.85Nb0.15)0.9Sb0.1Se2,525.9999995660822,-175.00000109910908,-172.81524340826144,12522.999991759943,15962.38897274639,0.6357701733217976,0.5980007799872192,0.3172999929453294,0.3762348071276685,0.00038351687314137835,0.00042972168540761656
As2Te3,422.9999965886741,40.589999891834935,62.725530938723985,865.9598966824592,815.0088531243724,0.6839999889739891,0.7237846593756707,0.0008823079232024148,0.0009086519034368674,1.426710622341628e-06,1.547580831717496e-06
Sn0.96Pb0.01Cd0.035Se,473.00000175178013,357.000002020358,367.0676010151991,3651.0001112471223,3095.3946376260046,0.506800001202023,0.5390506775174253,0.43428295420547963,0.4126101576115197,0.00046531629779135176,0.00048282253728996777
Rb2Bi8Se12.9805Cl0.0195,329.9999906825473,-112.69999637757019,-137.39464273866517,21028.99996077038,17950.761491284058,0.7999999852132361,0.7128232105288714,0.11017686324881996,0.1443892058615622,0.00026709542806009737,0.0003021509846426827
Ca5Ga1.9Zn0.1Sb6,624.0000020271797,143.39999757242677,147.84022419142389,26799.999995599537,25238.31420529569,1.1600000037519116,1.1035082473902338,0.305999992557372,0.3122681878730472,0.0005511034088915588,0.000588919620612425
AgBiSe2,400.00000319268224,-83.33000236984333,-169.30137743666631,36.00000587411575,7119.865027070108,0.4759999788208744,0.5757933315841607,0.00021006720978530773,0.1484789097538103,2.499800717105698e-07,0.00023429756499175955
Mo3Sb7I1.25,322.9999968260349,21.199999490812566,20.272112617136408,571799.962384315,566744.2435834896,4.703999872885008,4.788124525842562,0.017646197127479484,0.018972812236155105,0.0002569897907029104,0.0002779716683524043
Nb0.75Ta0.25CoSn0.9Sb0.1,430.00000100875945,-119.99999534786772,-114.88205382193277,116028.00245753246,118085.05083572211,4.48999992649076,4.685118305766496,0.16001010609166963,0.13654415594989855,0.0016708032119839488,0.001552083402425451
Sr0.11Ba0.18Co4Sb12.09,449.9999977922154,-123.00000441335882,-125.19151272041907,309721.97988132003,298173.9204667689,4.159999867464717,4.143421738721853,0.5068757085774187,0.4914626682795892,0.004685784452097233,0.004686505844246632
Cu3Sb0.998In0.002Se4,322.9999968260349,270.00000914576464,272.38261272255124,4254.999928557598,3939.6221187845667,2.40300004599332,2.428355640160258,0.04169422018459199,0.043526747500642025,0.0003101894936041478,0.00032373040725651263
SnTe0.2AgSbSe2,500.00000031442823,104.25000136586982,111.6038497081903,89262.00007583742,87894.65717288005,1.1999999976904063,1.217434674224239,0.46600000480102843,0.49990273730393286,0.0011080000183268765,0.0012458033094939899
(Cu0.002Pb0.998Te)(MnTe)0.03,822.9999956392309,-206.83999274812118,-195.30080637973919,37655.00039747109,43667.23988724409,1.2132999982022625,1.2114605140758734,1.0927563868232937,1.0814884233535538,0.001610985738964416,0.0017060817172769645
FeNb0.9Zr0.1Sb,899.9999914423054,225.29999969010976,226.32147945499798,105500.00396416537,91421.52334109407,7.116999647729261,6.713423612927006,0.6772053483081628,0.673033973692459,0.005355189982443772,0.005358317911410923
Ba8Cu5.04Si13.01Ge27.96,811.0000091890875,-124.20000569151483,-132.76381393843022,49199.99868094258,49677.55927753721,1.810000014633812,1.8714371183655765,0.34005610212558457,0.3474719232075158,0.0007589414996408511,0.0008571102023906165
ZrNiPb0.99Bi0.01,771.0000050586027,-188.570007628287,-185.5336156764604,117401.00244439358,128470.47778140566,6.46299976500669,6.545509353306883,0.49800902100191463,0.4802868613678762,0.004174620789188251,0.004032285622077073
Ag3.7Mo9Se11,447.00000117967954,93.600000294912,100.34140631896958,47100.00013456066,46799.26002190071,1.1619999925528148,1.1110769661942503,0.15873547557736517,0.1790236689047673,0.0004126412140720055,0.00046305234040736493
Cu2SnS3,523.0000003126531,389.9999960789412,397.1695027027984,190.00003025061216,230.35291693946462,1.2299999977068807,1.257384852573181,0.012287949075473611,0.01431008655237032,2.889900148761124e-05,3.608754573633549e-05
Gd2Se2.98,850.0000021245587,-205.79999868450727,-225.55831270608974,16918.000240540347,17929.261740905466,1.117000005224452,1.2127158752889815,0.5452623299407876,0.5719643980908978,0.0007165388897878929,0.000864197991774033
Ca0.05BaGd1.95NiO5,1133.9999913094239,260.28999322675617,246.65316146717444,118.83242529193512,142.91892891236085,1.3014999992788754,1.3351969366959993,0.007014855590187433,0.009343930644127555,8.051000065463304e-06,1.1119839826832104e-05
(Sn0.8Ge0.2)0.91Mn0.09Te,372.9999967073545,57.39999998458261,60.047474169427616,220163.98165692773,208875.20525608436,2.527559983032817,2.327979781524623,0.10704772726122531,0.09923467785841025,0.0007253875468389885,0.0006410377885567224
Cu1.85Se,602.9999993304965,44.420000155717204,47.62700439340331,274037.96788594243,275210.56993966206,3.696999935348175,3.620889126350545,0.08819333199749542,0.0945432721679381,0.0005407143513047188,0.0005967691872134857
Nb0.9Ta0.1CoSn0.9Sb0.1,530.0000001111754,-125.76999943913253,-125.19949605785311,121135.00426670973,124239.8825559319,4.809300211399317,4.812923167769526,0.21116297243621254,0.2186951349056354,0.0019161247136549127,0.0019915470856994603
Cu0.98Pd0.02FeS2,49.99998289629923,-62.750003342861696,-145.2994264804001,7134.000083412969,6721.442307154178,20.68000071547334,17.337961966741666,6.791726128253991e-05,9.347628059746797e-05,2.8090570509433116e-05,3.114721177617747e-05
Bi2Te2.01Se0.99,322.9999968260349,-148.6999995016444,-149.99325320515135,60000.00118356091,60760.18868153236,1.0529999915104542,1.0043390741622717,0.41999999086634054,0.452157617767733,0.0013349999754051634,0.0013781475708509244
GeSe0.85Te0.15,430.00000100875945,22.149999035160818,20.522328609632666,73881.00057538704,75437.20183244198,1.8932000000493374,1.7933601287656855,0.00823288740295686,0.00796317517976572,3.624767977389029e-05,3.161507514070597e-05
Bi0.92Ag0.08CuSeO,572.9999988735261,293.3999929790996,283.6842713218662,2020.0001660402504,1950.026223044846,0.4249999996610091,0.3880477014522088,0.23444300596864412,0.24902429456100572,0.00017388879881821172,0.00017214549154828947
Ag8Sn0.4Ga0.6Se6,709.9999982314346,-151.40001118264703,-136.67742205163094,18020.000121722656,16281.248276950999,0.288800013094648,0.3026181656192128,1.0154714953513426,0.9139801226689841,0.00041305371445661136,0.0003961796305024868
Zn0.9Cd0.1Sc0.04O1.06,972.9999847196168,-150.99999901639293,-161.7142013825832,25519.99996857303,27057.595700317706,3.2499999696355832,3.4060878469608795,0.17420637521604349,0.17907025705885457,0.0005818815213719734,0.0006396481270705132
YbCd1.1Zn0.9Sb2,449.9999977922154,102.40000086290455,108.95399217059685,108699.99595716364,94622.50436876058,1.5199999981503767,1.500433250469087,0.31000000407123557,0.35244037560379526,0.0011398021086242815,0.0012139100445303528
Ba8.02Cu5.04Si6Ge34.93,665.0000015073189,-124.69999741892826,-128.01548919548947,51999.99998391124,50175.44760122021,1.3999999995325034,1.3313908489247928,0.38408722832353237,0.4173612075233984,0.0008086046865663462,0.0008582135474988179
(SnTe)40Sb2Te3,322.9999968260349,35.43000055937016,33.74337230637642,392357.0252347097,399114.3596791694,5.534699866291347,5.452866350058452,0.028743000743794243,0.028464947559014922,0.0004925198176698138,0.0004896636649610301
Ca0.05BaGd1.95NiO5,938.9999843777764,244.84999556547208,216.20265795835584,95.06014866000251,125.9196173425703,1.4392999997475824,1.4162474233308264,0.0037180299971492905,0.004340884312652752,5.698999142394043e-06,6.851352249300786e-06
Sr0.16Yb0.03Co4Sb11.82,449.9999977922154,-145.00000436581493,-152.05377607728272,225454.97466442268,214286.4719161606,3.6299999882099656,3.495806429791912,0.5876270506414714,0.6006665746135048,0.004740191069294342,0.004786952980810869
Ge9Sb2Te12,525.000000255088,97.49999857881801,107.31074836697127,136364.0041347611,142227.66439145844,2.7575999761111905,2.6447496893086737,0.2467953612449879,0.2734881685211949,0.0012963102359671245,0.0014320213102569975
Cu22Sn10S32,299.99999286647017,44.627999848955156,38.8457492593655,246574.9962307107,273445.49417838146,3.514000069715307,3.5694501042950675,0.04192599793617864,0.03830884257429097,0.0004910931656206716,0.000457076527673914
Ca5In1.98Zn0.02Sb6,822.0000055713631,270.00000914576464,260.8990749121654,4702.000209567475,4809.131897514463,0.6549999922411074,0.6573686354675592,0.4301705548395383,0.4414105700101737,0.0003427758004742111,0.00036235400606193346
Eu(Zn0.7Cd0.3)2Sb2,599.9999974361742,214.79999731139617,215.92747936112556,33332.99959149817,29461.224080265223,1.1600000037519116,1.134403871852611,0.7954927154486947,0.792920020631047,0.001537952549552309,0.0015410838217660755
In4Se2.67Cl0.03,623.000001395739,-202.75001157863858,-201.563640675131,30450.999966857966,30884.524758697513,0.6120000017592506,0.6013195424046235,1.2742654348713005,1.2266002727510579,0.0012517663789662539,0.0012413141921333057
Ca14MgSb11,400.00000319268224,121.42999970645991,117.29972029323854,2620.000218993238,3086.6342367915795,0.6000000102401476,0.5520979679888987,0.025999999566574526,0.03551300179846131,3.863253901421858e-05,4.858165266322699e-05
NbCoSn,576.0000007678484,-214.29999893296082,-208.91446298035794,47549.999655829255,57900.88599188432,9.309999606836225,8.920508484278042,0.13510383108024124,0.15035270369810094,0.0021837094644708926,0.002372461830807407
(Cu3SnS4)0.85(Ga2Te3)0.15,429.00000037731866,102.01999987114505,98.70657143510448,49999.99998248531,46020.11182331098,1.632000000283063,1.5675988340754352,0.1367973816780613,0.1366693341182195,0.0005204040198492358,0.0005163447141021111
Ba8.04Cu4.9Si3.23Ge37.83,763.0000000070766,-142.9999904953528,-145.37766318725375,47799.99987114475,51216.42434969572,1.5299999978667262,1.5294071135082101,0.48299998525118204,0.4883396460730477,0.0009774621903629176,0.00102651425246092
Cu2.1Cd0.9SnSe4,599.9999974361742,148.00000247202482,149.23165533506642,21899.99997746927,19691.749795261323,0.7199999949474896,0.6871200380390953,0.39974798998856026,0.4038630234916715,0.00047969759951820994,0.000473898423288388
Cu5Sn2S6.65Cl0.35,299.99999286647017,41.47700004414162,41.11740205612209,168656.99482583348,172407.9120766108,2.8375000432542987,2.6953625913339327,0.03067640057140949,0.031797332253823536,0.0002901476471989504,0.000291558392562848
Sr14.5Ga29.2Ge56.3,564.0000011132389,-143.520011007564,-144.0591915296169,59948.99875506338,65771.12453034804,1.7999999796847235,1.7523393755616448,0.3869130698028082,0.42121129023701437,0.0012348288786666619,0.0013503703727861395
Mg3.5Gd0.04Sb2,400.00000319268224,-250.00000467254654,-247.89531516008157,14892.999798941524,14817.381108031354,0.9097999857633136,0.8798394176400842,0.40923829535150436,0.4076282577722766,0.0009308124866319254,0.0009236120636244896
AgBi0.98Pb0.02Se2.12,449.9999977922154,400.5999897590162,438.01183436809924,4150.000022237024,1639.0132646637612,0.6209999911837046,0.5619762686205312,0.48260396821995494,0.3003529273978094,0.0006659934997335174,0.0003928141103814389
Co0.99Ni0.01GeTe,477.9999996271975,-142.3400032935994,-143.9221364101977,48137.99868521695,49657.03283285727,5.11359976887313,4.777961278711095,0.09116814165851246,0.08665592968114265,0.0009753084155410168,0.0008838738375410401
Mo3Sb7I1.25,422.9999965886741,28.20000107662162,28.57644478714214,523599.9598111484,508802.26291270874,5.190000055774215,5.333534205403114,0.033936798231276585,0.03759361197282312,0.00041638766176216454,0.0004827365993308501
Ge0.55Pb0.45Te,372.9999967073545,63.3499999934035,54.31414280073781,63830.001373443796,62087.02305468856,2.1339999957744484,2.0855966900103713,0.04477467863474935,0.050160514426869994,0.00025616398707774686,0.00028672081279437127
BaBiTe3,523.9999996236472,-178.93001027465596,-185.3908078580079,9066.999769007418,8544.55407882339,0.42755999301995734,0.3967404678907997,0.35576576261544135,0.36987690720161326,0.00029028856716670735,0.00029036717740569943
Cu1.925Ag0.075SnSe3,700.0000024805998,165.15000166117616,176.38708914889222,8666.999668299824,8233.281644037908,0.5714000212644857,0.5593896095941243,0.2895901328735335,0.31283535050749767,0.0002363882816626514,0.0002633460795176939
CrSe3,724.9999971394732,159.1499952703961,149.35520335195932,21464.00000279808,22126.121469506394,1.8974999951828153,1.9179101522005757,0.20772088550295967,0.21412067399695048,0.000543655698219165,0.0005955097569944567
Ca5In1.9Zn0.1Sb6,722.0000058087238,177.69999595072943,181.36904391379989,17869.000034030552,16569.70774553373,0.8420000086537429,0.7910638541737531,0.47700001437927614,0.5311388165123961,0.0005642545962891956,0.0006060486268926774
Gd2.75Se4,750.0000023619194,-187.3200048293492,-188.92122751457654,4780.000211034189,6345.722842581501,0.7650000134619171,0.77815458510762,0.16443566681884306,0.18240608664164654,0.00016772437462656982,0.000188488175839381
MgAgSb0.98In0.02,449.9999977922154,175.08999639929567,187.13119380985384,64143.9986351296,54793.28295037683,1.3360699962569889,1.2203420539831902,0.6958899954086187,0.7284604731093387,0.002075000089479983,0.0020358647937835524
(Sn0.985In0.015Te)0.85(AgCl)0.15,822.9999956392309,132.46000176917724,124.73969182317933,122471.99445044427,107652.48008660121,2.1800000142775775,2.125809901741175,0.8112405487612305,0.8273425761636141,0.002148851105558625,0.0022632987823147837
Ge0.85In0.05Pb0.1Te,474.9999977328752,248.39999787915838,251.19760586029219,27913.000008541847,24110.684949501003,0.9533000045672823,0.8989954889831696,0.8581707353882488,0.8516178157235774,0.0017223036018989867,0.0016510252080390478
(Sn0.8Ge0.2)0.88Mn0.12Te,873.0000060841234,152.00000086244384,140.1738369937121,84786.004035029,81604.93372698981,1.6770000058655004,1.5422926766915561,1.0130000759038578,1.0712312180966397,0.0019588958194052355,0.00202858152260665
AgSn25.0BiTe27.0,299.99999286647017,45.99999949058221,45.56373651526637,254808.0105118133,236395.46436472525,3.410000153394885,3.269976766729103,0.04743463814656068,0.045234485287652955,0.0005391737272043723,0.0005051632653348686
Cu2Se,473.00000175178013,58.699999993446696,109.944196037067,241799.97885178085,74107.78629654355,2.732899930920579,1.1569363133805368,0.14420154183988884,0.35108558397452067,0.0008331678286332575,0.0009056495300137388
Nd2.78Te4,572.9999988735261,-106.0000039164517,-102.8854691793884,61349.998984614715,72577.7455347453,1.234000006234094,1.3122102852104633,0.31000000407123557,0.30142757836163103,0.0006999999996622089,0.0007231108500387832
Cu1.975S0.5Se0.5,474.9999977328752,103.0300006534213,115.95959970291291,14925.999926975004,16544.730373520724,0.7325999854071701,0.7036143579546434,0.10273005868608506,0.15532815960417265,0.00015844218310070814,0.0002423087445474915
Cu2.82Ag0.18SbSe4,448.00000181112034,408.00000351107934,398.86011528688283,5851.000003724611,6035.916607864515,0.9999999962392296,1.0049913311055216,0.4299999918619054,0.4575900849056531,0.0009739808435793321,0.0010544565910825877
Bi0.92Pb0.04Yb0.04CuSeO,449.9999977922154,161.84000429920192,158.37851136921455,13617.000134980288,13461.250193737224,0.6445999867685978,0.6166072666632835,0.24898626353016795,0.25730273807738063,0.00035665899030637573,0.0003562140752805896
Sr0.16Yb0.03Co4Sb11.82,850.0000021245587,-189.0000042707272,-195.27981489836847,152273.00823941134,151513.3693463009,3.6199998666862916,3.591094825202829,1.2771939264825998,1.2391438882890338,0.005439343437542918,0.005590168608597399
Sn1.03Se0.15Te0.85,722.9999958765917,129.85000221774348,124.1020520961402,85087.99584035983,94624.51621127552,2.244999947690172,2.21650714811456,0.46203425061762743,0.49745454102268866,0.0014346707469762446,0.001585919376235204
Bi2.0S2.91Se0.09,322.9999968260349,-460.9999887408366,-469.33510959087295,622.9999484255379,692.441021798194,0.8147000092457661,0.7544303992681132,0.05249219329087614,0.060620160456085856,0.00013240058752850975,0.00013727810084079235
CaTiO3,639.9999962848726,-264.00000784416466,-272.80323403268665,2450.000146229268,2566.036130957935,3.4600000695739586,3.420088159622325,0.03158477903207193,0.03377812858032292,0.00017075519787271146,0.0001740071849319352
Ag3.5Mo9Se11,447.00000117967954,89.59999896944245,96.36695460833951,48100.000056447905,47898.193840302876,1.1799999928892146,1.1573076274715204,0.14628055999609935,0.15974653268156078,0.00038615449931879897,0.00043295782903053274
Cu2Se0.96S0.04,303.00000532436536,88.82000048668147,92.8648523192575,121014.00084719315,117425.78300101375,0.8719999868309162,0.8355061905812543,0.3317288880724802,0.38975670240031174,0.0009546785368108838,0.0011163313024453107
Sr0.11Ba0.18Co4Sb12.09,550.0000001957478,-136.99999584477482,-138.0268174016226,271364.00922375586,258423.24395880563,4.000000040387505,3.919106143606349,0.7003192856312457,0.6958628624953073,0.005093230708299122,0.005169356422357639
Ag0.97Cr0.95Bi0.05Se2,752.9999936926688,188.3500028917883,188.53500499662022,6601.000269240361,7400.154102428797,0.464500021280709,0.44353887526587804,0.3796210096110865,0.43273722197835235,0.00023417524346715343,0.0002747307094892405
(Cu3SnS4)0.875(Ga2Te3)0.125,673.9999966267128,146.4599990706943,150.6274479637924,48829.00127457841,40179.654243213154,1.532999995166397,1.4053785161638868,0.4605042197257305,0.4640588382456841,0.0010474080078985463,0.0010044566007310646
Cu2Se0.96I0.04,350.00000331136266,106.39999925332356,114.70531173020538,47628.000927720146,41651.11545393941,0.4999999946552032,0.5747786840962654,0.37743628391110384,0.3505990730437227,0.0005391946842730295,0.0005650159244275438
Co0.99Ni0.01GeTe,393.9999994040377,-131.49000200961558,-132.45998924805423,52128.000925930064,53632.78141916028,6.113599893678572,5.52071399140646,0.058083890989051826,0.05519485683060437,0.0009012733215035079,0.0008121507247592382
Cu1.975S0.5Se0.5,672.999995995272,159.99999764328186,172.39592526056015,38020.00032709825,32457.722432248844,0.9000000069347781,0.8338491097170876,0.7278210794704648,0.8446866678311826,0.0009733120043153154,0.0010797400775670902
Bi0.92Pb0.04Yb0.04CuSeO,644.9999994420764,207.88999611495387,205.64241660262155,8225.000001640203,8217.582469690076,0.5071000215636353,0.48610383238857824,0.45213613742376063,0.4614951531195618,0.0003554701273120539,0.0003664436225226658
Ba8Cu5Si25Ge16,564.0000011132389,-91.00000554980463,-94.87741861990366,88699.99779900961,87416.78340978734,1.8950000001117626,1.8353238735828141,0.2186131550862544,0.22750897298658992,0.000734524702472145,0.0007554074880989992
Ag0.01Sn0.99Se0.65S0.35,813.000010451969,385.00000836359425,359.81631214345134,909.9999624483647,1101.4678575174914,0.18219999228905506,0.18628502108181663,0.6018732055524482,0.6468270626880838,0.00013488475552223315,0.0001587123990954509
AgBiSe2.0,674.9999972581536,-251.00001160777765,-239.18699676540786,4039.9999161466762,5041.256557139599,0.46000001634811744,0.4610698320412512,0.3734863609420957,0.4462095428339173,0.000254524036881582,0.00032287364885432676
MgAgSb0.985In0.015,350.00000331136266,164.5499951519971,172.097148857091,72071.99657303252,59464.13804909498,1.2294999969233407,1.1726303580375905,0.5555227351798266,0.5902485452850298,0.0019514721720281887,0.0020370182325031476
ZrNiSn0.98Bi0.02,303.00000532436536,-136.00000064974586,-143.7692085375273,42687.00023197251,52673.83845384231,9.719999289610586,9.269651897177123,0.02461216698282772,0.024275042695149542,0.0007895387703988944,0.000764252210015458
Bi1.92Nb0.08Te3,572.0000008829786,-112.20000465015676,-109.93831341488956,66666.99733554387,73762.29023488313,0.7630000118713972,0.7565754734804613,0.6291701469556618,0.7945731836246576,0.0008392602062319954,0.001151063155813299
In0.005Pb0.995Te0.999I0.001,533.0000000248277,-269.4000077257657,-281.7394062698897,14149.999927006762,13198.192901690467,1.3800000009744302,1.3637025042058,0.3999999976026297,0.3881674257290229,0.001032469999595965,0.0010036531240049478
ZrNiPb0.96Sn0.2Bi0.02,474.9999977328752,-110.9000003304372,-109.07414061805835,351120.0023938742,338449.7393330848,6.341500300844581,6.4905677664428,0.32345977105637674,0.29917067130256336,0.004318357845492659,0.004174526398970589
Hf0.7Ti0.3CoSb0.8Sn0.2,884.9999925342668,232.40000431748234,217.97789391924118,46299.99996126716,44588.0503020077,2.8630000124346435,2.9729812417150647,0.7729922628496749,0.69679412587121,0.0024700000105803695,0.0024502339774939382
La0.7Co4Sb12,572.9999988735261,-200.99999357188318,-201.70759903339024,35087.99969355201,38419.1383832718,4.459999873054276,4.641794262764208,0.18212538899556346,0.1842824426389956,0.001417590312078575,0.0014358758200353127
AgBi0.94Pb0.06Se2.12,400.00000319268224,328.99999567712183,330.0866453039165,6297.999771759131,5296.5481638232595,0.679999994157789,0.623261190709528,0.40100105932582725,0.41979874091577735,0.000681701815652745,0.0006586104883563324
Ag0.01Sn0.99Se0.65S0.35,517.9999997963425,401.69999973581076,367.2665269997321,326.00004332323954,447.9121893153387,0.18500001053867804,0.1830743086825191,0.14729204592938533,0.16918807886890588,5.26043013265708e-05,6.422047424501331e-05
CoGeTe,775.9999976522336,-79.14999733058974,-83.07012125596091,14893.99986855709,18653.782021474897,6.037899944498697,5.977098671645617,0.011991926772086214,0.017817871471517817,9.330676857179856e-05,0.00013390253769618023
Ge0.99Mn0.01Te,497.9999990515467,63.23000008571669,69.4883100007208,300000.00473217777,295857.14389950584,4.406399926352963,4.382063609346651,0.13555422084176802,0.15032444726527752,0.0011994098452133796,0.0013756792405256828
Mn2Cu3In3Te8,769.999993863589,340.0000015234509,333.73195457832276,1600.000169444053,1645.482123357171,0.6500000090464175,0.6373091669681484,0.2191064620949935,0.2250550877402966,0.00018495999753645332,0.00019090977359408778
Nb0.8Ta0.2CoSn0.9Sb0.1,430.00000100875945,-116.14999564969295,-114.47442226451,118155.99505475374,120501.22808190383,4.726800176497363,4.914381883037954,0.1450091603492293,0.13071756567948453,0.0015940216840904329,0.001562175111094472
Ge0.6Sb0.2Te0.8(AgSnSe2)0.2,623.000001395739,197.52000473439412,200.76475005304715,38710.00003391231,40778.689710890925,0.7860000125059426,0.7793723169210537,1.281999906110588,1.389954707990537,0.0015790000170790965,0.0018207454995240997
Cu2Se,550.0000001957478,125.6600003963942,123.50954757610873,64231.00181651045,70339.69931320152,1.1299999893446222,1.2415387490453615,0.49365444968419114,0.4673724074330037,0.0010142354463686094,0.0011042037447670484
Ag0.01Sn0.99Se0.65S0.35,418.00000399504313,359.4000045766701,306.07938777629704,462.99998737488846,737.2750148252818,0.23290001876742703,0.21457028412913323,0.10733563484378733,0.1439929921908946,5.980494977044441e-05,7.779493000271765e-05
Cu0.9Pd0.1FeS2,30.000012521775602,-30.529998961887976,-70.96774565221332,57255.00124325925,49966.734324936624,13.39999938101865,11.365150373557524,0.00011947676996791459,0.0002515342215005052,5.3366289635849474e-05,5.018401282344877e-05
In0.015Pb0.985Te0.994I0.006,637.0000049541233,-219.49999273143476,-231.8374893628171,22799.999983179958,19441.657362500788,1.3590000005010188,1.308519359851789,0.51490117356428,0.4922642177761394,0.0010030000046698745,0.001059937819491304
AgSb0.95Mn0.05Te2,341.9999982598365,73.90999957435062,78.84738266195188,79732.99748238293,71682.1293143471,1.0500000029567422,0.9772681311209125,0.14186697903536505,0.1392791299135025,0.00043555651006988604,0.00042912606262238357
Mg2.16(Si0.4Sn0.6)0.985Bi0.015,700.0000024805998,-213.70000416398386,-214.5790165762807,88199.99751382723,88281.92227043933,2.1900000007641873,2.1476009240140495,1.2874534185817639,1.2981189524428198,0.004027890442418653,0.0040918507634531975
Ge0.55Sb0.25Te0.8(AgSnSe2)0.2,623.000001395739,209.93999976599565,217.0849811076474,25805.999905343855,27823.613160021458,0.7404000095655416,0.7035076374862554,1.0900000140920307,1.2478351525376912,0.001280000054222092,0.0014900832973704572
Bi2Te2.55Se0.45,372.9999967073545,-145.2700055339152,-133.2625846848243,79275.00173681414,86964.47623042579,1.1730000048303877,1.1399202958810437,0.5299999740470357,0.5547682696089966,0.0016729699307263977,0.0016969960049616805
Mg2.16(Si0.4Sn0.6)0.98Bi0.02,700.0000024805998,-204.09999393873568,-203.60469829216584,94499.999045398,92982.9535356564,2.2729999618475683,2.17810132024218,1.2123175430635593,1.2275511271497872,0.0039365686815390445,0.003934824496566006
Ag(Bi0.9Nb0.1)0.9Sb0.1Se2,326.0000092839301,-87.99999648431353,-91.64613931306954,33332.99959149817,32622.07719420337,0.7024259192457187,0.7061544831332366,0.11980000144761241,0.11859727634525284,0.0002581307470448674,0.0002572975076985171
(PbTe)0.05(Ag2Te)0.95,599.9999974361742,-175.20000718223613,-170.2246738913179,20699.999844795275,21166.907834475183,0.4410000174556387,0.42861764094199173,0.8669999560021663,0.8614630741399737,0.0006353873228659354,0.0006338868020961081
Pb6Bi2Se9,322.9999968260349,-75.0000002479265,-74.09268220834511,33153.999814054885,32163.952850501242,1.1249999960710462,1.0787481715376308,0.05354371145479258,0.06052376333779744,0.00018649124561426843,0.00020332139648225687
BiSb(Se0.98Br0.02)3,700.0000024805998,-207.99999515769224,-217.8594168887384,13776.000012468745,14114.955168370934,0.5300000159487916,0.49239955025260723,0.7871762548969327,0.8509003566408853,0.0005960048615870228,0.0006308001013547053
(CaZn0.4Ag0.2Sb)0.87(LiZnSb)0.13,873.0000060841234,180.22999776499321,178.43884209004824,23933.000002461384,18334.168641558612,0.539300002911002,0.508795880833543,1.2584474900422469,1.285101760157113,0.0007774121236650093,0.0007859095938516563
Sn1.03Se0.12Te0.865Br0.015,523.0000003126531,56.00000005264618,54.277608025537575,243860.00956949673,242504.5419299714,3.0999999741777393,3.1906779337988733,0.14199999833929258,0.12478937432980867,0.000764744965682828,0.000771317139908308
Gd2.79Se4,350.00000331136266,-65.59999610580539,-59.83704787600802,19309.99994248337,17915.51675068226,1.2942999979477812,1.1001032173466658,0.02247103418695026,0.021467380374974764,8.309787915082592e-05,6.799515397279446e-05
Pb0.98Tl0.01Na0.01Te,301.0000040614839,125.2000016674647,103.31918237671697,91454.00203610807,111625.79016226533,2.294400005250313,2.2879763110092033,0.188065323236402,0.19602381514697303,0.00143354515087709,0.0015298541585920275
Cu2Se0.9S0.1,706.9999963371123,186.63000458182532,184.3062311578063,22925.000029660216,22489.389120101878,0.45599999691821713,0.474350769743765,1.2380176332422832,1.233839810157982,0.0007984950976353937,0.0008543345789413053
Cu1.875Ag0.125SnSe3,700.0000024805998,312.23998839172464,302.13634697640936,2846.9998078086032,3054.6808102517175,0.4191000072466869,0.39738108131514344,0.46360161583660536,0.5181761433962087,0.0002775648982835981,0.00030155410046245145
In4Se2.32Cl0.03,672.999995995272,-306.0999969201783,-305.86819836974036,11180.000275130227,12316.389695730026,0.7247000136155739,0.7308773692287127,0.9728037908630021,0.9968896924566915,0.0010475348165634882,0.0011030622050176588
GeSe0.95Te0.05,724.9999971394732,533.0000016400071,508.8068732325996,399.999932529344,365.6091177123073,0.6892999938849957,0.7035833540997278,0.11952097847952951,0.10121946753395603,0.00011363559858701121,0.0001016735246114332
Ag2Se1.01,312.00000044375935,-142.00000704052596,-137.79921010333754,118524.99467331743,121664.8538723345,1.020000008126653,1.0019988987684705,0.73103987177713,0.7282017491641076,0.002389937995967914,0.00233636122429026
Sr14.1Ga29.6Ge56.3,773.999996389352,-159.9999909922599,-164.98185183555069,31185.00031279715,35551.28059701902,1.8909999853040016,1.704644558979967,0.3267647097491444,0.42188161875951574,0.0007983360075984911,0.0009931691918513685
Li0.03Cu1.83Bi0.02Se,303.00000532436536,52.49999981006363,47.4018713427127,89654.99892809446,88040.5215366019,1.062499994616828,1.1713836693842574,0.07047041555722,0.06381460902006353,0.0002471115912267685,0.0002486562685237302
Cu2ZnSn0.925Ag0.075Se4,372.9999967073545,52.96000000651838,43.33416940801962,71429.00423009146,69722.529426262,3.31400006468024,3.4274163654370855,0.02254897737750884,0.019099994051060065,0.00020034131463832439,0.00017995548876746843
Ag8Sn0.6Ga0.4Se6,425.9999984829964,-510.9800014723375,-478.2175586632257,395.99992887098944,203.3821370243245,0.24899165751173175,0.23273182014385388,0.17690000000439235,0.09470888018002765,0.00010339581248854728,4.751901735095404e-05
Ti0.98Mn0.02NiSn0.98Sb0.02,497.9999990515467,-143.2999996200434,-141.5617687762053,158900.00659919938,160327.0669561187,5.60399974023744,5.541491485954503,0.2899662767987031,0.27936505151610713,0.0032629939681328474,0.003075977801182626
Pb0.995Zn0.02Te,824.9999969021123,-261.1400006888221,-265.5027067532942,27038.9999466434,26994.46676936384,1.1471999946764107,1.2035594192223829,1.3260264913816424,1.2692784893655735,0.0018439001758885686,0.0019294010508994696
Sn0.99Mn0.01Te,621.0000001328574,69.14000021702898,65.90107510357143,279290.0108865051,289120.1682640374,5.184199810478546,5.307156804761959,0.15992781002359305,0.14923880943717668,0.0013351011001360206,0.0013559045713092762
Cu11.6Gd0.4Sb4S13,326.99999935179795,81.30000040154017,83.35910124169109,102007.99511688374,97534.28699044618,1.300000001827918,1.3155379001780263,0.16959760856547143,0.17126126378533252,0.0006742412594290867,0.0007075488073227444
Ca0.05BaGd1.95NiO5,1230.000009673446,285.2900022447034,264.7659218003664,130.54365074579061,155.18748604732278,1.2812999969133632,1.3517155023844531,0.010199602974177798,0.012356309643002968,1.0625000936376645e-05,1.3763361881060803e-05
Al0.03Ge0.97Te,322.9999968260349,37.50000070965392,36.10482297401339,555357.0053954822,563995.5292660354,6.050999811079213,6.19346846656875,0.041687914660318674,0.03735853938282964,0.0007809707899721451,0.0007398352510907117
Ba0.5Cr5Se8,862.0000097018478,225.00000230562128,234.91777284114866,2265.000149740633,2088.6799889872163,0.8670330738746491,0.8763778496895173,0.11400000012430593,0.12986116551985868,0.0001146656270435584,0.0001356698759810792
GeSe0.95Te0.05,534.9999999672626,599.4800231410017,579.9495394815443,63.31800058618229,75.91582017595756,1.0630999943500796,1.1403966073736203,0.011451339309618782,0.011232397679022128,2.2754987219513182e-05,2.5858209380627445e-05
Zn2Cu3In3Te8,372.9999967073545,142.29999933583426,128.0512565021351,19206.999935212174,19381.847996003693,2.8099999984300896,2.6912638048059794,0.0516263994481095,0.05105153760729675,0.00038892811430419363,0.0003724994952140466
ZrNiPb0.98Bi0.02,474.9999977328752,-121.22000193041728,-110.91286759194855,305999.9816029669,319862.73488215404,8.590000129897563,8.615559827183267,0.2486396787512504,0.21592091850447517,0.004496452284186131,0.004148825019959519
Ge0.98Mn0.02Te,297.99999160358857,41.6000006741112,38.641202653072824,475258.0559021654,503004.62449304556,5.85030029662062,6.079484956701026,0.0418942315630556,0.03318087625625005,0.0008224624938410511,0.000686266699549813
(Sn0.8Ge0.2)0.85Mn0.15Te,773.0000063214842,133.99999930040673,133.96159122920747,100000.0016817545,88062.48976023162,1.4080000004306676,1.3826909310992155,0.9869999854920793,0.9925791807690084,0.0017955999491720846,0.0018772519446850244
TiZr0.005NiSn,625.9999980082748,-189.0000042707272,-191.3237894349483,71800.00167577666,72764.0997798423,2.6769999643838043,2.6658082349625998,0.6178000216351006,0.6259284284624023,0.0025647676023617745,0.0026708628576405913
Eu2Zn0.96Sb2,822.9999956392309,193.00000344206708,181.2194619987305,15339.999976380188,15021.068903822725,0.4999999946552032,0.4870360670738936,0.9405238780489328,0.9734453286686281,0.0005713996631017033,0.000595190639790427
Mg3.07Sb1.5Bi0.45Se0.05,400.00000319268224,-293.9000015358953,-295.34322458114116,8507.00026903646,8673.664197466964,0.7958000005082125,0.732918504897624,0.3693445165550976,0.4056080092740977,0.0007348109201152145,0.0007445225617580242
Ge0.6Sb0.2Te0.8(AgSnSe2)0.2,422.9999965886741,159.0000024482529,168.0268442663429,54194.001335296176,45216.03264101841,0.8364999985478281,0.7939166360030395,0.692819144600607,0.7515369790767764,0.0013700785290143638,0.001437434773796637
Bi0.84Pb0.08Yb0.08CuSeO,741.0000072425255,148.02999868841306,142.10171906241723,14120.000221401686,14197.002917964563,0.4670000214370091,0.452041228220061,0.49094801822473816,0.5463077720770488,0.00030940987419606994,0.00034978694945254587
Ag8SiSe6,297.99999160358857,-151.93999003844334,-164.4010875176281,68519.00355854315,54480.677272555346,0.6810999969017842,0.5779242867360882,0.6920868916762488,0.6095104402530679,0.0015818134869337364,0.0010971670872712562
BaBiTe3,474.00000238322093,-170.44999185019174,-179.33063293141973,9563.000009276488,8727.828865432411,0.43425000320878593,0.39879733246832316,0.30326805907459886,0.3269629576149579,0.00027783577219663794,0.00027953613251065185
Pb0.98Zn0.035Te,519.9999997387774,-253.53000168183928,-253.06419742296697,33400.00001033048,35004.50116975132,1.469400000140512,1.4263522015351966,0.759746125340934,0.746325441668036,0.002146867237895452,0.002128531878847261
Li0.03Cu1.82Bi0.03Se,303.00000532436536,51.749999744978744,50.85471174374582,101148.99444405288,86509.07436550676,1.116100013948376,1.0709589859805062,0.07353969482749338,0.07569379639744454,0.00027088334242055364,0.0002677877270816888
Cu2SnS3,322.9999968260349,283.00000538215164,289.6451710994216,132.0000239963016,208.4958605409265,2.3799999621255585,2.402313619875817,0.001434737307376963,0.002108099349305409,1.0571749677936968e-05,1.6294874091381266e-05
Ag8GeTe6,607.0000018562596,324.0000079617749,318.9382198225268,1760.0000883565112,1615.5305974106532,0.30850000927810334,0.2803599642439424,0.36799999227302566,0.3642044053941043,0.0001847577650467617,0.00017988746576662177
Ca5In1.98Zn0.02Sb6,722.0000058087238,290.0000069679607,282.463008537691,4612.000016174072,4466.850766374642,0.6655999844770999,0.6646866026694358,0.4050000018369504,0.4182421375435701,0.0003878691999320793,0.00039912801615069857
YbCd1.1Zn0.9Sb2,350.00000331136266,86.30000132461446,87.76652867104652,135370.0034840775,111833.22731060743,1.706999989443485,1.6205019549890445,0.19200000023902258,0.20815263429020925,0.0010081938070773246,0.0009659200400013664
(Cu0.002Pb0.998Te)(MnTe)0.03,523.0000003126531,-168.94999318754722,-175.21761748539947,84247.0015199089,76157.83345623758,1.6452999969663598,1.5456682617674475,0.7644118684313065,0.7954172986149387,0.0024047551016910355,0.0023892707164076973
GeSe0.75Te0.25,530.0000001111754,26.50999898304684,24.093067055293787,64552.0000468151,61254.01311731882,1.5146000017968269,1.456104831366819,0.015874755476876924,0.016564083160498382,4.536586187051757e-05,4.582951471899877e-05
Sr0.11Ba0.18Co4Sb12.09,650.0000025992803,-149.00000862633502,-151.64883302614288,242592.996952609,232996.23593116464,3.900000071813074,3.8397908733660824,0.8976345009688439,0.9055505733178093,0.00538580669392666,0.005598426376375958
Cu2Se0.88S0.12,371.9999960759137,142.29999933583426,135.49747381959781,36100.00026437515,40540.373459041824,0.28999998940234545,0.48517091722413,0.937695712339215,0.5542920236571658,0.0007309993729717814,0.0007379008822632481
ZrNiSn,375.9999986016768,-101.04000332948769,-101.34636390351918,36965.999960826535,43724.55445363237,4.220000002558432,3.9203745332998965,0.03362517216221814,0.036018522413654185,0.00037738890774394526,0.0003942514342664723
BaBiTe2.95Se0.05,597.0000008236384,-197.29999843605367,-198.3329248979981,7430.000041622147,7542.375907722603,0.41020001877886514,0.3856063660231758,0.42094142712250743,0.4514505556535558,0.00028922976379350257,0.00030967835961750903
CuGa0.97Mn0.03Te2,575.0000001364076,230.99999695619925,233.77258656663903,20782.999873452223,18983.15753936523,2.794000028836965,2.717666504623092,0.22823047618784684,0.21933524075118482,0.0011090016395262244,0.0011234195314936168
SnS0.91Se0.09,299.99999286647017,203.50000582078067,199.49474194971583,128083.99238770122,117578.22008029761,2.3000000282415214,2.58616067538985,0.6854999729532775,0.5413738735073969,0.005304246239030265,0.005117726748346632
SnS0.91Se0.09,422.9999965886741,242.4999945299418,247.3715913950259,73350.00020392722,66692.82063229661,1.7100000094590508,1.92436044780483,1.0538000060402797,0.8702882150575808,0.004270500061687457,0.004284200404508109
(Sn0.985In0.015Te)0.85(AgCl)0.15,523.0000003126531,84.19999908784143,84.31546984568342,249437.99629513486,246862.11233495036,3.3669999475653696,3.2404225644622846,0.27469159724562753,0.2856454635202356,0.0017684256111040087,0.0018065496545010113
Cr2Ge2Te6,320.0000054952855,573.7099977471365,545.8580118720892,46.87498904126605,54.982928986324126,0.9157000073187176,0.9087728931339685,0.005391663989579714,0.0065792808464224285,1.5428584044420488e-05,1.9686718944739924e-05
AgBi0.98Pb0.02Se2.12,400.00000319268224,453.94998054506567,467.03387226572283,1476.9999628472192,952.0618842910549,0.5699999749904495,0.5431057237930408,0.21359037147272805,0.19131927091717804,0.0003043662831884274,0.0002697287956265113
(Cu0.003Pb0.997Te)(MnTe)0.03,722.9999958765917,-171.0500100995729,-177.50345831640468,65654.99833336053,60878.62554718118,1.3707000002166616,1.3651962322323157,1.0132341798565245,0.9689720829057401,0.001920940734210964,0.0019304036001244883
ZrNiPb0.96Sn0.2Bi0.02,672.999995995272,-141.20000618842195,-143.4813387818173,258297.9877910649,253522.1189987465,5.950000034140367,6.095864693666896,0.5824900581529435,0.5629874189366952,0.005149800991967318,0.005137176837965462
Gd2Se2.94,449.9999977922154,-109.40000166779271,-118.46578573627792,30649.99994271402,30437.788474646124,1.7740000050553264,1.7475795189240138,0.09305163882059672,0.09650980643572314,0.00036683023564804313,0.0003718889882024405
Ca3.46Yb1.35Pr0.19Al2Sb6,623.000001395739,-142.9999904953528,-129.77561551626064,1379.9998722210883,1525.8124982218135,1.270000002437645,1.228514090710804,0.013843166540728324,0.010982681634520803,2.8219621271266998e-05,2.0074912120257397e-05
Al0.005Sb0.1Ge0.895Te,572.9999988735261,223.00000017536124,227.85790796478636,54698.999959025154,50564.98668337928,1.4243999998587982,1.4370774536304414,1.094237894156508,1.0833445321121515,0.002720126585603298,0.002879224757449904
Cu0.995Pd0.005FeS2,30.000012521775602,-419.85001681947443,-341.06729664614824,7.2699968565464435,191.05068909932484,49.999992648277484,23.213150968080264,7.689075054935629e-07,1.51518031087804e-05,1.2815119433590168e-06,9.479952402257964e-06
Cu2.94Ag0.06SbSe4,398.00000192980076,429.9999917233334,414.62882686701374,4923.000037398458,4869.381117544609,1.5400000017538713,1.492544175744527,0.23524970935865108,0.2420898777256096,0.0009102626841358203,0.000937807087160257
Mg3.5Gd0.04Sb2,599.9999974361742,-290.8499909496224,-292.09792747298906,12404.99999889282,12967.425990919774,0.7086999942570894,0.6811857319781058,0.8884310445162473,0.9112100826860847,0.0010493851053236438,0.0010683326203905707
Sn0.92Ge0.04As0.04Te,619.9999995014166,65.06000005374551,57.74769404970602,343209.96309611766,348310.49513815093,5.232599941952198,5.049173134849804,0.3819999928675045,0.26186032782213703,0.0014527404589996548,0.0021521040438062335
(SnTe)10Sb2Te3,322.9999968260349,74.74999929503963,73.61493307474788,192500.0128425789,201390.13181667804,2.3700000173591858,2.472951877938204,0.1465909991246819,0.13736006549051433,0.0010756057663642996,0.001042080419968605
Bi0.96Ag0.04CuSeO,623.000001395739,288.4000052637527,301.2049263018984,1946.9998433629005,1859.78973859779,0.5200000265385516,0.4789428433922744,0.19401761766566195,0.23051847920887375,0.0001619408685548205,0.00018410848757286237
Ba0.99K0.01Zn2As2,722.9999958765917,210.49000475439297,197.97983323039304,19048.000053851876,21022.80986291305,1.326199999755043,1.3332698897768653,0.46008873705051023,0.41967700804882024,0.0008439414619589168,0.0008011782919367785
Ag0.97Cr0.95Bi0.05Se2,703.0000043749221,162.71000023627914,173.47960461622128,8901.999802196959,8443.666311572608,0.46440000352276334,0.44647589339627175,0.3567625026838956,0.38403785029753446,0.00023567638863639874,0.00026133304584288525
Co0.95Ni0.05GeTe,326.99999935179795,-44.25999509530477,-43.772776707785816,171693.0001609117,165513.95129230787,6.250000247139038,5.574447070045257,0.017597182528447934,0.018026902060999564,0.0003363375890585911,0.0003112078142580957
Ag2.0Se0.6Te0.4,360.00000962577036,-113.00000550226076,-106.52537796082456,79266.00334127342,76040.52488627471,0.7370000121780224,0.692683117687583,0.49440041986671274,0.4935308215960304,0.001012147576791601,0.0009486232091208061
(Sn0.8Ge0.2)0.88Mn0.12Te,473.00000175178013,77.99999982166165,81.25808347743565,175900.00066761943,161699.93740582612,2.0640000205929208,1.9818473186076866,0.2452485719281484,0.2429189614987592,0.001070175584406517,0.0010344718188174953
Sr14.1Ga29.6Ge56.3,463.00000071915895,-140.50000837788144,-135.43528518810612,54449.99962258208,57246.707493279246,1.5100000028128076,1.480600163800054,0.3295752454096752,0.34166308994737093,0.0010748566090899973,0.0011305933492013762
Sn0.87Mn0.1Bi0.03Te,322.9999968260349,60.00000000231078,55.86406667285036,265499.99561115605,279924.60187452205,4.237000060483614,4.27582506320267,0.0728636808145008,0.06537281432683682,0.0009558000026885513,0.0008735902027620729
AgSn25.0BiTe27.0,500.00000031442823,92.99999965583399,92.25851197104069,149999.99979091305,147763.5301464658,2.8700000376984063,2.7597876439888323,0.22601916566778177,0.22621741682563498,0.0012973499555926507,0.001284234952374943
Bi1.9Nb0.1Te3,425.9999984829964,-112.52999825103345,-109.09499121700372,64706.001524934334,68179.71588567052,0.7773999852854624,0.7330164247524628,0.4489999214870636,0.5094804580222223,0.0008193721537609245,0.0009357863124028054
(Sn0.8Ge0.2)0.91Mn0.09Te,572.9999988735261,94.00000072096401,98.33294243803957,155977.00873841392,149058.68269714678,2.1099999866593993,1.9121601848452192,0.37427295556743156,0.40223300354371333,0.0013782127506976832,0.0014145445687232768
Ge0.87In0.05Pb0.08Te,474.9999977328752,227.56000033627328,227.0725001839037,39860.00013916439,35260.01737806486,1.1129999908253227,1.0219899333266722,0.880901951894074,0.9017972940347043,0.0020640924374894383,0.001996838979958994
Sn0.96Pb0.01Cd0.035Se,422.9999965886741,342.05000517449275,348.23993281478835,3888.9998686609197,3459.8110430522534,0.5738999878627181,0.5999143546251392,0.3353677402341553,0.32840950891116266,0.0004550060089749695,0.0004801986644304643
Al0.03Ge0.97Te,822.9999956392309,140.29999720557424,131.6107272888222,178570.9945539986,181630.9701603022,3.1979999705498168,3.19738164535277,0.8889999739918099,0.9335953623164334,0.0035150075707263426,0.003825870398076252
CoSb3.0,473.00000175178013,-104.99999698122065,-108.40532478431908,3125.0001596878383,3633.022149029401,5.1000000541989285,5.122786593839569,0.003195358129281751,0.00923746738713737,3.445312631394024e-05,0.00010197249647044969
Bi0.985Na0.015CuSeO,923.000016529016,317.9999898307927,303.5468852989841,4700.000069203055,4687.31828584675,0.4999999946552032,0.49766026048946327,0.9100000029311465,0.8928057928625293,0.00047528279939479157,0.0004920759087980581
Bi0.96Ag0.04CuSeO,473.00000175178013,275.2000029442386,259.6264839643701,1483.0000361690243,1667.0331575315763,0.5260000092636348,0.49079070372862854,0.1009981471310931,0.10933030614398931,0.00011231506610203595,0.00012003428178781106
Pb0.99Tl0.01Te,797.9999904167846,276.8000046484466,269.56127779295537,20540.999865866655,19903.806853095717,0.8707999830990868,0.8397825045565473,1.4422423961686248,1.4573536686943114,0.0015738153410606163,0.001619518945864781
Ag(Bi0.8Nb0.2)0.7Sb0.3Se2,525.9999995660822,-221.99999832931036,-224.36438111242398,4898.000144994553,5408.446558189234,0.5980816666365041,0.6052549730227181,0.21229999954595336,0.2392854116469766,0.00024139303446848784,0.00028158850275124216
Cu3ErTe3,500.00000031442823,56.200000082231526,53.890799917842806,215999.9824255824,221728.21513794392,2.1800000142775775,2.1351399370962842,0.1564731737037714,0.1580122038725739,0.0006822230328766517,0.00070275565564839
ZrNiPb0.92Sn0.6Bi0.02,303.00000532436536,-97.00000020038263,-102.95803536862343,333333.00334750203,316338.05603103794,5.900000133070028,6.090092579810218,0.16106916064666946,0.14734947641986215,0.0031363301622402214,0.00297748673414895
Ge0.55Pb0.45Te0.3Se0.7,720.9999946137101,290.6250083674296,281.87517661809886,6875.000086404858,7248.93657137663,0.6845000031541879,0.5989507172629164,0.7278466205388823,0.8044540133078917,0.0006910000032960506,0.000691456896600235
(Sn0.8Ge0.2)0.85Mn0.15Te,372.9999967073545,67.69999985726196,68.92823338643933,178999.99946826705,159953.0364376059,1.9750000108396726,1.8264549133697412,0.1565000005297617,0.14504439085528487,0.0008204089100343933,0.0007253629278429022
GeSe0.65Te0.35,677.9999991524759,40.00000043742843,45.517433158148904,89924.99795324355,83198.9801961082,1.8737999973781594,1.7352485969031097,0.05206032754704334,0.06161433540195199,0.00014387999854840154,0.00017269779014989167
Yb11Ca2BaMgSb11,400.00000319268224,81.76800007820688,91.94140324197849,23197.99997433603,19314.15876538401,0.6474000104611829,0.5857380900792797,0.09583068581638737,0.11209535894061826,0.0001551019596042081,0.00016524769797140356
Bi1.2Sb0.8Se2.88Cl0.12,700.0000024805998,-196.9999893113631,-214.34270978823292,11319.999695133783,11153.269080270029,0.6200000092570349,0.5952828698081056,0.496004034123702,0.5363130340045634,0.0004393178786793467,0.0004704880189022711
Cd2Cu3In3Te8,527.0000001975229,200.00000502787614,192.18360152761696,11000.000087589766,11132.871301653724,1.1399999874290092,1.1025858311412546,0.2034035082612215,0.18791092936808682,0.0004399999979235825,0.0004150635547328123
Ca5In1.98Zn0.02Sb6,421.9999959572333,263.70000537049606,271.1843842149137,5417.999967965765,4830.431244711424,0.9327999979950439,0.8815797128692184,0.16399999972568471,0.18249566028121325,0.0003767552041012954,0.0003856015259560581
(Cu0.005Pb0.995Te)(MnTe)0.03,422.9999965886741,-197.01999461575664,-181.86066996628983,74110.0029170287,78158.87942209924,1.6212999974347595,1.55260696688258,0.7505410232411505,0.6793153930791215,0.002876718901513104,0.002492859701532926
Zn0.9Cd0.1Sc0.03O1.045,572.9999988735261,-92.6999985553741,-101.39957049947665,43999.999218450284,43680.62553924024,4.929999822251391,4.794509030073034,0.0439460479523608,0.05077771486085824,0.0003781047615938382,0.00042236474725617707
AgBiSe2,525.000000255088,484.29999966403426,-200.2910497273357,446.9999580768783,3807.424798198747,0.5369999735806197,0.5009228856907593,0.10249943504896655,0.18075038875191754,0.00010484228403041792,0.0001826965552483957
Ag0.01Cr1.99Se3,404.9999957863132,119.58000213854515,118.62010560381913,34000.00006892107,32122.022579602417,1.6183000036899802,1.6409776284697726,0.12167238112379007,0.12034289658881578,0.00048617879781600866,0.0004974256521228174
Cu2.82Ag0.18SbSe4,572.9999988735261,378.0000067777852,374.7368176016191,7395.999570496574,6945.54664541268,0.7999999852132361,0.7808000203958163,0.7499999820745783,0.7459579535986754,0.00105677006550059,0.0010618975999522524
Ba8.02Cu4.98Si35Ge5.99,615.0000016259993,-84.30000134848407,-86.24726649087097,103622.99607750475,107351.10959516009,2.249999949411052,2.1927201398222014,0.20399999995911092,0.21055481262109696,0.0007363958099704478,0.0007644808843425177
Cu2ZnSnSe4,322.9999968260349,105.92000109010158,83.26748950958489,21008.000112675756,25105.042652421875,4.5670001613585605,4.819587085616142,0.016669100162328424,0.015556705442537795,0.00023568972216188945,0.00023849765450778903
AgCuTe0.6Se0.4,421.9999959572333,217.4999972521967,236.7477181438614,8835.000222786763,6303.667192676004,0.30490000593305927,0.3184141344161412,0.6705000240181794,0.5051930896405056,0.0004203000012955362,0.0003868202202457607
Ge0.55Pb0.45Te0.3Se0.7,299.99999286647017,258.1300073623583,236.93726370690945,4954.9997401606015,5102.046414453022,0.7881999935641657,0.7422313321551008,0.16290281662459347,0.17195487736029955,0.000427999999591469,0.0004168333689449845
Sn0.91Mn0.08Bi0.01Te,322.9999968260349,50.99999967989387,49.67664703323026,321999.9854110614,340782.4041438154,4.309999797076761,4.412624959729801,0.06276556931926576,0.060619600649130224,0.0008375220007873377,0.0008340064479170423
Sn1.03Se0.08Te0.92,422.9999965886741,26.169999794922845,26.227629512024862,387719.00803634437,420400.91598180495,5.427699855179043,5.344909696213383,0.020694222029444237,0.020859967349453116,0.00026553669002738313,0.0002763990074171224
Al0.01Sb0.1Ge0.89Te,372.9999967073545,181.9899949435412,179.8215091728165,48755.00054692884,42259.04851621021,1.4243999998587982,1.453482767234243,0.36540000642386017,0.34916038383554765,0.0016147831736649054,0.0014562753160805638
Rb2Bi8Se12.909,624.999997376834,-193.1999911339701,-203.98630182151322,7955.000034032198,8254.34151529111,0.6294000154851498,0.6027115239660575,0.2948544707631986,0.3277062568183258,0.00029693023366985836,0.0003302088898951829
Mg3Sb1.9Bi0.1,564.9999991037864,364.00000360616707,360.5251151055735,689.9999242647372,1003.663671920865,0.770000010510771,0.7628369064398953,0.06708255096162022,0.09202285594204247,9.142223457393519e-05,0.00012971584822837702
Ge0.55Pb0.45Te0.5Se0.5,720.9999946137101,273.1299939888032,275.9349395962551,12000.000284137253,10271.648867942635,0.45550001419838104,0.43964981369033984,1.554999998107607,1.4505156308271163,0.0008951999530445536,0.000880066624125765
(SnTe)40Sb2Te3,672.999995995272,110.42999973023183,110.16099647931082,143566.9940988276,141985.4398999939,3.15839998862424,3.0620111106940344,0.3730582934248352,0.428925656785882,0.0017507686547877101,0.002007827956260463
Ti0.97Mn0.03NiSn0.97Sb0.03,598.0000014550791,-140.76000689378495,-139.87035785837745,139734.9931497732,147200.18676505578,5.396000081560361,5.105152405559928,0.30682656059235414,0.3351061266368852,0.0027686223379271876,0.0028348526042352106
As2Te3,523.0000003126531,5.9399996732114815,33.70840998449614,1637.8898522638067,1409.8236110936223,0.6839999889739891,0.7473659507968526,4.418790210608002e-05,0.0018841923449345183,5.77906352162037e-08,2.539570282263519e-06
Cu1.95In0.05Se,373.9999973387952,218.90999552547441,223.7710379488626,12162.000103336331,10309.293921475588,1.1999999976904063,1.258449298520436,0.19999999986366263,0.1817805982472587,0.0006301999948674169,0.0006189236259251873
Li0.03Cu1.85Se,501.99999893641655,37.92000056999842,41.446770491236485,281731.0261341061,242524.23465722473,2.604500020754977,2.7772448945802375,0.07808194836645274,0.08268848253831326,0.0004051084471769223,0.0004483483478905153
Pb0.98Tl0.01Na0.01Te,797.9999904167846,246.4099984010951,239.72862590052134,33233.000383824896,31644.870552387816,0.8539000121131558,0.8523279071986082,1.8857410882988408,1.8064664959111807,0.002017837653852172,0.0020486484539267926
Ba0.98K0.02Zn2As2,722.9999958765917,148.00000247202482,151.22000531473338,49999.99998248531,44162.42661219448,1.6660000000411297,1.6633489246260678,0.4752878535511616,0.4593342056057243,0.0010951999948424474,0.0010968395186353092
Ge0.87In0.05Pb0.08Te,324.9999980889164,162.02000507793542,167.9288722797442,52752.00025568532,43974.972245231926,1.1600000037519116,1.0618581111917211,0.38797304897499185,0.38746263437948414,0.0013847653744587793,0.001326731509658816
Ba8.02Cu4.98Si35Ge5.99,713.000000125757,-94.63000560066092,-101.54827189938788,90500.00149786146,93871.57846563769,2.289999989055581,2.275897934747819,0.25600000185064015,0.27450179812584996,0.0008104127377888602,0.0008940005842557123
Sb2Si2Te6,372.9999967073545,139.79999960805975,144.3597767051317,30274.99980516144,26098.21881286108,0.8607999927823402,0.8250392044610739,0.2563923529552064,0.24492326073741336,0.0005916958115711935,0.0006030663336236561
Bi0.9Ag0.1CuSeO,672.999995995272,317.39999506181573,320.3130679306905,2105.9999973926,1918.2891254754506,0.48400001421707567,0.4431887319755328,0.2950135155965354,0.3256905620282077,0.00021216426084943107,0.0002217644459356109
Mg2.16(Si0.4Sn0.6)0.97Bi0.03,700.0000024805998,-198.5999910155711,-198.83216525247656,105555.00577269838,101027.97805664485,2.278999967830155,2.2098471400442525,1.278765922406952,1.2708297894034257,0.004163295851934141,0.004183118348860259
Zn0.9Cd0.1Sc0.01O1.015,572.9999988735261,-101.00000446090269,-101.02362574754576,49000.0014703981,47656.91299453404,4.939999870377947,4.902216628493766,0.05797843762700805,0.055495038923682835,0.0004998490001570729,0.0004682805475855786
Cu2Se0.5S0.5,425.9999984829964,52.970000090545945,53.80809459656146,148286.00634901397,142280.63662625005,1.6160000089451492,1.4238465370996618,0.10968022618233146,0.1163102110337003,0.0004160639565545806,0.000406257530016446
MgAgSb0.985In0.015,500.00000031442823,183.09000492033582,192.98005683868408,77837.99977100086,60345.327356215144,1.449200000719777,1.3086486337043894,0.9002489071802291,0.9175313843479554,0.002609281343941488,0.0024730092860950964
Cr2Ge2Te6,416.00000273216165,514.4300073954823,506.53171598551353,218.74998345329024,193.91938411072266,0.8290000087483363,0.8226950290672274,0.029049553667585208,0.02948797144359374,5.7889614655758976e-05,6.045167955363324e-05
Ca0.99Yb4.01Al2Sb5.84Ge0.16,613.0000003631177,183.639998168531,173.72410606534103,3083.999914811562,3033.0339367978977,0.9999999962392296,0.9493508402235787,0.06375429226659257,0.06424580988609822,0.0001040037306041623,0.00010058956310057642
YbCd1.4Zn0.6Sb2,350.00000331136266,125.44999753117139,127.75172872573097,75925.9962699711,65923.21965550352,1.6699999911745915,1.560045890278869,0.2504283132618248,0.2692762879196495,0.0011949007901733617,0.0012275646177887227
AgCuTe0.9Se0.1,623.000001395739,213.99999645929216,221.83851850032448,21649.99993041714,19389.78872129789,0.554000024368501,0.4995069209453018,1.1149714604612075,1.1814774493872175,0.000991483407880216,0.0009913588080030366
Ca5In1.9Zn0.1Sb6,421.9999959572333,143.99999821150476,146.4992993972538,20460.000040741732,17375.47435136383,1.1083999943714737,1.0301941778312078,0.1500000009240216,0.16589187755668622,0.000424258558603066,0.00041632375366664316
(Sn0.8Ge0.2)0.88Mn0.12Te,372.9999967073545,60.89999995200417,62.966587372287414,204200.0244189425,185911.72483468446,2.485999997444613,2.1997147902814986,0.1136313138952105,0.10648207130468368,0.0007573389981312567,0.0006523103181782049
ZrNiPb,672.999995995272,-198.7999970986982,-190.87071155516202,29602.99982622953,38291.62642985307,5.469999930382319,5.845674615763151,0.14499999884379636,0.13408022382098275,0.0011800000495880627,0.0011486318255035787
FeNb0.92Zr0.08Sb,299.99999286647017,122.81600100662706,121.70352880529389,330232.99472605775,310290.6861554605,13.270000629062627,12.748421451651748,0.1126109678958543,0.111126073191772,0.004981158184166015,0.004943896471165193
BaCu4.0S3.0,299.99999286647017,65.40000034251345,54.62529924733079,15464.000042487454,20377.998971214976,0.7000000085242839,0.7146914276293115,0.02834657194352096,0.03367573497965528,6.614200588019885e-05,7.721429193578494e-05
GeSe,672.999995995272,688.3999851880789,663.9975524574742,114.97999840254074,140.30284905074808,0.9854000029706151,1.134361207162502,0.03721401366116144,0.04019461539759834,5.4488395168013435e-05,6.961610201461291e-05
Mg2Zn1.04Sb2,473.00000175178013,131.5799973098022,165.39919919113947,1391.000084841934,1503.8928014238131,0.6443999861830354,0.6078378926309108,0.017677160836829266,0.027207428460867572,2.4082796324787443e-05,3.6770964018117986e-05
SnS0.88Se0.12,299.99999286647017,183.999999725998,163.082058981312,102723.99827930499,104653.75266716529,2.3700000173591858,2.6123002691821275,0.4402308381185626,0.3880300199668738,0.003477823667798333,0.0033617769333171765
Yb13.6Ce0.363Mn0.99Sb11.05,473.00000175178013,87.93999896235695,95.61529990851992,37828.00018929089,36363.25974903985,0.8739999838527547,0.8239624285739635,0.1583200838573763,0.18598665482424098,0.0002925407110204395,0.0003281590990993211
Ag0.01Cr1.99Se3,724.9999971394732,159.2899971805446,152.62319427078796,22785.999980265333,22917.854711086296,1.7499999911598063,1.7456341041260959,0.2395218161277822,0.24966073439196523,0.0005781561040317651,0.0006251599771829901
Cr1.99Fe0.01Ge2Te6,811.9999992569553,264.4300111376268,264.36821071372566,3820.312401028734,3396.612223435,0.6415999990016101,0.6103400704348897,0.3380741828487312,0.34239847139385926,0.00026712857037171605,0.0002642334944206427
YbCd1.4Zn0.6Sb2,650.0000025992803,178.16000054975999,179.87928270739434,49999.99998248531,45835.20453249624,1.2439000006288112,1.1928157708482692,0.860000001216409,0.8709095966396484,0.0015870493313560516,0.0016473399444495516
Ag3.5Mo9Se11,644.9999994420764,123.69999713471913,131.50568183045291,36400.00022880644,33802.265766824225,1.1240000041702671,1.1365669637219618,0.31962017852352415,0.3462823576145857,0.0005569815179307745,0.0006278901534269716
Ge0.9Mn0.05Sb0.05Te,773.0000063214842,200.65000131763486,206.24228222937532,73195.99724773553,69586.94144170902,1.7000000001696982,1.6166156400198466,1.3399737181884428,1.4777312230961097,0.0029469017679908277,0.0033343036844464134
Mg0.97Li0.03Ge0.9Si0.1,299.99999286647017,173.48999469508766,168.68981347943196,44768.99919732858,38317.92364692771,4.917999864630501,5.154270051686459,0.08219757786816835,0.07337544903483972,0.001347492285368652,0.0012302279297556021
Ta0.84Ti0.16FeSb,469.99999985745785,142.00000195134578,143.31161733095104,258200.02245389114,256252.80904710604,4.7399998218356325,4.72018575922831,0.5162409600723826,0.5190500200097262,0.00520634523475795,0.005630215178175221
Ba8.07Cu4.89Si41.03,665.0000015073189,-82.59999660271251,-88.18538601581503,115320.00068250137,123625.60078435465,2.7230000395612186,2.7594470163343385,0.19214926650239358,0.2176843052391993,0.0007868006718550416,0.0008942420059236674
Ti0.98Mn0.02NiSn0.98Sb0.02,871.0000048212419,-144.30000655527445,-154.61607518754806,149669.99847749335,147164.40285974139,5.852000148256315,5.840480319266347,0.46999999093564787,0.48808536665513685,0.0031165021053456165,0.0034151713812772115
Sr0.21Co4Sb12.25,850.0000021245587,-193.00000853124726,-199.34312232865966,122273.00601996241,122702.608895669,3.799999806783527,3.752201125032379,1.0187802844780194,1.0011961171139747,0.004554547312654408,0.004603990093361283
Cu2.1Cd0.9SnSe4,700.0000024805998,156.70000293350438,161.4765511223149,18959.9999374066,16761.968437297153,0.4999999946552032,0.5298210150322128,0.6517849903553532,0.6258333824017882,0.0004655607156242154,0.00047657825813791655
AgMo6Te8,700.0000024805998,25.530000287259845,24.83672667747723,170068.99478742993,173888.80440679583,4.398299897711217,4.467807259434909,0.0175999995047963,0.02036437732191503,0.00011084772522285943,0.0001283132886168457
Sn0.95Mn0.05Te,331.99999194542886,43.7500000290902,39.577140370345155,471006.033096156,474724.0047313867,5.657899879819273,5.922058954939316,0.05290118393208359,0.043040154464185125,0.0009015349255001904,0.0007806640735022351
Pb0.98Tl0.01Na0.01Te,695.9999999548368,237.90999815264155,232.7426186356261,37585.000281941895,36782.46603988939,1.0280000056600562,0.9766986495811657,1.440310409667931,1.535674497057512,0.0021273548807478246,0.002237800836376378
Yb8Ca5BaMgSb11,700.0000024805998,164.99999709883087,167.60778949226818,13499.999596179274,13736.425397893112,0.6080000057955356,0.587964552423078,0.42315172475688095,0.5008012907614554,0.00036753749631358065,0.0004350219651517389
Mg1.98Li0.02Zn0.98Sb2,773.0000063214842,157.67000191214512,155.8605432621124,38299.99987141,37557.770249050576,1.0065999924788398,0.9858255216933721,0.7311719020899087,0.7511923602575116,0.0009521314656721095,0.0009863484166663813
Mg3.5Ho0.03Sb2,500.00000031442823,-258.1999957963095,-255.10192082260284,13030.000104904613,13957.106244199747,0.9213000092371039,0.88870050430668,0.4714393646169492,0.4977772358517327,0.0008686741450443133,0.0009179267694581769
Mg2.16(Si0.4Sn0.6)0.98Bi0.02,400.00000319268224,-144.79999828268788,-143.10605148120453,154100.00662323827,159738.33151739865,2.5199999638644104,2.428354507169559,0.5128604359968344,0.511673362333806,0.003231021010926326,0.0031798998449018784
ZrNiSn0.98Bi0.02,474.9999977328752,-178.49999015181152,-174.59174731097454,45700.00007344614,56268.25017381087,7.837399705346238,7.710532999181997,0.08824990392556047,0.09146776869623255,0.0014561047892138516,0.0014825795568676108
Ag0.4Sb1.1Pb19.6Te18.8,473.00000175178013,-17.59999781047413,-19.507099721446515,17208.000053710046,25026.526278822854,1.4559999997530615,1.761610097078643,0.0017316315615397099,0.0018314328445033128,5.330350692175832e-06,6.990733118081793e-06
CoAsSb,500.00000031442823,-130.81499908936493,-139.9381692657584,34703.99983426876,36551.63851501106,3.0340000604993653,3.2505742089907788,0.09786988094442929,0.10513122517499957,0.0005938744268919146,0.0006643251852216375
SnAgSbSe2,599.9999974361742,60.00000000231078,67.04161372557118,284999.96589836787,255551.8888053374,5.1450000944670515,4.743912400492454,0.11965014611851167,0.1511034201449251,0.0010259999841217649,0.0011469196383974223
YbCd1.8Zn0.2Sb3,449.9999977922154,165.1000001403944,169.80069488337938,54812.9991829743,47865.17659842833,1.5749999998967443,1.5023851968851807,0.4268837937290982,0.4550926745173409,0.0014940932455221147,0.0015495940362730627
Mg2.16(Si0.4Sn0.6)0.985Bi0.015,799.9999916796662,-224.47999862279238,-221.38403688546526,74610.00180446447,83103.86167878332,2.2659999858419684,2.256131516054942,1.3273406727879138,1.3557659736339798,0.0037799996530727895,0.004069561224766124
Ag(Bi0.8Nb0.2)0.7Sb0.3Se2,377.9999998645583,-183.99999307497606,-177.7866085108669,10000.000036017953,10381.330291341012,0.886258190590051,0.7798001434232456,0.14439999933483164,0.1442988486672505,0.0003385600001106632,0.00030598330502705127
GeSe0.75Te0.25,630.0000005340378,35.69000054279891,31.795047610749197,60820.9983518223,61862.86822714093,1.5242999988863053,1.4794335276836914,0.0320196598804651,0.034968913109154474,7.747234023006819e-05,8.843837133633788e-05
In0.015Pb0.985Te0.994I0.006,427.9999997458779,-212.4999911456257,-223.17833893457544,27699.999948007386,27217.882025790957,1.5920000079682295,1.5189804477846836,0.33627791507463956,0.35145578302404656,0.001250828120269711,0.0012829691782301955
SnTe0.2AgSbSe2,400.00000319268224,83.58500034056931,83.6145416241258,106710.99924385424,108547.65959483123,1.270000002437645,1.2941166669056825,0.28399999517005137,0.28686013215781,0.0008919999957873947,0.0009396352825197771
Cu26Ti2Sb4Ge2S32,596.0000001921976,180.9299955755337,179.15648542435838,36305.999752526994,36712.14643158318,0.9432999903952278,0.9260181721348746,0.7509240217168196,0.7748038770115908,0.0011885010851727222,0.0012534645527075739
Ge0.87Mn0.05Sb0.08Te,698.0000012177184,210.0000039389742,210.47107954859342,76289.00357809765,71465.86559904779,1.4890000022863177,1.53838092506369,1.5771072841776903,1.5348030544396478,0.0033643445947014053,0.0036284023972833214
Sn0.98Ce0.02Te,322.9999968260349,24.859998693107578,25.052987070424045,462024.9942692949,472929.07632452104,4.9999998648938355,4.6094416373474285,0.018445916240294492,0.018795382277128465,0.00028554051182852117,0.00028239174621955685
Eu(Zn0.7Cd0.3)2Sb2,449.9999977922154,187.60000356046606,194.42258721200557,44269.999561214456,36849.293832522766,1.4090000002688992,1.3818809493031625,0.49759579637622964,0.5068382631633404,0.0015580277958503915,0.0015778326838932657
Bi0.985Na0.015CuSeO,299.99999286647017,253.50000037627092,237.83027044012007,12500.000317186346,10521.57667195892,0.8100000155288248,0.7659576442258338,0.29751041358724045,0.26625665812241656,0.0008032781418967835,0.0007242870523831729
Ge0.55Pb0.45Te,670.9999947323905,112.4199992082951,115.88639954276397,41667.001156793485,43015.86531416546,1.7700000186428868,1.7801498938544564,0.20700000114107375,0.22895921860519894,0.000526598229967553,0.0006439175901386494
Cu2Se,299.99999286647017,91.99999859070397,87.9829475567218,99585.9965518077,104789.94951172099,0.8799999850306269,0.872394898198048,0.28735087956430755,0.2927931865890376,0.0008428958918300874,0.0008732444785492598
Cu5.133Sn1.866S6.65Cl0.35,667.0000027702004,115.06000084621812,119.12991214019557,68485.00306381533,62672.2338003768,1.4374999997448055,1.3407646326497775,0.42068999577210614,0.44882682031198595,0.0009066594583846506,0.0009335401379069054
Mg3.07Sb1.5Bi0.48Se0.02,599.9999974361742,-298.47999526099875,-295.81196389054077,12052.999862561019,13519.649554759942,0.6708299904555121,0.6446936936559893,0.9604270925693132,1.0070556924820746,0.0010738054989643617,0.001113061490857521
Hf0.7Ti0.3CoSb0.8Sn0.2,779.0000101101288,221.6999958556417,216.81907727008314,46799.99926934038,42813.419234860085,2.849999956406189,2.9298936957420603,0.6300000034242094,0.5969942810313165,0.0022920000629205526,0.0023295880912569543
Gd2.75Se4,449.9999977922154,-122.10000051969126,-122.51531016929329,7609.999655305489,7549.2664913090775,0.8376999825507271,0.7777576989227336,0.06094526457937578,0.05770709022512342,0.00011345299791049699,9.814407202153685e-05
(SnTe)20Sb2Te3,523.0000003126531,87.4099992783532,89.62747104237727,186370.00628841805,177914.2826829888,3.4199998653191637,3.3081274672085246,0.21775785376729823,0.2310870051641632,0.0014239614525040421,0.001488810708693965
Tl4SnTe3,372.9999967073545,124.29999777379714,116.4637826824792,23699.999992955105,26999.749518517503,0.46400000348152926,0.4405471751400079,0.2860000056069151,0.3560997334829197,0.0003634999970557635,0.0004393461584654449
Cu3P0.9Ge0.1S4,500.00000031442823,176.99999814018895,164.48766641900102,7940.000300387076,7744.7928137740155,0.6748000065026614,0.6578779656512111,0.1843155452237697,0.16584524859770255,0.0002487522644532779,0.00023331141512145765
Eu2ZnSb2,822.9999956392309,220.00000285007224,242.00948888583235,6599.999675347993,6233.700175311432,0.4699999923661433,0.45322916501006666,0.5593598389611812,0.6687259956045467,0.00031944000609756347,0.00038520162514476495
Bi0.8Ba0.2CuSeO,824.9999969021123,219.1399978249897,200.4571097969858,10000.000036017953,10209.781379757449,0.6881999838078603,0.6633848886420842,0.6785091281239376,0.6760495921818903,0.0005660000028493564,0.0005753361485577403
Bi0.96Ag0.04CuSeO,873.0000060841234,342.99999884873995,319.2545008673403,2734.999851410058,2884.5103646343705,0.4659999762007257,0.4516300986323675,0.6028008913065998,0.616130782952637,0.0003217700133960637,0.0003262327821270986
Cu1.85Se,301.0000040614839,25.579998872991084,28.948641479549764,493268.96526366944,379746.85249594564,2.8805999755612026,3.0122570992556112,0.03372628039352769,0.02955801469249449,0.000322763857137198,0.0002785703700467408
Li0.03Cu1.85Se,399.0000025612415,42.20999956281019,37.312461253641246,167307.9985373562,191787.28375037093,2.313400016290953,2.466888166847903,0.051412600373157896,0.04938835470848747,0.00029809001019871664,0.0003008750753419086
CuAgTe0.5Se0.5,383.00000302176215,129.78999804476493,160.95010871955014,8909.999798248502,6889.954066975044,0.3910000177636595,0.35373589277947914,0.14702195239535595,0.18343045760811805,0.0001500929016927696,0.00018027951418858308
LiGe3.5Sb2Te7,523.0000003126531,240.99999586729732,249.4395575552943,34400.00024425298,29789.302289685533,0.9469999942564078,0.9475901314221491,1.0399999348272229,1.0376736536885804,0.0019979863079840642,0.0019458645157709054
Ba8Cu5.18Si9.98Ge30.85,809.000007926206,-135.49999718213033,-147.96609598741347,41599.99908136761,44718.528088845116,1.6400000024040817,1.7007701386607939,0.3767702482939004,0.41200110219173713,0.0007637863956290749,0.0009283242358612625
GeSe0.95Te0.05,777.9999989151152,470.61998744109604,472.52185322192787,800.0000709877548,662.0987875554906,0.631100005681058,0.6424382923215408,0.2184299390667025,0.1896840096313528,0.0001771865419612975,0.00015791204164127223
Sn0.97Pb0.01Cd0.025Se,299.99999286647017,314.2400022621868,311.930915831006,2095.00006530901,2373.588271683963,1.1303999864442045,1.1456014677880098,0.05490299627251374,0.06243276010586416,0.0002068744967543415,0.00027030913244453824
Ag2.0Se0.6Te0.4,374.999997970236,-114.99999589231868,-107.65564243845378,78989.99760257035,76042.21471745752,0.7519999819248457,0.6961365433317998,0.5209322288391017,0.5146767354305541,0.0010446427651462638,0.0009603082837041491
SnTe0.2AgSbSe2,299.99999286647017,63.99999995197538,63.974466846795124,125000.004823832,117296.21189262386,1.2850000010129374,1.3001391927392272,0.13099999878641205,0.14149038197008768,0.0005599999976835825,0.0006146544925338442
Bi2Te2.1Se0.9,322.9999968260349,-151.49999074380636,-151.369604059185,65611.99893953324,67213.5802410708,1.1489999948666902,1.080697650779572,0.4519999952637218,0.46304249217080595,0.0015059430532886528,0.0015341718818213889
Yb13CaMnSb11,972.9999847196168,176.70000075570047,163.93111039782696,20300.000081342143,20750.644045673987,0.8300000187287134,0.8090436047229965,0.7119999718963363,0.7958899961237608,0.0006338246671204989,0.0006974722536403242
Ba8Cu5.18Si9.98Ge30.85,710.9999988628754,-139.09998927639626,-143.81236552047957,46254.00027973379,49033.47167039203,1.6660000000411297,1.6442939674348223,0.37800000229156594,0.4002856572776099,0.0008949598747484486,0.0009631345282647561
NbCoSn0.9Sb0.1,627.9999992711563,-129.23000136345206,-132.17400966488376,120992.9975520376,117597.6841523417,5.39579979650011,5.333327391415749,0.2351747713369471,0.24082708978166928,0.0020206306829562517,0.0020177439350606745
Sn0.96Pb0.01Cd0.035Se,372.9999967073545,331.00000954758394,328.6738293821326,3651.0001112471223,3403.7349154517137,0.6708000139034723,0.6723172131228822,0.22242499881232256,0.23526657672159554,0.0004000072064660314,0.0004397873123849921
Zn0.97Al0.03O,473.00000175178013,-77.9999975732155,-74.44671974314082,44999.99929560241,46951.16015663026,6.700000338752853,6.189886313432081,0.019328051719953315,0.018804684066845972,0.00027378000156555937,0.0002387865361563576
In3.96Pb0.04Se3,329.9999906825473,-192.0000015960162,-218.33616301597624,7000.000071379601,6102.012799211022,1.243000006219306,1.130970433638009,0.06850831972488201,0.07237622830647258,0.000258048003200338,0.000266296277485402
GeSe0.8Te0.2,530.0000001111754,27.4399990931026,21.381972623500367,71641.99801435482,69801.58577764207,1.7282000039353265,1.657482119933171,0.016543133486664096,0.016373879451516887,5.394309708984397e-05,5.106649651984032e-05
NbCo0.9Ni0.1Sn,902.0000138323328,-206.66999462158446,-202.34412931133005,54200.999906453944,61714.291649742634,5.832999906812833,5.774238017121289,0.3579948106268005,0.3489735622571597,0.0023150596428935864,0.002319803702648779
(Cu0.001Pb0.999Te)(MnTe)0.03,623.000001395739,-228.24998884359502,-221.3215085690333,37397.000456571004,42329.39249226582,1.250699995546341,1.2508319787951987,0.9704948656949162,0.9360870325623452,0.0019483112107446824,0.0019711120492917887
AgBiSe2.12,299.99999286647017,636.8400230175719,637.7453804434011,44.88999555440714,39.99524819734437,0.6394000018380683,0.6369525818936809,0.008541986069175922,0.009538991006613809,1.8205818016500304e-05,2.0680920255125323e-05
Yb13.49Ce0.39Mn1.05Sb11.08,873.0000060841234,191.00000131180707,187.5061406446055,15849.99990181778,15463.224529470293,0.6770000103825897,0.6525620716435464,0.7456269100076078,0.7729879798463832,0.0005782238469069418,0.0006069148457628947
Ca3.3Yb1.5Sm0.2Al2Sb6,523.0000003126531,-111.00000337200075,-74.8526254908536,728.9999157394236,997.0632501069433,0.8530000103841173,0.8498857531877767,0.005507140125549276,0.006914584010433549,8.982009678630157e-06,1.0271122013149828e-05
Bi0.9Ag0.1CuSeO,623.000001395739,315.6999903160442,305.8851343922033,2030.0000117871414,1919.7616660431943,0.4949999754522057,0.44914368562787793,0.2546408325305439,0.26927448507677176,0.0002023229775328327,0.0001979537692271677
Ca5Ga1.9Zn0.1Sb6,724.0000070716053,151.16000114175483,152.43417701683484,24399.999993973397,24089.16950278062,1.0969999970038713,1.0556521986591794,0.3679557028124428,0.39615723557819355,0.0005575240354681027,0.000601418701837038
Sn1.03Se0.08Te0.92,523.0000003126531,49.170000078746355,48.97174475325879,258772.02152519327,278710.15223456296,4.383599999842996,4.382921940363488,0.0746428971589781,0.07835807019708517,0.0006256301979178299,0.0006703250950712403
BiSbSe2.76Cl0.24,299.99999286647017,-131.9999963892258,-143.33815527689728,13260.000127053721,12184.958932889613,0.5799999828234083,0.5419205095592445,0.11950460743592002,0.14094975709544724,0.00023104224331073808,0.00024020691621302073
Mo3Sb7I,722.9999958765917,49.72999964795149,44.38006292319329,431500.0171868454,420318.91312574665,6.3759999573363,6.374749328371806,0.12100622273158385,0.13527502964898325,0.0010671309419805319,0.0012434444349878908
CuAgTe0.5Se0.5,407.9999976806355,225.00000230562128,175.9492735318475,7360.999812205774,5946.788742308231,0.30239999331932843,0.32850293152591453,0.502782590451299,0.2174520386164381,0.0003726506218412914,0.00018467891395776667
AgCuTe0.9Se0.1,521.9999996812123,195.3000029568156,212.56456890824654,23785.999991704597,17352.636921750192,0.37529999584897933,0.4075143912780653,1.445799906742884,1.0390090509626844,0.0009114000193999689,0.0008416200577383193
Nd2.78Te4,372.9999967073545,-57.99999975101938,-55.75859558499635,94460.00480555768,102745.63150181198,1.3869000006048249,1.338799263358599,0.08546093039682198,0.08455961977915413,0.0003177634404090376,0.00032283713364193885
Ca5Al1.9Zn0.1Sb6,724.0000070716053,162.7300055406727,167.36051735545072,17153.000083905717,17561.71130115424,1.018499996124587,0.9698228751820809,0.322888718998072,0.3618923353645951,0.0004542294977928837,0.0005003924188066871
Cu0.995Pd0.005FeS2,199.99999310383095,-395.40001278992446,-448.8229102310702,3652.0001753215547,2220.901193075415,12.160000001572467,10.6195170636338,0.009390754570347135,0.009304114009008973,0.0005709579171853627,0.0004964209051992517
Cu2.9Ag0.1ErTe3,799.9999916796662,103.99999963206204,97.14442601259657,49999.99998248531,47754.46310640301,0.7499999849616024,0.716577654192255,0.5768533482883373,0.6403211416942006,0.0005408000002593624,0.0005725634714003054
Sn0.95Mn0.05Te,622.0000007642982,89.05999956829245,87.54271932814368,224852.01523691582,225964.69247054833,4.105300088899489,4.082519215530468,0.2702138574308932,0.27119476585460484,0.0017834549931896983,0.001867240594632731
Cu1.97In0.03Se,373.9999973387952,120.29999938337815,127.61061149638212,71141.00073504985,61885.00193054706,0.6130000143568402,0.6875063478317878,0.6281485106636187,0.536811176122032,0.0010295589634474556,0.00103013897021509
Cu5Sn2S7,299.99999286647017,30.400000484857127,23.9976837832601,337312.98247543233,388324.7497596209,5.512499923553738,5.410086765300907,0.016964963944889593,0.014174361899495036,0.000311731178843373,0.0002633907416867437
(Cu0.005Pb0.995Te)(MnTe)0.03,623.000001395739,-145.0900047551817,-134.0962446963745,107670.99945071011,95681.71941885474,1.7029999893902208,1.6453685744968616,0.8291767425271681,0.8400770998636709,0.0022665938550754734,0.002300293022531248
CoSb3.0,523.0000003126531,25.60000124233411,-27.777989925745068,4399.99986369574,4862.269027023966,4.789999948254048,4.87839213733741,0.0003148464583241735,0.010466036405236284,2.8835844159313272e-06,9.99490160730438e-05
(PbTe)0.05(Ag2Te)0.95,550.0000001957478,-154.59999111065886,-154.61687352129147,28999.99992493969,27531.572569171276,0.4689999902206447,0.4410947211616603,0.8214999921947772,0.8184974351886062,0.0006931336426449611,0.0006817219983771563
Ba2CoRuO6,418.00000399504313,25.999998733335588,24.725006914209033,102899.99747883872,77659.69340443841,1.4623000009763145,1.418379188792663,0.019883915378792038,0.02286485193391552,6.956040216369382e-05,7.531856810204689e-05
SnAgSbSe2,750.0000023619194,102.55999927229504,105.16520882126838,153060.99899812098,164937.56911253894,3.7699998934291985,3.843364827019673,0.32259999618137614,0.36604329438184374,0.0016099804030312215,0.0018634285339404575
Pb0.99Tl0.005Na0.005Te,397.00000129835996,159.29999983274138,130.1477513535281,63900.000660290534,73105.48242304588,1.9489000235642195,1.9627896290800015,0.33031885690271945,0.3252085576149808,0.0016215577441070549,0.0017074000714053317
TmCuTe2,457.0000022123008,102.60000107593055,106.05496351849484,66864.0001956314,70351.83359466973,1.323722656151767,1.3252705163836267,0.2430000012545533,0.23518166680960767,0.0007038612813543516,0.0007222305260527255
GeSe0.6Te0.4,530.0000001111754,94.00000072096401,96.71893760776615,133209.0002122134,128794.23381230113,2.1099999866593993,2.1122490819193853,0.2956532683736247,0.3178048723298321,0.0011770347778013296,0.0012627704636246752
Cu2SnSe3,700.0000024805998,178.27999715551496,195.9251334985077,12120.999963605842,10040.503411872374,0.7999999852132361,0.9668709743031104,0.3370945631799415,0.23850724003611576,0.0003852509378796582,0.0003466767934559623
Cu3P0.8Ge0.2S4,500.00000031442823,121.59999783299664,130.4551920261536,27599.99994068885,24560.866327401967,0.9247999939949222,0.8847158048488578,0.2206471980816108,0.23786002703207934,0.0004081090552504862,0.00043383087085091136
Cu5SnSbSe6.58,473.00000175178013,45.51999985983496,46.37206410571611,246552.01294185824,279704.57891869586,3.6239001159830986,3.8039228190261114,0.06668036472194422,0.06387634610053966,0.0005108731014709848,0.0005184928255874252
Pb0.985Zn0.03Te,724.0000070716053,-266.84998886690624,-263.42633460831587,25065.99996222769,25656.3078849326,1.1055999897307494,1.0869794297347126,1.168853199407602,1.169474860301443,0.0017849229318493132,0.0018415341132788348
Ag0.01Sn0.99Se0.9S0.1,763.0000000070766,362.3899992497623,357.4743296659614,1707.999941787032,1570.0743863465555,0.22300001887053675,0.20641913780988652,0.7674674210265072,0.7711875749411534,0.00022430568562492158,0.00021989068071297715
Nd2.78Te4,773.0000063214842,-147.40000692212698,-162.38062221509227,40750.000037300226,42487.326753181325,1.1320000121828482,1.2381424317845402,0.6045826337241902,0.567693961975275,0.0008853654795687388,0.0009707555049549082
Ag0.94CuSe,479.0000002586383,208.2800056290112,139.7321118893651,16209.999872393273,25157.849953158082,0.5630000117151417,0.8248299112671593,0.6135999929626875,0.37228296091437413,0.0007031988567348536,0.0006678266900571234
Hf0.8Ti0.2CoSb0.8Sn0.2,784.0000027037597,225.19999664854623,218.80028333676685,48511.00028392331,45297.362592245176,2.675999979567444,2.801724164778059,0.7207870357681058,0.6693924570033819,0.0024602374827636885,0.002496471580973517
SnS0.97Se0.03,299.99999286647017,215.00000339452322,188.19524354758892,73400.00164791445,83788.18467492778,2.9200000485869624,3.4523036609562108,0.3485871634414146,0.2981566976734309,0.0033929148949477183,0.0033997098066943262
Ag8SiSe6,422.9999965886741,-112.73999524615516,-128.24091281618226,35046.999652595594,43545.475741752314,0.4503999793919229,0.49553324544946714,0.4183587966118927,0.5648048057205217,0.00044545814923444097,0.0006706181541627035
(Ag0.05Sb0.05Sn0.9)(S0.05Se0.05Te0.9),754.9999949555504,139.99999982108577,131.7563879763872,101799.99804288472,96052.52535813145,2.149999993428243,2.0644132401349324,0.7006681006825844,0.7136211920154111,0.0019952800320032333,0.002039480010356413
Yb13.6Ce0.363Mn0.99Sb11.05,572.9999988735261,113.96999939172136,119.36094170739537,31076.999624834563,29941.860650104034,0.862300013913059,0.8237668177077903,0.2682356012341954,0.31763873885991545,0.0004036641510591321,0.0004735270640844946
CuAgTe0.6Se0.4,383.00000302176215,220.92000030793122,229.77262926692742,8059.999681042635,7156.439363851805,0.31979998569915435,0.33560148078892865,0.4711133439844946,0.4720526056298349,0.000393373507834366,0.00041452731022587834
Sn0.99Ce0.01Te,722.9999958765917,122.99999932417865,122.27834084074726,107600.00430937401,103382.13343093116,2.5999999374294873,2.5858421479588114,0.45267596047628067,0.4535595217149,0.0016278803263241265,0.0017070703471904996
Ba8.07Cu4.89Si41.03,713.000000125757,-87.00000128928457,-94.4490773459608,109999.9957229337,116290.04392025077,2.7999999277443233,2.8352734084670246,0.20999999924209214,0.2426165804349349,0.0008325899997403628,0.0009645128300000293
Cu2SnSe3,473.00000175178013,200.00000502787614,122.1288880679011,2132.9997543776026,11420.893484123591,1.6799999916371005,1.6021665259386206,0.024021644319128115,0.04056799469010466,8.532000341992022e-05,0.00014648757933899157
Ti0.9Mn0.1NiSn0.9Sb0.1,871.0000048212419,-131.8900024356676,-138.73519771646883,205960.0058962257,197521.02588272654,5.547000140916068,5.568886907412635,0.5625571042062204,0.5764111340740214,0.0035826681377475614,0.00392461888755307
Ag0.97Cr0.97Sb0.03Se2,502.9999995678573,110.99999828282057,113.72148279348036,17091.000186653266,17363.360452998928,0.4481000088788926,0.43231215133061685,0.23637768627900835,0.2510693589758243,0.00021057821077289144,0.00022077879200497764
Rb2Bi8Se12.909,525.9999995660822,-183.99999307497606,-193.6518715131413,7600.000202027233,8087.855810082091,0.6547999896374579,0.6252471699676496,0.20669325733125218,0.23974558198359847,0.0002573056041087172,0.00029499447456945847
Sn0.95Mn0.05Te,423.99999722011484,55.46999981832045,51.30490006628807,375148.0182689678,383945.66245771415,5.315800078917309,5.534606903943516,0.09206958815576607,0.07963768940658669,0.0011543007208913265,0.0010554989538066081
In0.01Pb0.99Te0.994I0.006,481.00000152151983,-192.4999933234296,-201.09098013822705,42100.000602586086,40088.4583432846,1.5609999999791235,1.5222104400301257,0.4807128398636386,0.4964295370304692,0.0015600681076749924,0.0015976265017364486
Sn0.91Mn0.09Te,720.0000045458423,139.83999847664475,140.1487247014012,106508.99462609383,101875.47520150445,2.578899943242633,2.42739492802551,0.5814965450436737,0.6318209071351738,0.0020828075084617236,0.002292145822071977
Bi0.92Ag0.08CuSeO,773.0000063214842,335.50000553551746,330.76464197570493,2325.000014386493,2349.7823617382633,0.4040000071096385,0.36390904436777777,0.5007329004559261,0.5785667067772254,0.0002617025783542778,0.00028479982203596265
Zn0.9Cd0.1Sc0.02O1.03,473.00000175178013,-86.49999782166904,-87.62836038655661,51999.99998391124,49366.40633158954,5.500000144608006,5.419405037133965,0.03346062168545463,0.03187715202660095,0.0003890769987910376,0.00036672150997210434
AgCuSe,479.0000002586383,206.37000388811794,134.02200630925984,11232.000094528656,15810.679770904944,0.4830000203420769,0.7199312822175401,0.47439335951561,0.26077369828925395,0.00047835489441392574,0.00040919368550997325
YbCd1.5Zn0.5Sb2,550.0000001957478,170.82000271087747,174.82480871406005,60900.00109489689,55474.04689432728,1.2509000021298888,1.1993437172412396,0.8700000074687461,0.860944010699298,0.0017770298455223425,0.0019146993098145672
Mg3.5Ho0.04Sb1.97Te0.03,599.9999974361742,-254.00000893306662,-250.94640584494846,18676.000267348598,19829.08005853656,0.8374999815187721,0.7959977185657565,0.8632125525514501,0.8824431396248796,0.0012049008642495845,0.0012370605695431033
Hf0.7Ti0.3CoSb0.8Sn0.2,675.9999978895944,215.00000339452322,214.7934462786194,47799.99987114475,43514.912686789634,2.8350000335926078,2.909128141554726,0.5310000256281845,0.49902166890873634,0.002209555094189519,0.002228062090436836
(Sn0.8Ge0.2)0.94Mn0.06Te,773.0000063214842,127.19999792762366,122.38430790498211,113830.00342069501,111864.45136268521,2.0529999926555025,1.9987974542234908,0.69346016343471,0.7260224677581595,0.0018417511665298472,0.001958404054357298
Cu2.82Ag0.18SbSe4,372.9999967073545,369.9999982567451,370.4534518229989,8522.000308196366,8167.566401395702,1.2399999949645184,1.2945851939081012,0.3600000078536616,0.3352138878795908,0.0011666618506101453,0.0012082472837985324
Sn0.97Pb0.01Cd0.025Se,572.9999988735261,395.6699971286425,399.9729925251888,2078.999843939385,1873.3286392180437,0.5640000064940414,0.5833455415205014,0.33067111142145494,0.30596482880697173,0.00032547731942287114,0.0003380070685875754
(SnTe)15Sb2Te3,422.9999965886741,74.20000017674337,69.71254345842482,227999.99514218315,234183.86903983448,3.299999984421535,3.3515159043191174,0.16090483221960683,0.14700173718148868,0.0012552858884668301,0.0012097646885780849
Cu26V2Ge6S32,309.00000911301,18.8099995866973,22.952435979202427,544999.9368801947,531660.4542971846,5.3145998084483255,4.85821162570409,0.011211454966218557,0.011889446062158804,0.0001928297707748885,0.00019491394544624338
SnS0.91Se0.09,572.9999988735261,293.29998993753605,301.44334632632575,31649.999787477245,27359.32916063639,1.2169999994541165,1.269245725228996,1.2849000277993876,1.1977871169685956,0.0027099998710070922,0.0027226150509902587
Sn0.965Pb0.01Cd0.025Se,822.9999956392309,298.3399882616701,334.6245856250659,7602.999753554612,5108.963009752051,0.42479999311334726,0.44569568744579763,1.3110621600113843,1.0782523073324384,0.000676718362809426,0.0005948731086980057
PbTe,820.9999943763494,-264.1299953619143,-271.84016177329016,13026.000102435602,14036.92203837108,1.3100000020479032,1.3372767894920814,0.56953232739246,0.6289988338459537,0.0009087544376136065,0.0010409165080044246
Al0.005Sb0.1Ge0.895Te,322.9999968260349,137.09999966725925,141.27955270873161,60964.000687398635,55856.116986995774,1.5268999969675658,1.546971232069561,0.24240428703114267,0.2160460152215681,0.0011459043903142767,0.001109839054400887
Cr1.99Mn0.01Ge2Te6,320.0000054952855,360.3000084703376,348.4064088806924,593.7499879375473,782.682462809902,0.8202000056211114,0.8192944085758829,0.03007200573683289,0.03933091904209671,7.707830650024119e-05,0.00010657691297261984
Sn0.91Mn0.09Te0.99I0.01,867.0000022954788,214.43000484193448,201.78472707206546,56409.99991054413,51872.17626809762,1.641199994158162,1.6121576070823234,1.3702025762691443,1.2653937172457965,0.002593744501032124,0.0025250032230877866
Cu2Se0.94S0.06,303.00000532436536,91.99999859070397,95.3349967130691,117606.00468419737,105911.39148624874,0.788000004767867,0.7244808690689982,0.37000000694005025,0.450707600769974,0.0009954171744758777,0.0011302085766347223
In4Se2.67Cl0.03,473.00000175178013,-151.20000509951998,-150.50324758476157,49999.99998248531,53268.056616094,0.6829999938805239,0.6844153411236743,0.7916150261776427,0.844004838410936,0.001558000053914536,0.0012443354203050937
Cu11.7Gd0.3Sb4S13,623.000001395739,117.50999905321086,115.89150653068134,99280.00176326926,96041.70332599482,1.462999997829571,1.4770060535831548,0.5837879910112768,0.5851400278457963,0.0013709177868861558,0.0014773455222156294
Cu11.5Gd0.5Sb4S13,724.0000070716053,152.3300003334216,151.52779819342214,57372.00150728436,56509.67234812823,1.3392000036978216,1.3171317267942952,0.719720679191867,0.7457856028144911,0.001331284434608459,0.001427328116598928
Cu1.95In0.05Se,295.0000002728392,194.55000362549336,198.5564415167691,14865.000097773325,12264.239746666008,1.2499999975021447,1.2383482943188089,0.15500000087090968,0.13791948791698494,0.00061720000547177,0.0005696808620426697
Sn0.91Mn0.09Te0.97I0.03,818.0000030455999,202.0599995909126,195.45183899068988,53333.00090368971,48435.57600228879,1.5649000041886887,1.482055577456251,1.1382126127747136,1.1529800994540016,0.002177492722657709,0.002230407797184505
Cd2Cu3In3Te8,376.99999923311753,159.45999530708133,140.46900915513382,17033.99995465246,16300.383639168565,1.684999996892301,1.7205055266892952,0.09690844232911634,0.08205787589575778,0.0004331318927491351,0.00038941060600524336
Bi2Te2.01Se0.99,473.00000175178013,-173.77000360456486,-173.16627545131726,44173.00047993983,44544.85639359348,0.9629999979699139,0.9269885837202888,0.6509999781367688,0.6870563408688589,0.0013338485240856693,0.0013444570532933956
Mg2Zn1.02Sb2,299.99999286647017,411.8399888168552,324.51969974832707,662.0000155999271,624.3735007603807,0.7119000127963031,0.6636263531806079,0.04731700851833687,0.04147025068417124,0.00011228326302634052,8.51990833288954e-05
Ag8SiSe6,473.00000175178013,-118.70000276835029,-114.21026771705996,32050.999644559957,34714.71401822443,0.4207999794009964,0.4559619390693117,0.507607957805014,0.5019519133541981,0.00045158865425339923,0.0005118383903476391
Ag2Se1.02,307.9999979179963,-141.00000010529487,-138.76645013448268,125410.00566280272,124900.89863738525,0.9750000044420629,1.025927240950574,0.7999999704342934,0.7297941107369386,0.0024932763707046007,0.002428947725655111
Ag(Bi0.8Nb0.2)0.7Sb0.3Se2,326.0000092839301,-149.00000862633502,-158.1082687460502,12302.999672410286,12464.988903471205,0.810220960539802,0.8135082162459696,0.10990000144287564,0.10430287034426558,0.0002731389022942369,0.00026588363395402286
Cu12Sb4S13,324.00000802104853,73.68000020988588,75.8301037591586,103319.00493001146,93909.6991464416,1.5104999986654095,1.5559638672728242,0.12031054883855748,0.12508132530338653,0.0005608922390238263,0.0006111844468913681
Cu0.99Pd0.01FeS2,30.000012521775602,-123.6600033553143,-229.34485661186596,220.70004676659525,585.8735136768458,34.42999693432081,27.23424786129371,2.940661206065031e-06,1.6306071621137348e-05,3.3748987480223513e-06,1.1835984840251425e-05
In4Se2.32Cl0.03,473.00000175178013,-256.5999940921015,-259.65425463153775,19471.000002749468,19984.117920225275,0.9069999813484741,0.9019386722261357,0.6685831511952312,0.6858424623926809,0.0012820399009322683,0.0013129365985728805
Co0.95Ni0.05GeTe,625.9999980082748,-87.86999722636179,-91.7921639468999,125397.00569930804,125549.39928920924,4.9084000668434244,4.549529278162328,0.12348175110160264,0.13459213499212816,0.0009682074079890215,0.0009595701348936111
Cu2Zn0.4Fe0.6SnSe4,473.00000175178013,214.44999840612593,221.01774923068984,4301.9998657154365,3605.0066071075203,1.4252000002156497,1.4323470025376372,0.06566105005982552,0.06437665161856854,0.00019784382361703277,0.00020054431768090858
Ag0.97Cr0.97Bi0.03Se2,602.9999993304965,120.33999825196312,120.94003998174853,15409.999995900082,15491.38802446074,0.397500005486149,0.38673758492693705,0.3385344209304693,0.37779928102311394,0.00022316324180057402,0.0002585409793653867
(CuI)0.003Bi2Te3,519.0000004277833,-162.26000337862553,-165.9362128649824,81217.99737015672,81376.54135659638,1.5749999998967443,1.5125917037734289,0.7046315008060464,0.7353889615371481,0.002138332515965317,0.0021889831377688894
CoAsSb,799.9999916796662,-91.39999423565453,-100.80478838023606,89700.00525695815,88411.47794362351,4.603999975126061,4.949052866279408,0.1300000005944928,0.13138140814853824,0.000747999995260721,0.0008454228990551264
Tl9.0Bi0.96Te6.0,324.9999980889164,148.40000289807685,145.617058429377,35999.99973374574,33123.41128063283,0.6500000090464175,0.5885683771436574,0.39640608468494065,0.3768766351881587,0.0007928121667501693,0.0007182790128681452
BiSbSe2.76Cl0.24,400.00000319268224,-159.00000753743305,-169.11301763403128,11049.999884034887,10977.810125182383,0.5400000154078158,0.49168803187399435,0.20692966677331331,0.2554747294572533,0.0002793550556122308,0.00031433124850701076
Yb10Ca3BaMgSb11,799.9999916796662,176.51999997696697,167.2529771041333,13582.00036419128,14777.052170705943,0.6184999926963792,0.6030411868148013,0.5473962753214935,0.6003528207264502,0.00042320575301162095,0.00047233401416205074
GeSe0.55Te0.45,677.9999991524759,110.92999732774632,113.40544829291113,137313.00675510717,125917.57282120085,2.4471000602895496,2.154155245937265,0.468152824313492,0.5431458989832507,0.0016897002640833567,0.001803495999272071
AgBi0.94Pb0.06Se2.12,350.00000331136266,317.7000041865063,322.1972060063379,6074.000324833968,4311.759150330297,0.6440000042283321,0.59028417476189,0.33318956751907786,0.30872739114201525,0.000613068805130642,0.0005268056378855447
NbCo0.9Ni0.1Sn,599.9999974361742,-170.59000550054236,-170.82530263120873,78332.99655150266,82809.66789087508,7.273800098117842,6.876320891080999,0.18803634140028255,0.20004531663563774,0.0022795644602255313,0.002259470944141604
Cu1.925Ag0.075SnSe3,299.99999286647017,100.00000124164305,83.52174119655608,13364.000112934666,13881.09207100241,1.609500008721139,1.5025779158141803,0.024909598663883363,0.024904374909064088,0.00013363999660097456,0.00012558569085331997
Ag8SiSe6,343.0000094548502,-152.10000899318752,-156.2670763297171,58846.998788863595,55045.12924842064,0.6159999993394432,0.5694715839450023,0.7648999663377815,0.6578282004540872,0.00136139064996766,0.0010610247844365323
Cu2Sn0.8Zn0.2S3,523.0000003126531,77.99999982166165,78.74216697065201,98400.00496119073,95673.00777595115,1.8600000232461338,1.8880184235143596,0.16833446709262262,0.16298804106060474,0.0005986655985825286,0.0006042916008602166
Tl8.98Sb1.02Te6,502.9999995678573,191.99999650683603,201.07351736851098,22400.00000530484,19893.77844259984,0.46000001634811744,0.436126718904128,0.9062000145298397,0.954621153339576,0.0008257535884715784,0.0008511871092370264
(CaZn0.4Ag0.2Sb)0.83(LiZnSb)0.17,472.00000112033933,143.50999739608602,141.62658134286832,33591.99955527395,31091.091250031677,0.906699998904608,0.786049684503631,0.36014598278504784,0.3967845370252457,0.0006918312778684408,0.0006740419909990385
Mg2Zn1.04Sb2,572.9999988735261,95.38999955994925,95.23863900426038,3013.000122298589,3555.0023560038835,0.6944000160233905,0.6800134957081291,0.022622975057058424,0.02732214593699635,2.74160478794502e-05,3.455150626672179e-05
Cu2SnSe3,799.9999916796662,214.65000448925298,213.5327364153583,10333.000017150447,9072.861257009454,0.7365000183938258,0.8042863436250668,0.5171368301457371,0.3859349606475221,0.00047608907526466566,0.0004010349105449527
Ca5Ga1.9Zn0.1Sb6,424.9999978515556,115.00000254334064,117.00171874310857,30499.999826486564,26212.291654621073,1.402999999827342,1.2932342402934867,0.1221875008823946,0.1260421490360526,0.00040336249752693273,0.00039056394090686535
YbCd1.6Zn0.4Sb2,449.9999977922154,155.0499997085146,160.53333154468453,67582.00129927753,60090.89642500393,1.4772000016584754,1.372116543634021,0.5399999987546785,0.5438345021017933,0.0016247052450350428,0.001673422340908949
GeSe0.85Te0.15,677.9999991524759,40.00000043742843,41.48637899810136,55597.00049550563,49619.17320484636,1.7329999915011074,1.5238706004207927,0.034801861018265066,0.04494305614068115,8.895520404470129e-05,0.00010565787111991968
Cu12Sb4S13,622.0000007642982,173.3999943057209,127.18628537156047,15500.000117559845,64766.555064058884,0.513999999268613,1.3146915048799133,0.563000012271374,0.47443098793909166,0.0004660471813444647,0.0010498831524030003
Yb12CaBaMgSb11,799.9999916796662,167.68000347543995,167.13057375694598,16623.000163802124,16466.974998345773,0.7141000182777125,0.6790008837709753,0.5236038934997311,0.5888934661784363,0.0004673819484207254,0.0005174457872411165
Pb0.995Zn0.02Te,622.0000007642982,-312.29999765388334,-306.7898511960967,21907.99997942674,21595.51684799036,1.1600000037519116,1.1654878442221384,1.1600000615343748,1.1074453405341,0.002136715441035847,0.002127557315748967
GeSe0.65Te0.35,430.00000100875945,17.999999017447045,16.964985734577787,110074.99406611726,104695.34643427405,1.8640999949648531,1.7205466448644813,0.008226837772504412,0.008329027211708308,3.566430324651058e-05,3.264852074799409e-05
Ge0.85In0.05Pb0.1Te,324.9999980889164,198.9999980926451,208.62860745023048,33043.00015471502,25697.44194057736,0.9732999994831868,0.9075748840349965,0.43694046226120603,0.4002462501904655,0.001308535796537076,0.00115512402171125
Mg0.97Li0.03Ge0.9Si0.1,400.00000319268224,216.77999413726263,208.03273349219376,33153.999814054885,31333.883360257478,3.805000069082876,4.0213980603774075,0.16378709735581853,0.14719839199786533,0.0015580247133886802,0.0014625259783256422
Gd2.79Se4,550.0000001957478,-104.69999959673217,-109.99848195069762,19936.99989296219,20276.218197739054,1.2679999943096378,1.2032133411800692,0.09479744170411966,0.10295971690631793,0.00021855118554522224,0.00021959993455021267
GeSe0.55Te0.45,530.0000001111754,93.96999863447473,96.4389866183786,144402.99815943223,135353.14199958256,2.110599988910688,2.006962080150466,0.3202024192394975,0.35062576693615116,0.001275130604441524,0.0013103058001826618
Ag(Bi0.9Pb0.1)0.7Sb0.3Se2,326.0000092839301,413.5000064342439,398.28306087282664,702.0000841889627,508.2844378350223,0.6341917271105287,0.655065326304106,0.061700002677076954,0.04885812662793264,0.0001200295435770622,0.00010149037053387141
Al0.005Sb0.1Ge0.895Te,473.00000175178013,204.0100002003909,211.16015897117265,44578.00091051694,40919.48958743466,1.4371999996225941,1.4338311246068611,0.6106149055848542,0.5999787732580019,0.0018553400041328176,0.0019393277832880564
Bi0.825Ba0.175CuSeO,521.9999996812123,176.92000040301897,177.9233885164574,16058.000177560943,15849.868531208294,0.6300000148954856,0.6188184334415524,0.5389999757633115,0.5391077772414496,0.0007074000063316585,0.0006608978099880669
Cu1.85Ag0.15SnSe3,599.9999974361742,342.4200093841565,332.9663525183978,1316.0000558500817,1416.2144368763893,0.40950001692134436,0.4059180863773012,0.22608485890514415,0.2519164251884949,0.00015430291589866343,0.0001745962297448516
CuFeS2,509.9999987061562,-361.6000178792373,-384.67350669192405,4880.000178368342,4128.4132558219935,3.512000064024979,3.0831548555541453,0.0926600064581182,0.09897170350189038,0.0006380822512115405,0.0005890647958056856
(GeTe)0.8(AgSnSe2)0.2,322.9999968260349,30.42999963629587,29.12254028823718,223226.00185065705,209377.81884209294,2.028800001376885,1.9520288829409338,0.03290879424867258,0.033870141673070536,0.00020670391317774854,0.00020343151122822982
Zn0.875Cd0.125Sc0.02O1.03,773.0000063214842,-117.60000453175778,-131.79539988707415,30100.000163694025,30513.873341942166,3.580000170098154,3.606882354709755,0.08769999910367929,0.10475750724286519,0.00041627577755853185,0.0005002696389545799
Cu7P(S0.5Se0.5)6,324.9999980889164,256.20999122906613,252.14846830949546,999.9999903860476,709.3815158203588,0.2528999937782144,0.2543803725899583,0.08435808004537279,0.061188589808050906,6.564356723928222e-05,4.9496430727497074e-05
Gd2.79Se4,650.0000025992803,-121.99999747812774,-129.1087955168799,18170.000158143474,18597.537959299658,1.2640000024818254,1.2588806349064734,0.13907237645772386,0.14565085637844236,0.00027044227711282045,0.0002852472379007604
Sr0.16Yb0.03Co4Sb11.82,599.9999974361742,-167.99999951330003,-173.4378028456917,185455.0158322596,179932.11254249376,3.4000000679620714,3.3065008851044113,0.9236968184901345,0.9274661550806413,0.00523428212788203,0.005311227929608886
AgCuSe,297.99999160358857,-74.56000095328949,-67.78610391989557,89860.00452446366,87487.27122316323,1.6607000016095121,1.7262502101685895,0.08964029757635672,0.0803313194797759,0.0004995491368319959,0.00046858162414681825
Ge12Sb2Te15,473.00000175178013,215.54000573072375,226.04206264480638,30337.00005833065,27501.233879326446,1.496999997786011,1.4037485182263056,0.4453153964871952,0.47144386336392846,0.0014093808862536918,0.0014740461247910955
Cu1.97In0.03Se,671.9999953638313,205.97000346206593,215.54301122246363,26173.99998684435,21841.94131886417,0.8124999811495581,0.7844260722205308,0.9269999621510653,1.0047538203862283,0.0011103963920374182,0.0012126470918334092
Ba8Cu5Si25Ge16,660.9999989815558,-102.50000312354717,-109.0355270933222,78400.00199158351,79391.94990140205,1.910000021146087,1.8610595412026516,0.2842999960920573,0.31485660138084887,0.0008236900023965992,0.0009031421781894471
CuFeS2,599.9999974361742,-380.0000139972254,-389.72245105006505,3914.000185208991,3625.0364356041628,2.6149999808752358,2.384907438855956,0.1296783783845104,0.13976126292429428,0.000565181596810687,0.0005487281225961847
Cu2.94Ag0.06SbSe4,523.0000003126531,402.9999923153282,389.9144569663758,5133.999808120087,5159.955092078399,1.0999999974832366,1.0836638548400377,0.38999999030436827,0.38012039216965343,0.0008338077998863438,0.0008292031046500077
(Sn0.8Ge0.2)0.88Mn0.12Te,773.0000063214842,130.0000009099877,131.54433057579539,107400.00644386832,96469.54589879999,1.7399999893386777,1.6267915933355417,0.8063456504477373,0.8808321755234092,0.0018150599460474972,0.0019414613277455694
Mg2.16(Si0.4Sn0.6)0.995Bi0.005,299.99999286647017,-176.83999601482705,-175.48778301632927,74999.99860786877,72697.00330088056,2.263399960575133,2.125241437010244,0.3108724308304268,0.31769708432180266,0.0023454288979946254,0.0023055819284013225
Zn0.9Cd0.1Sc0.02O1.03,572.9999988735261,-99.00000233064264,-97.21489285978376,47570.00083556423,47147.34803793214,4.9999998648938355,4.785341793708107,0.05343036936228954,0.05239104810510433,0.00046623357078205983,0.00043474208297374545
Mo3Sb7I0.75,822.9999956392309,49.1299997426361,41.20173486292077,421809.98046699876,385101.41880002077,6.560000270560299,6.687907393117461,0.12773396422225672,0.15268166638196398,0.001018146817431597,0.0012970213336505319
Cu2.1Se,671.9999953638313,104.50000016462705,103.2432614247293,131080.99865467226,133126.37913801914,2.1000000204640132,2.1354642756633013,0.45805994334752637,0.48194368871424315,0.0014314372570374066,0.0015803167930586793
Ag8SiSe6,297.99999160358857,-158.000000602202,-164.4010875176281,51657.9998859227,54480.677272555346,0.5630000117151417,0.5779242867360882,0.6825895459388104,0.6095104402530679,0.0012895903200660257,0.0010971670872712562
Cu1.975S0.5Se0.5,577.9999993898367,133.32999770625446,138.84589099297338,39208.00016668865,33367.06716068673,0.8977999900799768,0.8479153982170379,0.44872335077314524,0.5010062606917915,0.0006969962660398311,0.0007476156793347243
Cu2Sn0.9Zn0.1S3,722.9999958765917,148.20000268505083,144.5197428289664,30000.00007674534,29607.120141993117,0.8270000005817174,0.8692384452147996,0.5759999911510721,0.555857831134414,0.0006590000052476963,0.000687335132401157
Ag8Sn0.6Ga0.4Se6,639.9999962848726,-213.79000455335057,-218.0176278523578,7459.000416174845,7136.033055087873,0.29795201487279915,0.2843205433969855,0.7323000070124196,0.6088125121100394,0.0003409222801790396,0.0002792963716535532
Cu10.5NiZn0.5Sb4S13,420.0000052579247,176.00000294516,189.3686767483725,17949.99980261878,14036.526644185886,0.5239999860781994,0.4818856155084274,0.44199998827085524,0.4674815682415972,0.0005200000005717708,0.0005368443645579847
Ca3Co3.7Ti0.3O9,700.0000024805998,247.99999745310635,238.09680824859822,5225.999791964265,6551.1732358531135,2.0119999924469893,2.1290137854771554,0.11182601029183437,0.11950802248350101,0.0003214199057814153,0.0003775565659624245
Ca0.2BaGd1.8NiO5,586.9999997910171,166.90999883972415,153.9961228559069,129.33008734602285,172.18972957445624,1.6526000090848096,1.6415942010106905,0.0012797777705241863,0.0015825312951640023,3.6030002539926337e-06,4.491007005829454e-06
Cu3P0.9Ge0.1S4,400.00000319268224,143.70000082701628,122.55707671921655,7600.000202027233,7209.217454921867,0.7345000060587421,0.7144915328656268,0.0854663804821515,0.07151274306517019,0.00015693764838114148,0.0001336816269991192
Rb2Bi8Se12.9935Cl0.0065,822.9999956392309,-215.34999564877154,-233.59053634171664,5440.999803316513,5260.820158482656,0.4850000167471645,0.47956655078045757,0.4281801843048004,0.45949353705425466,0.0002523297651885839,0.0002748967717744839
Cu2Se0.94S0.06,352.99999464211203,111.83999800350958,111.96358711110986,87894.99503145783,81017.07659068506,0.6540000133731275,0.666836142214079,0.593410803628201,0.5571511851096795,0.0010994069792688399,0.0010983467099803937
Rb2Bi8Se12.9935Cl0.0065,329.9999906825473,-199.24999904553198,-218.22712001878887,9558.999839328058,7248.546483648442,0.6222999887707514,0.5504750746250888,0.20124414688568018,0.2164746429271974,0.000379497675199073,0.0003461335458887055
MgAgSb0.98In0.02,550.0000001957478,154.5500021110001,168.62233079771005,90449.99775972286,70362.7190485167,1.6467999935646604,1.5018249686058052,0.7658000093131786,0.8089293681912189,0.0022979000128579593,0.0023377505435876788
Sr0.16Yb0.03Co4Sb11.82,299.99999286647017,-116.00000282754976,-119.88841646702483,296817.9661196494,269564.7292213728,4.049999983439248,3.724006519039082,0.29585059634002653,0.3064972067866999,0.003993983065085537,0.0038752451549407853
(SnTe)0.98(CuSbTe2)0.02,624.999997376834,79.95000043113991,80.50642584256552,198708.01215450425,199391.55653617528,4.024699951322519,4.113321942010438,0.19724172465868828,0.2034242862060697,0.0012701420606530327,0.0013543089948746597
Pb0.99Tl0.01Te,497.0000010609992,217.530005208787,207.50598584417418,36622.00040805944,38795.63441517935,1.4610999982928803,1.4474032396924261,0.5894633692629971,0.5939825795328474,0.0017329274763794623,0.0017911045846632503
Sm0.2Bi1.8Te3,422.9999965886741,-152.27000711972426,-143.18783372909505,63999.99828936465,69331.47854719861,0.6209999911837046,0.6795859828043977,1.0107818956899215,0.9433375365134019,0.0014839137828297766,0.0015498892551188547
Ag(Bi0.9Pb0.1)0.9Sb0.1Se2,326.0000092839301,561.1099901965994,477.9713263152158,197.17997051225447,208.2449616658917,0.5653188442895232,0.5022024141896373,0.03579999843261611,0.0359160218290072,6.208102816666153e-05,5.592411907549656e-05
Ag0.5Sb1.1Pb19.6Te18.8,473.00000175178013,-14.40000027215914,-16.12520536175743,29250.00011723714,35593.30026360789,1.5549999981591496,1.8294728805125482,0.0018449374226680473,0.0020951057280413775,6.065278945665387e-06,8.415941417729975e-06
Tl9.0BiTe6.0,502.9999995678573,284.99999577220956,277.4868064718167,8100.000267759277,8162.052505800141,3.430000095088335,2.787595462626102,0.09648251359568634,0.11024560786715047,0.0006579224958497864,0.0006654599172801071
K0.995Ba0.005GaSb4,416.00000273216165,-231.60000855455849,-223.0266555233286,3941.9998920092403,3026.677161206526,0.8025581588698459,0.713476918720756,0.1095999972447568,0.0911903006489303,0.00021144321168041637,0.00016989700790294234
ZrNiSn0.98Bi0.02,871.0000048212419,-197.3500116970376,-200.42488803137707,69570.00000312965,69982.89658932007,6.99999997092136,6.942581500798683,0.33714473761657016,0.33177984686785117,0.002709544430925834,0.0025384823840669157
Ba8.02Cu4.98Si35Ge5.99,565.9999997352272,-78.50000104083102,-78.0397381573541,108999.99435345168,113006.39579640402,2.249999949411052,2.189343604184239,0.16769999996343837,0.17044622562801237,0.0006716852578359835,0.0006667045198643987
Ge0.99Mn0.01Te,648.0000013363988,144.83999793219377,134.24162440000978,136081.99833652124,140706.30627475795,2.4706000180661016,2.5171627810994743,0.7487731550869212,0.700302399140082,0.0028548132668011115,0.0028560921702768683
Cu1.7Se,671.9999953638313,60.39999996976114,64.06005145264368,287838.0236347682,270210.32810720656,4.40989996902726,4.064544019002877,0.16001567814836032,0.18687395534726112,0.0010500790639142335,0.0011263011942387196
Ti0.99Mn0.01NiSn0.99Sb0.01,398.00000192980076,-142.91999275818281,-137.5127374316785,94399.99982246361,99596.71547884893,5.825500083242881,5.30515865685861,0.13173703266382558,0.128920541436043,0.0019282262550284702,0.0017409218412570509
Cu2Se0.88S0.12,550.0000001957478,186.00000185625805,190.94267390490936,25302.999962973885,23238.5640916122,0.6780000077279423,0.6113993004164853,0.7101186190804306,0.7882287511453496,0.0008753826054397206,0.0009060767553999543
Ce0.75Fe3CoSb12,513.0000006004785,88.60000083936296,90.13281336690181,110244.00018531061,108445.36522412016,6.458500310026559,6.534632873052483,0.06873977631038578,0.06962477378560811,0.0008654109835257176,0.000886117712395151
Cu11.7Gd0.3Sb4S13,523.0000003126531,106.0099985444178,106.44624684448101,108670.99970853607,103289.04945745997,1.433599999551877,1.4715722831464233,0.44553418197245503,0.43887855268353365,0.0012212577923929476,0.001277689815991299
ZrNiPb0.993Bi0.007,871.0000048212419,-180.4100036329069,-190.93053962510893,100900.0037181549,103183.09619426372,6.8263998578398954,6.959310035194799,0.4190238976658368,0.4660825412680121,0.0032840696168671894,0.003785126970354514
Yb14MgBi11,423.99999722011484,36.139999554582154,39.57316337688077,70191.9998106034,70402.08300097038,1.6790000098409852,1.579136343307954,0.02315149899695864,0.02625260064822481,9.167774306482938e-05,9.828932772946373e-05
BiCu0.90SeO,722.9999958765917,223.00000017536124,260.9564140592652,79.99999162690541,104.54975475316134,0.7100000024360246,0.7643676472329567,0.004051161759223904,0.004841577294218902,3.978320006786871e-06,5.3685117139272715e-06
Ag2.0Se0.9Te0.1,360.00000962577036,-133.8000041765609,-131.2830692072443,105413.00275490298,100013.38414058897,0.8959999907362582,0.8278269924509579,0.7582298383434818,0.7486378696370949,0.0018871498403078963,0.0017707796520480916
Cu11.9Gd0.1Sb4S13,525.000000255088,103.21000143215481,102.58598620966308,97869.99930717344,95706.31857592615,1.5029999995510603,1.5068038094895557,0.3641610211284231,0.3715808737506086,0.0010425410157553147,0.0011039025189763516
Al0.01Sb0.1Ge0.89Te,822.9999956392309,245.96999910645812,250.61984703410948,59276.998915776545,52128.59892236235,1.4332999994883102,1.4819633063721056,1.8185001544059203,1.8759368885663148,0.003586332192284771,0.003784966502744523
GeSe0.9Te0.1,775.9999976522336,185.04000552981407,157.64798903319095,4153.000113858159,4272.022942886781,0.7816000183980689,0.7693161299452852,0.14117907732253288,0.14514391209207117,0.00014219790157916993,0.0001416140308652651
Cu2.94Ag0.06SbSe4,572.9999988735261,368.00000786668716,372.1571429922326,5943.99990387834,5805.522376944349,0.9999999962392296,0.975659052945872,0.46999999093564787,0.4728647085519684,0.0008049602546962639,0.000856243229139736
Cu2ZnSnSe4,372.9999967073545,116.6199978117401,97.89062151843552,19531.000018755694,22021.55686558129,3.988299921658194,4.128121622897,0.024842285029497927,0.02333793101069984,0.0002656259767471739,0.00026070200840992686
Cu5SnSbSe6.3,672.999995995272,83.12000028554144,76.68276822287257,101724.00249643001,114013.23836431948,2.0602999847641965,2.195501589348011,0.22957209517970673,0.20812852239192042,0.0007028044358050167,0.0007075607060880802
AgSb0.95Mn0.05Te2,493.99999916667684,123.5099995738899,127.30617044539542,62000.0007371642,56681.8344179769,1.073299988714508,1.021230709650991,0.4353131287679366,0.45028076605856665,0.0009457926322422209,0.000971554246618188
CuAgTe0.5Se0.5,442.99999865391646,203.80000320526915,192.8467233633334,4807.000148255485,5296.693226397482,0.324600001406476,0.31362770319988814,0.27248192346927147,0.26406232158419835,0.00019965604468848361,0.00019786470056729421
CuGaTe2,324.9999980889164,364.00000360616707,345.7745373327298,2299.999918485671,2338.137603175864,6.964499930574239,6.373529342252762,0.014220801209217818,0.015133511466225658,0.0003047408053881273,0.0003001050122177964
GeSe0.75Te0.25,677.9999991524759,39.049999425554915,47.81054777812318,72387.99901212014,64940.91845010147,1.6845000042270895,1.5001363213189924,0.04442908107048529,0.07503736841226458,0.00011038464458398617,0.00017845668584463986
ZrNiPb0.92Sn0.6Bi0.02,474.9999977328752,-126.90000563231536,-130.47340616880467,276964.0157850298,261989.9894797836,5.837400091994896,5.886373893864166,0.36292821061727326,0.34288665530708223,0.004460120488099902,0.004292474535583035
Ca5In1.9Zn0.1Sb6,622.0000007642982,171.00000348961098,178.36717989637557,19939.99998940251,18139.720390750725,0.921999996439847,0.8576918501177693,0.3789999983082941,0.42976012668829766,0.0005830655389509559,0.0006220549222706654
CoAsSb,350.00000331136266,-118.00000495780978,-126.60247369026973,17720.00013334358,19367.459938728392,2.819000051303796,2.943602118240157,0.030633785966686575,0.0383695505617996,0.0002467332781100241,0.00031194298399095675
Tl8.97Sb1.03Te6,326.0000092839301,118.20000008165565,127.19660500921421,43300.00027912216,38899.47072280961,0.670999998839335,0.5829309020779742,0.29100000249030944,0.349552600771038,0.0006049546931465377,0.0006578802087454357
Mg3Sb1.6Bi0.4,564.9999991037864,245.99999532284633,240.79693733162193,2009.9998416327542,2314.1690292694225,0.5300000159487916,0.5220417742189619,0.12966980293612507,0.15374023969811018,0.00012163716331175652,0.00014823747114882247
CrSe3,299.99999286647017,89.43000084290573,94.37063890154167,40678.999360730486,33021.82341338868,1.8032999977330626,1.7718495451125094,0.054124011887650446,0.05614152866084239,0.0003253394540349942,0.0003384373335132602
Cu10.5Ni1.3Zn0.2Sb4S13,715.0000013886385,200.70000283841662,205.8087283056961,22670.000028389055,20178.68551228577,0.732400017580022,0.6948105893808009,0.8914643646806145,0.9123471581409522,0.0009109999795601526,0.0009220280569814763
Sn0.98In0.02Se,473.00000175178013,471.9999777577835,456.29590773046414,57.999988966364945,83.10550053476211,0.670000010084151,0.7714209028203869,0.007999999449439054,0.009848834738004497,1.2921471013739415e-05,1.7011573497309416e-05
(Zn0.9In0.1)4Sb3,322.9999968260349,156.30000250745238,163.2253598882531,13216.000114539074,11028.850981283736,0.8869999963817969,0.844900862782934,0.11757010087308337,0.1242294952381512,0.00032286278967165986,0.00032849406298393716
Sr14.5Ga29.2Ge56.3,367.0000034822828,-113.88999500352944,-113.01446943125893,81502.00353762555,79061.42072280023,1.600000002248907,1.60732290175747,0.2424853665749503,0.2343706936632094,0.0010571569262162405,0.0010362490480761927
(Bi0.23Sb0.77)2Te3,350.00000331136266,244.0000049327884,250.32730467796014,44766.00121287934,40944.16210242121,0.8803699945501846,0.8604392342464857,1.0595727206624335,1.1070820030442623,0.0026651886920990306,0.0027228859300211148
(Sn0.8Ge0.2)0.85Mn0.15Te,873.0000060841234,152.00000086244384,139.1432409618863,83300.00093842285,75622.83118518622,1.378000000092462,1.3321775596265246,1.2192625860333925,1.1869477993321098,0.0019245632754034505,0.001959463024851164
Mg2.975Na0.025Sb2,672.999995995272,142.00000195134578,134.27332881580486,33499.999717878985,33992.32479500126,1.2099999990136525,1.1672149542483794,0.3757086464960752,0.4040685536702281,0.0006754939965995103,0.0007112340758396495
(CuI)0.003Bi2Te3,370.9999954444729,-165.74001060733863,-166.85218343351804,109028.99980585025,101736.41802774084,1.355599997905255,1.3082594007768955,0.8196700230576124,0.8537536760158243,0.00299499886297453,0.002945270299764507
(Cu3SnS4)0.85(Ga2Te3)0.15,741.0000072425255,183.32999813184574,187.914605756378,19467.00003357997,16219.181935091512,1.0385000036899537,0.8719928444430249,0.46685050517470267,0.48697152698411766,0.0006542837010149295,0.0006084308321623815
In0.005Pb0.995Te0.996I0.004,481.00000152151983,-207.40000038871528,-212.65397563648594,37350.00012217493,36526.9889574189,1.6360000092172087,1.5361355142792399,0.4723564959785476,0.49460525678646283,0.0016066012189045885,0.001595471833117592
Bi0.88Pb0.06Yb0.06CuSeO,741.0000072425255,191.99999650683603,195.08886716208931,15864.999966126092,13343.592992754751,0.4269999833021513,0.40995448045159094,1.0149225341624852,1.0085836818826934,0.0005848473618072514,0.0005826711685000261
AgCuSe,693.9999986919553,230.50000522878582,246.67086569195465,9099.999744746963,8531.193793823417,0.5290000236199852,0.5265857300995884,0.6069999925066145,0.7245998050983288,0.0004834852755406843,0.0005480765043001367
Ag3.8Mo9Se11,743.000008505407,171.4999952170244,176.4907081727053,20400.000100685436,17853.741496837545,0.7840000159324527,0.7341616170134584,0.5686318598323337,0.6279884298490168,0.0006000098970616533,0.0006517062793746035
ZrNiPb0.993Bi0.007,303.00000532436536,-156.39999889799395,-155.0911307256822,174500.00951880656,178160.03072457813,10.377000129939825,10.03347122962593,0.12463492121258057,0.10952505821941574,0.004268437412025187,0.003691119092287831
(SnTe)0.84(CuSbTe2)0.16,529.0000001399578,73.89999985720438,79.03851021723409,196271.00130822847,192287.44090628266,3.055899965970677,2.9789344427045985,0.18555025057860977,0.195410983830061,0.0010718771606542915,0.0011412372105692595
(SnTe)12Sb2Te3,422.9999965886741,84.82999887835818,77.50862980517194,181124.97897757348,185480.1461955336,2.7000000142358282,2.7772471981744857,0.20419915264351884,0.18715138827365516,0.0013033988829251064,0.0012443585149529246
In3.95Pb0.05Se3,480.00000089007904,-241.99999615150642,-252.96172893896056,11200.000062628298,9142.046789447633,0.8599999787510006,0.8055748697302744,0.3660931009053399,0.352943148644982,0.0006559168030326108,0.00060487192265636
Li0.03Cu1.82Bi0.03Se,760.999998744195,104.09999973857505,97.77387107856367,106897.00105125345,103655.45146802676,1.7054000037134465,1.5835107085616695,0.5169224497888396,0.5555367006025262,0.0011584224465240613,0.001200996709702044
Sn0.91Mn0.08Bi0.01Te,372.9999967073545,59.500000020067745,55.86786316070733,297000.0014350596,303439.9481344227,4.225999823623171,4.253065730545218,0.09280464496420737,0.08294123920382568,0.0010514542421395027,0.0009609177156013957
Bi0.92Ag0.08CuSeO,722.9999958765917,332.99999993764186,327.0830554767822,2309.9997232086025,2216.298170764814,0.4109999825926372,0.37244263060762905,0.4506059631932217,0.4929292796654195,0.0002561535857171872,0.00026386768429321984
Cu2.7Ag0.3ErTe3,299.99999286647017,41.40000046108519,40.75930241139672,271000.0178069107,263498.17264081846,2.3500000289944944,2.2714022216086867,0.05929572255910997,0.06007482344814157,0.00046448316136146175,0.00046355659056725065
Mn2Cu3In3Te8,674.9999972581536,415.0000050968884,394.2232755031681,564.9999872432352,625.0099820699717,0.894999983724433,0.8387802310615319,0.07338805349439975,0.07979121539780766,9.730711753743074e-05,0.00010387795682634231
Bi1.9Nb0.1Te3,477.9999996271975,-117.6999958331192,-112.99613123556483,60000.00118356091,63955.50144959505,0.7614999984491382,0.7514586852366603,0.521749665719741,0.542143109656593,0.000831197413408898,0.0009019057000949342
Ge0.87In0.05Pb0.08Te,550.0000001957478,216.4700058407795,227.00312732964227,53241.000389723085,43348.792273665335,1.2260000054300106,1.123368515961884,1.1192159307219085,1.150099432044133,0.002494833741929538,0.002475459645524048
Hf0.8Ti0.2CoSb0.8Sn0.2,480.00000089007904,192.90000040050356,194.01441560528576,54893.99895542553,50235.1550225072,2.792000026151385,2.804217653974752,0.3511681790446591,0.3414255189786901,0.002042628192059656,0.0020757446441450997
Co0.97Ni0.03GeTe,393.9999994040377,-94.8900041165644,-102.35496466669395,84574.00119081,80836.2844906093,5.840000137638254,5.121037321854652,0.051376102721115875,0.05264699715177497,0.0007615137704366713,0.0007274495331635176
Ca5Al1.9Zn0.1Sb6,624.0000020271797,149.1999978800798,160.63002384925335,19349.99993039153,18386.42669342853,1.0960000074374183,1.0198739292573464,0.24524075849540733,0.2803954636527433,0.0004307433857153334,0.00048268789913326137
Tl4SnTe3,672.999995995272,211.99999432903212,208.68729672057282,12450.000053718013,13104.199280654699,0.4999999946552032,0.45809009858500255,0.7400000289318714,0.8328502754592372,0.000552400001114538,0.0005989026149025768
Cu2.05Cd0.95SnSe4,650.0000025992803,165.29999448331935,161.85074658413157,15509.999814049172,14792.784779463247,0.7000000085242839,0.6647867792786137,0.3935254465382236,0.41747224493124996,0.00042379663704606406,0.00042946067889369104
Sn0.8Ge0.2Te,773.0000063214842,109.00000202266159,105.25324859688294,156700.00540568368,155318.9417023258,3.453999998847047,3.3022841074947467,0.4166574447922058,0.4341122305856811,0.0018617527254739252,0.0018911825336248103
(Sn0.8Ge0.2)0.82Mn0.18Te,672.999995995272,126.00000251956871,129.57242274918192,108899.99457411241,99959.57687218189,1.5400000017538713,1.470933838294136,0.7555501612527216,0.7990014396859442,0.0017288963458519354,0.0018110061508572015
(Cu3SnS4)0.895(Ga2Te3)0.105,700.0000024805998,116.15999908281061,127.57630662581994,86518.00122903429,65573.99388137835,2.1757999843437204,1.6201317105523336,0.3755767878088571,0.4800074196378933,0.0011673999292013744,0.0011445509738477993
Mn2Cu3In3Te8,720.0000045458423,369.9999982567451,363.93987029096536,999.9999903860476,1055.7377023978563,0.740000014047182,0.7233820898664535,0.13900000041856714,0.1430254560195464,0.00013690000401865948,0.00014811749879794996
Cu11.5Gd0.5Sb4S13,624.999997376834,122.63999776671164,123.95620356534147,80821.0020866246,76175.42750071919,1.4444999998129155,1.4314376147955297,0.5259579037351767,0.5314832529959725,0.0012155938518529012,0.001284134050996601
Sn0.97Ce0.03Te,322.9999968260349,46.999999821949594,48.80627247463504,353199.989419108,320685.72535326035,4.174999960113865,3.989090637403709,0.06036183783210548,0.06520481322075963,0.000780218796979192,0.0008288425792111045
Cu3ErTe3,400.00000319268224,48.600000058632354,46.08997346449422,244890.00766440434,240218.53700119493,2.3799999621255585,2.277216909965679,0.09721350794558198,0.09575687838224083,0.0005784203863238693,0.0005780573467037804
BaGd2NiO5,975.0000071096441,453.68000285736963,434.55664592664436,29.116885389624652,35.953436461271636,1.497999999360097,1.4515296459971443,0.0039006509108564305,0.005197893330846331,5.992998914548133e-06,7.824230386902149e-06
AgCuTe0.8Se0.2,320.0000054952855,97.00000098130351,113.35190123109248,29514.99986620344,25315.474241976313,0.6348000130552757,0.5313834575020674,0.13999074307340711,0.16712884790791202,0.0002733999962797741,0.0003008455403920186
K0.995Ba0.005GaSb4,601.9999986990557,-292.8600074722813,-284.4485753085373,7053.000185905809,6542.165055385173,0.5556533581528849,0.52065010140881,0.6553699924142575,0.634563047135186,0.0006049145068335885,0.000550704672692057
FeNb0.96Ti0.04Sb,899.9999914423054,283.9999888369785,276.61549563210326,42000.00110549484,42042.4645764152,6.42999974675825,6.5328532674518565,0.47415193687188584,0.4821491528628009,0.003387552190701844,0.0038561323929353864
Tl9.0BiTe6.0,324.9999980889164,200.00000502787614,188.1014393327389,18090.999775466626,16072.817702350038,4.9999998648938355,4.824196044808466,0.04703660142961396,0.04041760481774867,0.0007236400025364529,0.0006260786382841425
Ag0.5Sb1.1Pb19.6Te18.8,523.0000003126531,-49.60000254412936,-58.60655729297522,26109.999921945746,39698.84253535145,1.4740000011382979,1.7735594067548517,0.022791578456754242,0.014711184061644497,6.423477875442317e-05,5.0710532268039506e-05
Ca0.1BaGd1.9NiO5,735.9999935217487,168.38000128598043,147.27396489320682,140.06151357561265,186.7536939068846,1.979999980569347,1.9541268148537323,0.001476088885454845,0.0017041126083592456,3.9710000954347335e-06,4.826385426256924e-06
NbCo0.9Ni0.1Sn,382.00000239032136,-132.93999915147833,-124.41771599942209,103528.99881124393,112615.81376462839,9.261899126736573,8.73086748693296,0.07546345093447861,0.07022351888716966,0.0018296725548185018,0.0016628491364689953
Ca0.15BaGd1.85NiO5,1274.999985270416,221.32000073398322,190.7800368850949,546.5212138546449,567.9417224722354,1.5699999964591322,1.6430508918541373,0.02173996968151584,0.023946373817204925,2.6770001690515677e-05,3.1846357734734244e-05
Mg2Zn1.02Sb2,372.9999967073545,269.0799999477035,274.9517915912524,893.9999315018023,798.3391202031416,0.6778000096290107,0.6388819915264112,0.035621124291863614,0.039620570598916494,6.472921582624293e-05,6.755457896644328e-05
In4Se2.32Cl0.03,372.9999967073545,-227.9999929798883,-233.9804049733487,27400.000018765455,26608.380811858788,1.0869999976343452,1.0886589661664825,0.49299999337832107,0.48352396559352634,0.001424361554301617,0.0014313578280207193
Ge0.55Sb0.25Te0.8(AgSnSe2)0.2,422.9999965886741,188.99999918154703,204.6330527263097,33548.00008547189,28880.585869275463,0.7570000081079293,0.712122809020786,0.669629736828155,0.7804921215412608,0.001198368116166334,0.0013046576487607813
Zn0.9Cd0.1Sc0.01O1.015,773.0000063214842,-120.49999881548325,-130.18247222034424,40399.99969538297,39377.40212683513,4.000000040387505,4.024967858674617,0.1133639450473941,0.12350361863599775,0.0005866180981213607,0.0006538141189011072
MgAgSb0.995In0.005,299.99999286647017,163.09999801013439,181.5480115547478,64684.99948713199,44653.452068721876,1.2289999923273625,1.081903544203646,0.4379999955391874,0.44185810251107444,0.0017207252045071146,0.0016406177821910845
Sn0.96Pb0.01Cd0.035Se,722.9999958765917,377.32999344343085,379.7148980998308,3238.0001387685074,2826.3995564021243,0.33789998632936996,0.3547531283132419,0.9864375688682949,0.8848662013235806,0.00046101973431487286,0.0004539538087471201
BaCu3.96S3.0,500.00000031442823,83.99999887481542,71.89451211750897,20103.000063735057,28367.739172268644,0.7727999864616608,0.840064310296452,0.09177456709270365,0.1025859654128198,0.00014184676705681,0.00017711893152663427
ZrNiPb0.98Bi0.02,303.00000532436536,-89.80000427164862,-87.68370369929792,394699.974668042,434517.8451657328,10.835999927327746,10.542324812860441,0.08900070336286615,0.07953344091318743,0.003182876695088473,0.002850790906806711
La0.7Co4Sb12,773.0000063214842,-179.00000535962914,-181.1382718501256,41790.9992843913,47770.2751036383,5.580000056163488,5.688180997409731,0.18549581678031934,0.1967618435534187,0.001339025462393495,0.001456309890333796
Rb2Bi8Se12.974Cl0.026,427.9999997458779,-106.70000172699218,-120.77252412703692,21770.000020817417,18930.982224953088,0.7690000107394842,0.7304583583540136,0.13794459872497208,0.15529537881825062,0.0002478490592140314,0.0002683066783696208
Li2Ge11Sb2Te15,623.000001395739,180.66999705963022,183.91591639849415,103889.001262115,101179.64187658491,1.7366000021068528,1.7256695613108546,1.2165498085109105,1.2875717881880155,0.0033911080672825718,0.0038051960713451753
(SnTe)10Sb2Te3,722.9999958765917,177.9000020338565,179.12860244434978,77080.00451938482,73264.6015510363,1.6600000059314142,1.5675506544919673,1.0624873875925125,1.1641595744535749,0.0024394595001984115,0.0026806498665801026
(Zn0.9In0.1)4Sb3,372.9999967073545,174.99999600992894,178.25990966970664,13095.00032593377,11502.853182881872,0.8350000114452598,0.8004136987348067,0.17914469684985246,0.17877362595227572,0.00040103437215074694,0.0003914420598520768
CoSb3.0,572.9999988735261,116.99999880349961,44.450248786450764,6249.999675913717,7605.712695858983,4.499999930001808,4.6780296273941495,0.010894163173928065,0.01655879483280614,8.555624871458478e-05,0.00013644406285411972
(Sn0.8Ge0.2)0.8Mn0.2Te,297.99999160358857,60.200000031896124,64.62690142977934,161000.00928111092,141056.13626738603,2.227000026510157,2.0125447399819136,0.07807552314877898,0.0711295530257606,0.0005834704418047028,0.000480410180687805
Ge0.87Mn0.05Sb0.08Te,773.0000063214842,213.90000515793074,213.83663154694693,70103.00186784017,67489.12141599455,1.4899999992314357,1.5259242497247079,1.6639926628154404,1.674812229170793,0.0032074374253528853,0.0036061177069707366
Ag(Bi0.8Pb0.2)0.7Sb0.3Se2,576.0000007678484,251.3500054238677,253.89778190412434,1631.0001659198583,1807.5172549245688,4.010259819920974,2.614658653818083,0.014800000408100629,0.02222808148722657,0.0001030413983364694,0.00011949364002099108
MgAgSb0.985In0.015,400.00000319268224,178.35999489268494,189.24256349731883,65044.99835582431,52374.54509590206,1.1900000036627518,1.1337688013734348,0.6955396338087365,0.7012479504484975,0.0020692304560816976,0.002059197053957141
CuFe0.98In0.02S2,509.9999987061562,-352.999991108816,-376.33650740955034,4799.999926738345,3799.623016319614,2.7430000501546563,2.324963904614204,0.11120773874282441,0.11752951681888363,0.0005981232019652229,0.0005162275250058011
CuAgTe0.6Se0.4,397.00000129835996,227.17000256241803,233.30213318773158,7651.000417482379,6740.444430378899,0.2602000030449421,0.324687751964228,0.6024255658317699,0.4908386659886489,0.0003948391025510947,0.0004012926954485732
Gd2Se2.92,350.00000331136266,-81.16000211304654,-83.50479049884046,35379.99979570385,30747.801618172645,1.9129999825395951,1.6767378026031552,0.042637817765677044,0.03810597899856351,0.00023304613926821574,0.0001858686014070256
GeSe0.75Te0.25,728.0000095973685,88.30000051982397,84.58514522317516,66790.99869668225,60160.23856972096,1.7621000003569192,1.3626818323986531,0.215149421928948,0.23164575577951937,0.0005207620796210849,0.0004455774361333296
Tl9.0Sb0.99Te6,324.9999980889164,121.99999825904864,129.16993340028284,44769.999466402835,40038.24733813057,0.7100000024360246,0.6114878638484003,0.30502242615166086,0.3458977673859517,0.0006663566837474162,0.0006839175438923235
Zn0.9Cd0.1Sc0.006O1.009,972.9999847196168,-139.00000971523696,-150.37340094943724,30420.000123170645,31934.188710040682,3.4000000679620714,3.658292577626371,0.16819873777449407,0.18072205205311923,0.0005877448186691254,0.0006974788575127881
TiZr0.015NiSn,322.9999968260349,-139.99999317006382,-149.39332887738706,34614.99973948331,35721.72459623736,2.567999987649891,2.438212470217645,0.08533514019068902,0.09108856901807308,0.0006784539928817273,0.0006980787563797778
(CuI)0.003Bi2Te3,420.0000052579247,-170.86000666864263,-171.42564960624895,93431.00162423616,90396.28622809374,1.3851999996426374,1.3245805221410891,0.8270058786622092,0.8495416909075476,0.002727544336139822,0.00263458299598173
Ag8Sn0.6Ga0.4Se6,329.9999906825473,-559.3500098474336,-552.3308247713786,70.00000727211425,51.86501842864171,0.20999998370291273,0.20028362881285589,0.05200000019084103,0.033256258315465616,2.1901068790516048e-05,1.781192779151988e-05
Er0.03(Bi0.23Sb0.77)1.97Te3,350.00000331136266,235.729995243648,242.3676589717704,50322.000722962584,44924.769335678066,0.8242999878615546,0.8336417736604493,1.187327114594247,1.159126032268385,0.002796324626972495,0.002802554672487633
Bi1.9Nb0.1Te3,505.0000008307388,-117.07000484775403,-110.47695388764544,55713.998928052,59316.29549674823,0.7548000036157625,0.7563731569550707,0.510875486438454,0.5135707134358533,0.0007635818121287078,0.0008097522728859612
(SnTe)40Sb2Te3,422.9999965886741,47.07000004326122,46.68273993778526,312102.0366957532,316102.92914087046,5.08900017137647,5.012611500941689,0.05747683709263179,0.05868741961768077,0.0006914884754619522,0.000697932341506079
Sn0.97Pb0.01Cd0.025Se,672.999995995272,415.66999495083854,411.28707225833494,1651.0000886437313,1621.2772183610534,0.47700001982323254,0.4718822085694052,0.40247705860653266,0.41079966002425206,0.0002852623412367833,0.0003127614997913752
Ag(Bi0.9Pb0.1)0.9Sb0.1Se2,477.9999996271975,444.43999418958845,435.69377842250725,999.9999903860476,507.32334900717933,0.5349454235469218,0.46605109692799446,0.1764999999012765,0.09696896286834582,0.00019752691391490394,0.00010368617205525277
AgCuTe0.6Se0.4,521.9999996812123,245.8299971963096,246.54496376453892,8155.000307573529,7007.33446122267,0.37900001866189886,0.3812752218349989,0.6787737371574438,0.5841717845980526,0.0004928261312034584,0.0004394264341339657
CuFe0.98In0.02S2,599.9999974361742,-369.7999855225961,-381.87229446874284,3936.0002295584773,3639.4062469691194,2.146999975087848,1.8665316958078935,0.15042087534862034,0.1678624061553813,0.0005382560288623319,0.0005048472987288121
Ba8Cu5.04Si13.01Ge27.96,466.00000261348123,-91.79999466170653,-90.67085724347979,74299.99693562856,75459.47865398187,1.8699999787052397,1.8172100661500186,0.15603372801580445,0.14996779448645026,0.0006261439367199292,0.0006015847542440822
Cu2.5Sn0.5Sb0.5Se3.5,523.0000003126531,46.86000011308897,44.75853768867864,335459.9876324291,362407.95480203955,4.480299922324285,4.578321206720519,0.08598840884427196,0.08524373653371121,0.0007366230543957853,0.0007609085692922551
CsTb2Ag3Te5,687.0000048354428,192.60000301601508,216.2106178153857,620.9999596329109,701.5136947452252,0.3839999952466726,0.39262822174253525,0.04121256975883268,0.052159822710386,2.30358479921188e-05,3.352751415043576e-05
Bi2Si2Te6,372.9999967073545,119.14999962600389,116.95866155187421,12036.999691909643,10677.124808464469,0.8490000173129811,0.8117584067479936,0.07507710026161232,0.0717781130688873,0.0001708859555376455,0.00016907511309071946
(Zn0.95In0.05)4Sb3,473.00000175178013,182.29999498022647,182.70861271462638,22699.999981763944,20325.192920050304,0.8050000171371764,0.7344414839435315,0.44326604939053826,0.4723033785880522,0.0007543956944053858,0.0007529906179003476
Cu2.05Cd0.95SnSe4,350.00000331136266,143.19999735940075,127.88176320428906,12135.000161997577,12186.798915826583,1.9529999866302301,1.884845640257031,0.04459555949768915,0.04207900384177439,0.00024884322179169596,0.00022918849354604191
Nd2.9Te4,572.9999988735261,-56.9000015144269,-50.4203609066902,138400.00409139306,152931.45125239049,2.4710000376248415,2.617923960546774,0.09399999860155088,0.08534859493381358,0.0004090000043317456,0.0003893313519538116
ZrNiPb0.985Bi0.015,303.00000532436536,-90.60999603574729,-88.42790337077838,347550.0119654812,383828.9038026754,10.802999343380616,10.382193741190362,0.08003276311913246,0.06812284240241445,0.0028534451463080234,0.0023818919863888297
Cu5SnSbSe7,572.9999988735261,52.529999695265,50.9086770502646,303478.00404747785,326588.9423743041,4.284499955301072,4.316580920425884,0.11199444675377987,0.11272345775586726,0.0008374174593130275,0.0008755856314753963
CaTiO3,739.9999960475118,-280.0000014058407,-280.6053497069793,2450.000146229268,2545.3723647566753,3.349999972498204,3.2859309457296186,0.042429610800426246,0.0432858050466447,0.00019207999995550702,0.0001850591917756961
Ca3Co3.7Ti0.3O9,899.9999914423054,276.29998944062896,252.53389914473033,5920.000127868463,7031.454500842504,1.8899999910989516,1.9284218823298371,0.21521086000001713,0.22323597263809172,0.0004519428031407814,0.0004872226128537266
Cu2SnSe3,500.00000031442823,125.00000145443869,132.13374742267223,15908.99989237627,11298.04563606673,1.060300005566079,1.5241899069620142,0.11722065865357621,0.04829751983906171,0.00024857813078605137,0.00015978428545738543
Cu2Se0.88S0.12,333.0000031404426,117.30000205808915,121.84418229665945,62300.00023102852,49551.700367013094,0.5640000064940414,0.49441232400174256,0.5009999890539781,0.49523018561889137,0.0008572037558879468,0.0007572986507840686
Ag0.01Sn0.99Se0.65S0.35,763.0000000070766,392.0000099494033,381.28968184990896,876.9999006435364,831.7162889580983,0.20500000135296526,0.18260341647501444,0.5015825580359059,0.5072821692100832,0.00013476332473120583,0.0001303358523604859
Ca0.15BaGd1.85NiO5,391.99999814115614,285.2900022447034,253.48271879876663,45.16504220768905,46.50554674963018,2.295999996355441,2.1290896108561714,0.0006276098203480748,0.0006693717511636319,3.676000243403212e-06,3.7829965038303876e-06
Ag2.0Se0.6Te0.4,329.9999906825473,-109.0000012417407,-103.58662926993765,78350.00135774177,74261.25449085174,0.7060000159193887,0.6815407928615849,0.4351121756620002,0.4299165223009754,0.0009308763294571358,0.0008763379349592472
Cu26V2Ge6S32,673.9999966267128,78.9999994192664,78.31683118844902,191499.98709856736,185598.98227571687,3.011199940340725,2.8968537711921885,0.2675119925017658,0.28656942640747624,0.0011951515172573368,0.0012646727564551742
NbCo0.98Ni0.02Sn,605.000000593378,-161.7600116512121,-173.13394293470938,59047.99990715191,62067.50853083631,8.321399960157075,8.058892159989801,0.11233276122073702,0.12857112164422732,0.001545067540982606,0.0016844328059694436
Cu2Se0.92I0.08,350.00000331136266,174.99999600992894,170.71848518324188,11446.000016234915,10295.810700230362,0.2559999992276855,0.41059033378586357,0.47924534959656967,0.26956633659852614,0.00035053374837972146,0.000309284948167966
Ag8SiSe6,398.00000192980076,-140.3000022947544,-137.68679766814492,90519.99550971107,48606.334024089774,0.7899000038142625,0.5227786254956129,0.8977818800599536,0.6095453388916676,0.0017818037671719778,0.0008043797843036828
Cu2.7Ag0.3ErTe3,700.0000024805998,99.00000017651303,95.48018192244868,55000.00022058392,65404.48663881334,0.5949000211586658,0.8154546702139839,0.6342889883181961,0.593360877057647,0.000539055000679249,0.0006650253395003059
Hf0.7Ti0.3CoSb0.8Sn0.2,305.0000065872469,158.79999636512585,168.35858715733383,55449.99970026127,39129.02575294558,2.780999984380915,2.5776104032094165,0.15335622123879178,0.14058948602370214,0.0013983071003026645,0.0013030570662492208
Bi0.92Ag0.08CuSeO,422.9999965886741,203.29999973765362,197.42202100759334,1910.0001472048175,1912.1116341937989,0.48400001421707567,0.43224635645212545,0.0689926971810058,0.0824920965533406,7.894199383891294e-05,8.712276533723445e-05
Cu2Zn0.6Fe0.4SnSe4,572.9999988735261,322.2499899550195,316.2864368917875,980.1800297001325,974.8894236099579,1.2834999984528126,1.3301585951308328,0.04544126736334992,0.045053184624894056,0.00010178684755301691,0.00010888036436827846
SnAgSbSe2,650.0000025992803,71.30000002291686,81.13297694871278,236200.00872094595,223643.1389411547,4.661999898436665,4.42850061082156,0.16741718654666748,0.21166150250715865,0.0012007676076163012,0.0014099777250008
Ag(Bi0.8Pb0.2)0.9Sb0.1Se2,525.9999995660822,183.32999813184574,168.39391342547947,709.0000384170139,805.3830265258964,0.5074603541106474,0.5050133419151687,0.024700000250130912,0.025530257893603137,2.3829412147278564e-05,2.7381871533542232e-05
Ce0.75Fe3CoSb12,692.9999980605145,95.59999949012149,92.02656079797534,91706.99850808673,92988.32611230314,6.302399684555764,6.36550150298176,0.09216065090762697,0.09692893322031022,0.0008381432856806806,0.0009378666384017353
(SnTe)20Sb2Te3,672.999995995272,135.63999987319974,135.99451288618084,114303.99352597594,109173.46095068558,2.5099999924001213,2.3866121158325706,0.5638691701488792,0.6253907093938788,0.0021029889969209877,0.0023320551852826425
Er0.03(Bi0.23Sb0.77)1.97Te3,449.9999977922154,221.42000377554677,221.23888767761292,35525.99979478751,32964.11566133121,0.9849999949300869,0.9985002532342361,0.7957127220590402,0.7610283339803765,0.0017417266835905144,0.001781448429668595
Bi0.92Pb0.04Yb0.04CuSeO,548.0000002533129,182.56999614832674,183.37030224568556,11033.99971220533,11151.705701334184,0.5660999934898112,0.547563573844594,0.3560239421454107,0.3698404558286793,0.0003677831389689638,0.00038029460543255965
Ag(Bi0.9Pb0.1)0.7Sb0.3Se2,576.0000007678484,370.26999942484537,379.17822998102923,702.0000841889627,617.6952474210643,0.5910086339017526,0.5774420113674514,0.09379999784795379,0.07973274742113723,9.624411584195806e-05,9.509778232652694e-05
GeSe0.9Te0.1,728.0000095973685,158.9299956230776,147.26386244929213,3482.9998433392875,3778.155141285624,0.8398000058056622,0.8441935646429021,0.07626420687707654,0.08291800899864973,8.797621250953587e-05,9.652159350994962e-05
Li0.03Cu1.81Bi0.04Se,303.00000532436536,57.00000001713225,57.55819544746642,96551.9956150822,79175.33370698443,1.0714000115549782,1.1234664737160278,0.08871600301713245,0.08377399243066375,0.0003136974466195556,0.0003094274229627674
In0.01Pb0.99Te0.994I0.006,584.9999985281356,-200.00001011705632,-207.5356466838814,34599.99983483386,33260.14413138303,1.4199999999917872,1.4049444801999047,0.563000012271374,0.558277733734964,0.0013840000424376177,0.0014089775589510645
(SnTe)0.86(CuSbTe2)0.14,624.999997376834,118.60000050770765,116.50783779089282,116900.00034514669,121760.42700177353,2.289999989055581,2.216291251212796,0.4487747832495927,0.4639352433313207,0.001644310779669518,0.0017204543366888215
Cu2Sn0.8Zn0.2S3,422.9999965886741,61.00000005851718,60.6328545880669,116711.99980135511,114983.11751904366,2.2580000180054816,2.197883467325781,0.08135637874052463,0.07515578651833851,0.0004342853531460006,0.0004105334395844996
Ge0.9Mn0.05Sb0.05Te,598.0000014550791,174.99999600992894,175.94436612736595,93813.9982299216,88097.34131350719,1.7753999972464558,1.792996516555232,0.9677177647457887,0.9441209239601192,0.0028730537980811246,0.002966188949960773
Cu2.88Ag0.12SbSe4,372.9999967073545,368.999991321514,368.9011857805656,10316.000020108833,9524.839339437985,1.4899999992314357,1.4859340608784424,0.35163056553067146,0.3467310174628493,0.001404636832421686,0.0014347123775968152
Ag0.6Sb0.9Pb19.5Te19.1,623.000001395739,-200.00001011705632,-191.8867086456654,22499.999937209697,27400.441884189393,1.6660000000411297,1.9212002426201265,0.33655461903566075,0.30118706342602464,0.0009000000160786335,0.0009353915631883546
Nd3Te4,773.0000063214842,-57.00000455599042,-61.946762194975626,190000.00354888692,191405.09894099899,3.367599922322413,3.3738843399501413,0.14000000107615307,0.15420324830678497,0.0006173100008879993,0.0007040775075476948
Ca0.25BaGd1.75NiO5,1274.999985270416,181.6200024740795,176.03240590298054,512.7050789523407,541.3069253802119,1.248200005347112,1.2881271638795042,0.017275116790102785,0.025122945051885753,1.6911999564406548e-05,2.5871358128795452e-05
In0.01Pb0.99Te0.994I0.006,377.9999998645583,-179.20001144275622,-185.9911548330481,57899.99921629765,51515.52253184722,1.7740000050553264,1.7126293267652977,0.39618018252035636,0.3950682685577217,0.001859321888809504,0.0017992761330009692
Ti0.99Mn0.01NiSn0.99Sb0.01,497.9999990515467,-158.10000364376552,-157.28847391319056,100000.0016817545,107042.52042870488,5.523499974989228,5.208538061876117,0.22536098141125943,0.2325704153394477,0.0024995611465373243,0.0024041244540773657
Mg2.16(Si0.4Sn0.6)0.995Bi0.005,619.9999995014166,-260.80000443574863,-257.93130953084545,44549.998815176936,45821.43658216273,1.7429999951015736,1.7008186765390527,1.0778472300850344,1.102931079142365,0.003030141446280672,0.0029782655409100332
Ag0.97CuSe,467.9999985945763,89.1699993919517,109.50732550629203,43509.00125230758,23758.068835718197,1.6699999911745915,0.8209795089744083,0.07000000090989826,0.26458353782858096,0.0003459526254442525,0.0004887367843273947
Bi2Te2.55Se0.45,422.9999965886741,-152.3999946374739,-140.20490665767238,70434.99618490916,77591.79210655259,1.1500000061526139,1.1184009673128814,0.5989999892316987,0.6257288484046427,0.0016359064645259346,0.0016739117752089944
Sn0.91Mn0.09Te0.97I0.03,622.0000007642982,138.66000250288226,139.01496164354353,104615.00285731317,94464.16913673554,2.4091000389285937,2.214180155409911,0.5193162215776631,0.546289834617608,0.0020113903540726914,0.0020682039345626163
MgAgSb0.99In0.01,400.00000319268224,187.82000320778457,204.58705461444706,53272.99980435507,41342.41661976105,0.9508000010836498,0.9107598700262863,0.7906087895191378,0.8070558500508024,0.0018792771830419594,0.0018757227409609844
Cu1.85Ag0.15SnSe3,500.00000031442823,316.1599949150747,299.804343670712,1010.0000656806085,1143.9172019145537,0.536500004212233,0.5134210911170846,0.09408827376906248,0.10098735442924066,0.00010095671397046344,0.0001094226026121709
Bi0.42Sb1.58Te3,322.9999968260349,224.49999883800572,247.58428863663266,51063.99998693292,41484.540017614454,0.9340000009262366,0.8966503782400033,0.8900269561685271,0.9447705923157561,0.0025736381794318943,0.0025880898210547338
GeSe0.75Te0.25,430.00000100875945,20.530000831710822,18.677669898626945,83955.00320563094,76756.99833511947,1.6261999913265057,1.5355069187139707,0.009356619823928797,0.009893180988632866,3.538543184997076e-05,3.471367950128713e-05
AgSn25.0BiTe27.0,599.9999974361742,121.99999825904864,122.57621911875509,115385.00079308463,112861.98731071889,2.5300000347918665,2.3449754617867207,0.4072862447997143,0.4252804092148574,0.0017173903921247318,0.0017475178572383496
Mg2.16(Si0.4Sn0.6)0.98Bi0.02,500.00000031442823,-168.10000255486355,-166.1952956451214,129499.99766935583,133088.5808969317,2.3649999962542476,2.269135816384604,0.7736491915132445,0.8003267406231184,0.0036593605819662573,0.0036495255902939407
Tl9.0Sb0.97Te6,326.99999935179795,103.99999963206204,111.51394324044043,49999.99998248531,46717.01795843725,0.7300000020306586,0.7001374104819734,0.24224876511376048,0.2510282402391473,0.0005408000002593624,0.0005749967331402201
La2.0Co4Sb12,372.9999967073545,-15.400001337289162,-11.914851900052376,358973.9827443935,313010.9213493977,2.5199999638644104,2.3896995369239473,0.01260122302750869,0.012327213723800594,8.513426808674573e-05,7.656743564253279e-05
Cu11.6Gd0.4Sb4S13,724.0000070716053,145.1999994896608,143.33392371495793,66009.99960015669,61756.34639311916,1.3062999974122909,1.291023987047482,0.7713270936095843,0.7702390744464179,0.0013916914468413907,0.0014528015019672916
Cu2Se0.7S0.3,613.0000003631177,101.98000100256004,108.30485878569314,69143.0011076867,62935.48512179237,0.9412999916486059,0.8687925808784119,0.46828542291128183,0.5723361315892358,0.0007190816900345178,0.0008161140661152254
Cu0.98Pd0.02FeS2,30.000012521775602,-47.30000302938085,-123.86958944336223,5828.999942271537,5231.28063288093,22.500001459484405,18.361375106391854,1.7388221402414574e-05,4.068865818040899e-05,1.3041161599647081e-05,1.8011270825299603e-05
Cu2Sn0.95Fe0.05Se3,322.9999968260349,55.47999990234802,50.22279536523479,115305.9967154241,112491.1177146388,3.4279999161835497,3.131245373937794,0.03344155843986668,0.037730838120151815,0.00035491537417765227,0.00037350750221721007
Cu2.075Sn0.925S3,500.00000031442823,61.15000003484602,58.42591305157188,225000.0226161874,239267.616448663,3.270899923571396,3.322657379658101,0.12861101838258043,0.1224094449381847,0.0008413475813198865,0.0008142685546351165
(SnTe)40Sb2Te3,773.0000063214842,143.53000270047957,135.83814513429255,105874.99934853947,105541.73122092382,2.593999995426766,2.520115973788406,0.6499625018569755,0.7129769727554167,0.002181116127997055,0.0023942058725963064
Bi0.96Ag0.04CuSeO,822.9999956392309,340.0000015234509,324.3035861079066,2675.0002089721415,2603.362462578109,0.46799998072783805,0.4493308811403747,0.543795498109428,0.5346877160977384,0.00030922999844405216,0.0003021671253401167
Cu2Se0.94S0.06,650.0000025992803,194.07999637426605,203.53262010223918,29298.000009271236,26264.60259285696,0.770000010510771,0.7322172235190112,0.9315843196889246,1.0372067660223951,0.0011035691445505842,0.0012031643089688599
Ba8.07Cu4.89Si41.03,466.00000261348123,-60.000001881279424,-56.98622155871458,142999.99755921672,152387.57314832334,2.7149999965339644,2.7399843821259533,0.08900000018830154,0.07974984797938144,0.0005147999996489597,0.00047463948914243614
Cu2.2Sn0.8Sb0.2Se3.2,473.00000175178013,68.57000019691498,68.2858359424956,160372.00395886283,177897.9984401809,2.973000044622957,3.0323773137043393,0.11996735358230247,0.11685732294580967,0.0007540442862295467,0.0007594356606420607
(CaZn0.4Ag0.2Sb)0.83(LiZnSb)0.17,572.9999988735261,163.88000529804694,168.07670490469937,26694.000051563322,24196.02315685154,0.7170000022609552,0.653585703631743,0.5729292796815356,0.6197676400194065,0.0007169115362631158,0.0007177978028955952
Cu1.95In0.05Se,769.999993863589,336.6299999884981,331.6908500004795,1351.0001364637953,2779.400853591618,1.6624999980152004,1.57432999601525,0.18090947371467153,0.18318024367393407,0.0003906000022495451,0.0003787620199344057
Cu1.95In0.05Se,869.9999936262282,328.709989204628,334.6614028988794,2023.0000395640627,2766.4337735481686,1.9374999989616937,1.5484283312891534,0.1941166453444167,0.21309655262592342,0.000432300000776695,0.00038704934073986475
Pb0.99Tl0.01Te,397.00000129835996,167.52999891309466,150.1276088590064,47296.000362395615,55113.20338317569,1.8182000127610614,1.867435385825933,0.28984007791190863,0.28803545318204277,0.0013274237779999332,0.0014292765800730037
GeSe0.7Te0.3,677.9999991524759,39.59000029423018,48.10946653154291,72387.99901212014,70932.00992683537,1.7039000044725359,1.533682811128278,0.04514640284758671,0.07682252222745314,0.00011345864161575534,0.0001872231168418099
FeVSb,700.0000024805998,-237.9999918909864,-218.97187147976842,43999.999218450284,63447.114888896096,6.3000000460655246,6.612092711222778,0.266000000936338,0.3218593950032211,0.0024923360279040666,0.0029870304726357837
(Cu0.002Pb0.998Te)(MnTe)0.03,773.0000063214842,-206.1399949375807,-193.14793507781928,43585.99896668725,47404.95624097138,1.2399999949645184,1.2251799837737676,1.1545941964173292,1.0603527511246231,0.0018521304148455895,0.0017921510939905392
Cu2.94Ag0.06SbSe4,372.9999967073545,426.99999439804435,407.2467991045814,5288.000311449215,5195.2720461009085,1.650000002162537,1.6387949623228595,0.2179576335368267,0.21690811045264402,0.0009641557388992516,0.0009779667792618803
Cu2SnSe3,622.0000007642982,212.57000462182296,165.97053612676862,4083.9999599688017,11697.625191952013,1.2799999995431435,1.1725196341183406,0.08967473155627113,0.13766620500847282,0.00018453963638641533,0.0002754442779539715
Ag0.01Cr1.99Se3,670.9999947323905,161.99999977354187,155.54536579629712,23289.99996643285,23690.631321433204,1.6799999916371005,1.7301490401390824,0.24412528283364565,0.23777680996517037,0.0006112227607603242,0.0006376801809075044
(Ag0.05Sb0.05Sn0.9)(S0.05Se0.05Te0.9),822.9999956392309,146.53000002576854,139.11953162372743,95413.001187693,84726.4855100598,2.0699999954969317,1.9136707965630022,0.7999999704342934,0.8587210799067432,0.002048616415162565,0.0021000099128860605
Ta0.92Ti0.08FeSb,303.99999539223325,135.00000036553675,135.3941189503322,277000.0156184837,274930.37425168895,6.619999796369882,6.698066665816399,0.2318264027802139,0.22369486253461843,0.005048324827728533,0.005231399102379401
Ag0.4Sb1.1Pb19.6Te18.8,523.0000003126531,-68.79999951422144,-67.63689769129368,17450.00019723468,28997.616416934332,1.378000000092462,1.7043007454902908,0.03134908102597092,0.013173143791864454,8.259853208873193e-05,4.304688040434082e-05
Gd2Se2.98,449.9999977922154,-147.4599993549034,-176.60901927853675,34429.99957504405,30547.685948830473,1.7100000094590508,1.6491610303618685,0.19701617612181488,0.20461037806520835,0.0007486614737888567,0.0007617637651405943
BiSb(Se0.94Br0.06)3,700.0000024805998,-203.0000074423453,-211.6164000545064,16277.000003361363,16383.879634543333,0.4999999946552032,0.471979776095372,0.9390624789133007,0.996825252636099,0.0006707588863582342,0.0007061548055403014
Ba8.02Cu4.98Si35Ge5.99,466.00000261348123,-65.29999872131691,-64.29219629188555,121200.00623904074,122235.88128345986,2.1900000007641873,2.148555819608238,0.10996912621371775,0.10338480335189923,0.0005168077082130786,0.00047604456631421927
Hf0.7Ti0.3CoSb0.8Sn0.2,988.999994822669,230.0000017611703,219.30075641246674,47900.00050948162,43211.85833616809,2.8710000341775337,2.944271644742307,0.8728794870692741,0.7954119119718434,0.00250999989715409,0.0024686734986894537
Er0.02(Bi0.23Sb0.77)1.98Te3,299.99999286647017,225.00000230562128,235.74890870924543,60649.99926534662,53438.30830994771,0.8129999806175283,0.8050380774751119,1.1329912843378818,1.1765981488189174,0.003070406090722269,0.0031772825677745787
Ag0.94CuSe,693.9999986919553,220.40000327612424,240.1244468146226,14220.999809513418,13160.70657959893,0.5987999880896233,0.607509386820867,0.8700000074687461,0.9260194392038644,0.0007781000153910142,0.0008185693799354456
In4Pb0.01Sn0.03Se2.9Cl0.06,672.999995995272,-261.3999992047256,-262.9210363095492,10400.000037883976,9912.97492290599,0.5420000202500519,0.5262424253860449,0.8939999800419208,0.8345190402031685,0.0007300000000161364,0.0006699282530794923
Cu2.7Ag0.3ErTe3,500.00000031442823,56.00000005264618,56.078682703739304,228399.98777606458,220883.653390165,2.0699999954969317,2.0452973541941835,0.1730102414676088,0.17813448501144838,0.0007162624041686825,0.0007510179085570373
GeSe0.95Te0.05,681.0000010467982,551.7499966632654,538.425759525035,239.21000207363758,212.95314131157627,0.7621000051910992,0.7885448533739973,0.06507274900863,0.05173473098606942,7.282224130177423e-05,6.318066028724022e-05
Tl4SnTe3,322.9999968260349,126.00000251956871,102.75860533632061,28700.00013645493,32771.75622190104,0.5200000265385516,0.4791736576485054,0.2719999980845032,0.2856208739293587,0.00045564120162047407,0.00044585723712192504
Li0.03Cu1.85Se,784.0000027037597,78.2900004240544,72.37276392566726,165385.00825822144,156543.06192451454,2.477600021745064,2.410843879630732,0.32076987235332877,0.33832155437316663,0.0010136982487619485,0.0011029511189829691
In0.005Pb0.995Te0.998I0.002,377.9999998645583,-221.99999832931036,-230.58189822767548,33594.000030465766,31152.916444581195,1.6439999957656515,1.5497284966077172,0.3819999928675045,0.3967385337545509,0.0016556466978256026,0.0016100841545131893
Ba8.07Cu4.89Si41.03,811.0000091890875,-92.50000421244914,-99.98554533687556,100000.0016817545,104267.95166313292,2.918000008879842,3.018074903539135,0.23780392963722044,0.272415005329737,0.000855625011938721,0.0010314545091401049
AgBi0.7Sb0.3Se2,675.9999978895944,-305.5599945839778,-269.99206611811707,1231.0001375276238,2080.7317147729386,0.32949887945455775,0.33655756435159734,0.23579999707169738,0.34179515887904327,0.0001149346729750786,0.00017260076622753478
AgSb0.93Mn0.07Te2,441.9999980224757,103.82999857047479,106.56228113202422,91351.0040249183,81705.80521350152,1.183999997902684,1.1053674864903118,0.36764576921626435,0.3733971373274847,0.0009848248761936379,0.0009775186880552633
ZrNiPb0.98Bi0.02,871.0000048212419,-155.10000631847652,-142.12757607664116,186419.98097638407,183944.39309558092,7.140000239149899,7.278409470355808,0.5470613406621165,0.5286538243488001,0.004484521288197339,0.004534885184879549
Bi2Te2.1Se0.9,473.00000175178013,-174.50000937169565,-173.37341957732653,48490.000592997574,48894.88801701531,1.0535000030547383,1.0064572822471158,0.6880000319944964,0.69764774534529,0.001476532639763836,0.001509578493870005
Mg3.5Gd0.035Sb2,700.0000024805998,-275.3499891153598,-273.32285537802613,12156.000121321646,13266.52510353014,0.7022000047430152,0.6807779159099686,0.9187514790173441,0.9395238445920063,0.000921639024678157,0.0009713151041907512
ZrNiSn,873.0000060841234,-154.90000023534947,-159.04593520808302,86806.00379225107,91911.74989547969,3.7073000197869734,3.8546501536746893,0.49046621513488975,0.5053484165390375,0.0020828239913670194,0.0022681942544699888
Cu2.7Ag0.3ErTe3,400.00000319268224,47.799999940290974,47.12294908853495,260000.01450784146,247767.667470557,2.329999947595798,2.216108921461504,0.1019842739469897,0.10380883810236506,0.0005940583972196055,0.0006052051537069298
Yb14MnSb11,724.9999971394732,117.99999986862963,116.3516637523393,27859.999880539144,30014.9787931916,1.025000009491259,0.9665395152336788,0.2689999998320718,0.34017362270253887,0.00038792263673456597,0.0004703194354737475
Nd3Te4,372.9999967073545,-28.9999982127542,-23.75115930340619,324000.0066573086,299066.09731664776,3.1900000013982437,3.0866832728123064,0.03186098506050196,0.029150662122151973,0.00027248400384776523,0.00023842765073593946
Ge0.55Pb0.45Te,571.0000002515378,101.24000138838406,95.27737580111867,38461.99961857082,44831.470129176836,2.249999949411052,1.9715143532954957,0.10004369531052262,0.11708306968978367,0.0003942177191555137,0.0004323522930916396
ZrNiSn0.98Bi0.02,771.0000050586027,-210.00000902815435,-204.3312289594724,60519.999969159915,67705.57372150768,6.74799995482071,6.772623943895594,0.3049417044078428,0.30672402243649943,0.002668932076026449,0.0025598903442440426
(SnTe)0.86(CuSbTe2)0.14,818.0000030455999,148.00000247202482,151.79920818577548,91300.00366138719,82803.68981396037,1.829999989687332,1.7448879056661672,0.8939154076542647,0.9995898783896905,0.0019998352361115246,0.002257342628528465
GeSe,722.9999958765917,629.2100187061956,621.8792486661706,231.0129696285919,262.5207184953019,0.8738000134546496,1.0081167354405172,0.07567525936425247,0.08082167192085313,9.145926082980274e-05,0.00011370319352190673
Zn0.875Cd0.125Sc0.02O1.03,572.9999988735261,-101.00000446090269,-101.32590073124337,35569.99984384909,36811.885393363074,4.249999927200624,4.3093876319097,0.04892066152260185,0.0485941538608279,0.00036284956594044424,0.00036175689772204814
Sr0.16Yb0.03Co4Sb11.82,400.00000319268224,-136.00000064974586,-142.28252326407429,249091.02741198367,230168.94993270954,3.739999886381995,3.5671951411400924,0.4927472815126462,0.4919663988218041,0.004607187061906298,0.004553509032145733
Cu2Se0.94S0.06,371.9999960759137,125.00000145443869,117.45588259158994,63740.0001038457,72377.24363443228,0.46799998072783805,0.6571526132029403,0.7916426434782053,0.5675171429046837,0.000995937506318038,0.0010473021812910182
Ce0.2Bi1.8Te3,457.99999756195507,-152.5799954162074,-143.71247988093714,67399.9961827447,71746.00523031616,0.5659999874987656,0.5749408621556307,1.242000075201825,1.233383875151853,0.001569116236013477,0.0016507307867455706
Bi0.96Ag0.04CuSeO,523.0000003126531,280.1999906595855,271.9744058952252,1595.9998384795435,1701.1013924567799,0.5200000265385516,0.47710245444423394,0.12602813053321957,0.142394603516834,0.0001253052167876876,0.0001352895551126604
Cu0.995Pd0.005FeS2,99.99999334119173,-450.3799897563681,-410.7392912573164,999.9999903860476,633.2625813239706,21.360001715232485,17.644511405350503,0.0009496354062994746,0.00032666690574790553,0.0002028421435758055,7.19902055127825e-05
PbTe,529.0000001399578,-307.6099982350196,-298.59486139843216,17961.000256760293,17773.227868462753,1.300000001827918,1.3006000056304283,0.7130000175998358,0.6385834522287361,0.0016995401052138045,0.0015710628681172758
ZrNiPb0.995Bi0.005,771.0000050586027,-213.9999898082702,-201.31070976089705,78390.00119602236,91773.87902038806,6.280999907096558,6.643333545991602,0.44067030160310783,0.4099236800591223,0.003589948585183443,0.0035079656917682634
In0.005Pb0.995Te0.998I0.002,533.0000000248277,-238.19999797411344,-248.40953601245093,21549.999993436064,20825.681199129354,1.3500000021380696,1.2732505847336115,0.482752151720142,0.4941319821714637,0.0012227305969327868,0.0012018372379524445
Ba0.03Co4Sb12,500.00000031442823,-244.14000019191496,-242.0184047884132,27660.000148833802,28718.106914725075,4.075000192847575,3.806907600916558,0.20228908438136378,0.21383218754855424,0.001648656085601588,0.001586090312479512
Cu7P(S0.75Se0.25)6,623.000001395739,310.05999722293325,331.67676175794884,1585.000159627802,1343.820664822734,0.21959999705999825,0.20790637783045282,0.4322912537489581,0.4133888347882457,0.00015237746726489936,0.00014765183567895014
Sn1.03Se0.12Te0.865Br0.015,722.9999958765917,144.19999842453078,134.9664762184148,80701.99732967732,90340.66408454491,2.081799983838483,2.069912968556626,0.5720000228484424,0.5991591972704368,0.0016839999475455928,0.0017859570799353736
AgCuTe0.8Se0.2,421.9999959572333,161.62999556387808,164.61763045634643,14756.999787737619,16148.731305131936,0.40000001057140644,0.4207127736472432,0.40671901692537543,0.394417839284197,0.0003855156559528687,0.00040728748826231994
(SnTe)0.96(CuSbTe2)0.04,722.0000058087238,129.67000143900995,123.09865224249967,122800.00028821414,122634.90071856676,2.7701999544351876,2.6906963084628,0.5381501562199231,0.5537387950704497,0.0020647970903534233,0.00210266171887632
Co0.97Ni0.03GeTe,550.999999506742,-117.02000332697227,-127.19669227980913,72073.99646353786,70208.21562335525,4.488499772921906,4.177717540243762,0.12115718596689225,0.12901578040703035,0.0009869583345245981,0.0009687945622662326
AgCuTe0.7Se0.3,722.9999958765917,254.2700050119867,258.70854104188015,10145.999885010937,10419.637030492777,0.5074000091020014,0.47982920573379223,0.9235999598701233,1.0530742834331848,0.0006559716946172862,0.0007228764688343947
Ca3.3Yb1.5Sm0.2Al2Sb6,722.9999958765917,88.60000083936296,-13.78402708811199,9420.000064140811,1884.5572763754064,1.2600000058615881,0.9318809409342501,0.042000000572276756,0.013228065411838956,7.394662817150563e-05,1.605139237160646e-05
(CuI)0.003Bi2Te3,469.99999985745785,-169.479992871551,-169.4653880601275,84099.99673617924,85390.77607912825,1.4519000002628106,1.4116467898621543,0.7819771806208445,0.7990921189603716,0.0024156439191751564,0.002392275843865895
Ba0.9K0.1Zn2As2,322.9999968260349,27.160001142906616,25.24774528320843,213333.01034878494,200075.7218564396,3.924799836284632,3.6184782342320005,0.012950977894678181,0.013484331923578875,0.00015736841741945356,0.00015453016710611204
Cu5.133Sn1.866S6.3Cl0.7,633.0000024283602,117.05000032428137,115.19885808666103,60267.0007293392,55155.18872481164,1.3999999995325034,1.3252812169309112,0.37333446172220625,0.36586803006916413,0.000825700222530102,0.000793418262246124
Zn0.875Cd0.125Sc0.02O1.03,972.9999847196168,-139.00000971523696,-152.8628403654148,25300.00002288817,26801.4080577288,2.9999999814193488,3.1815788113517893,0.1585410424800068,0.17199103356332063,0.0004888212992924,0.0005734561654282295
Al0.0075Sb0.1Ge0.8925Te,473.00000175178013,205.70000229396567,212.89406942063468,43534.00096894412,41216.66488271773,1.4199999999917872,1.4249317481270234,0.6379999683820482,0.6087529196391903,0.0018420319336168213,0.001963394964780735
Bi0.875Ba0.125CuSeO,318.9999943002718,174.99999600992894,161.33643181014529,18941.999943338582,16363.305668046638,0.9559000121427386,0.8956099475574772,0.1935887658258829,0.1830623612845179,0.0005800987466541907,0.0005363670300071203
Cu3Sb0.94Ge0.06S4,322.9999968260349,132.44999911698045,136.91754518628497,58162.9983044253,55934.23364156467,3.443826961674568,3.4278908038340328,0.09570000124377342,0.10159532365271746,0.0010203536637850095,0.0010745400038730554
YbSi2,329.9999906825473,-50.999998165210336,-39.08574756005559,730099.9805132255,781103.3309970107,8.759999216199054,8.499506403268441,0.07153729946141206,0.056001434035520145,0.0018989900243038646,0.00142118878876152
Pb0.99Tl0.005Na0.005Te,301.0000040614839,115.29999992782912,87.46504908604179,81560.00151220214,100689.11328702027,2.472199972307294,2.3893945541719344,0.13201361534129522,0.15422444791543938,0.0010842659744503872,0.0012642025721053976
SnS0.91Se0.09,873.0000060841234,379.2999993573026,369.37300102291766,7500.000212125335,7719.521110389022,0.6280000134730225,0.7192112569527753,1.6425000715350304,1.5576237018176444,0.0011200000090291627,0.0012881366120015589
Ti0.9Mn0.1NiSn0.9Sb0.1,598.0000014550791,-113.60000027123772,-119.32058985182621,263599.98469430074,256181.83665402854,5.859000097504638,5.726206669182737,0.3472000301824242,0.3744430442540406,0.0034017474713179444,0.003643556825435233
Ba8Cu5.18Si9.98Ge30.85,514.0000012319193,-111.3399996250742,-116.0497225834809,60944.0009138946,62006.454374014436,1.6539999911875403,1.6334295905928053,0.23477994947464462,0.23614673535603095,0.000755498126015163,0.0007638061122147828
Ba8Cu5.18Si9.98Ge30.85,415.00000210072085,-90.39999904062557,-90.89090385160671,69899.99910416132,66727.95123887657,1.6699999911745915,1.6545153755160553,0.14195335548427637,0.13296941869356,0.0005712339843223046,0.0005481206347023219
Sn0.98Ce0.02Te,523.0000003126531,66.00000024782884,67.75319471301735,213923.99270493098,214940.8650905735,3.3300000239370213,3.348484726351878,0.1463540801720203,0.14762623624887067,0.0009318529334381319,0.0009942710499712534
Ca3.3Yb1.5Sm0.2Al2Sb6,523.0000003126531,76.6999999045179,-74.8526254908536,8369.999708385467,997.0632501069433,1.1900000036627518,0.8498857531877767,0.02164068146478086,0.006914584010433549,4.923978689451114e-05,1.0271122013149828e-05
Nd2.92Te4,372.9999967073545,-31.12999960096598,-28.212353923369797,213158.0057807435,206620.88713028593,2.6984999511391257,2.5330382782157317,0.028552639939485296,0.02736860520585254,0.00020656649281163217,0.00018613311720740757
Bi2Te3,422.9999965886741,-151.79999986849694,-142.45343712637552,90500.00149786146,37465.670448105695,0.7549999814977175,0.8405104637422983,1.1683838737569963,0.35225411224607306,0.0020854132295700335,0.0007184270903025775
Gd2.84Se4,750.0000023619194,-126.50000520626335,-134.6409313732165,23040.000037119567,24055.81419565054,1.2566000072852388,1.3201753368725064,0.2200532226946671,0.22760161584436764,0.00036869183952245506,0.0004219584716953156
Sb0.05Ge0.95Te,672.999995995272,189.63000190711432,187.66360023528992,118348.99422875137,112856.41544739816,2.2180000431609432,2.14476641245803,1.291315016641392,1.2848494019046748,0.00425577528546298,0.0042919262039501855
Co0.95Ni0.05GeTe,393.9999994040377,-54.88999673197009,-50.95159331191538,158994.99453175135,157619.18653584458,5.648900081051477,5.182736925394178,0.033411982845321,0.031105041958344022,0.0004790379588724661,0.00042558787591204965
Bi0.84Pb0.08Yb0.08CuSeO,543.000000067114,121.37999818567813,125.44347584889991,20000.000115088296,19823.878662842933,0.5829999881791321,0.5675525383594167,0.27444513388875363,0.3242147831403278,0.00029466209075611454,0.0003396732503178093
Mg0.99Li0.01Ge0.9Si0.1,674.9999972581536,309.05999028770213,311.16329445631834,14769.000096782162,14487.174021421351,2.660399974995136,2.777878454990378,0.3579262365205753,0.34551332067404356,0.0014107065188914377,0.0015428897075825385
(Cu3SnS4)0.85(Ga2Te3)0.15,527.0000001975229,123.23000162369394,125.27301985448094,41940.999620791896,36359.36477716624,1.4340000005191493,1.3742477530091235,0.23406320382665005,0.22718346675619486,0.0006369006360752953,0.0006119377190065785
(Cu0.001Pb0.999Te)(MnTe)0.03,322.9999968260349,-227.01999134905083,-228.2045073006252,46068.9999100566,48255.06134010732,1.8132999885177319,1.784216197474038,0.4229313454222196,0.40267884656679637,0.0023743078722762755,0.0022469012716492096
Sn0.92Ge0.04As0.04Te,469.99999985745785,48.05000020657348,43.131665596893896,522221.96942006843,527642.7015861851,6.628000175284721,6.212958097872554,0.21919999894809206,0.10920321672095452,0.0012057074342675365,0.001443823551326378
In4Se2.32Cl0.03,322.9999968260349,-213.1000093950069,-223.43582504722764,30999.999836379095,29149.01677370644,1.246699996575484,1.2295116770142698,0.3675999947783503,0.3681541974203695,0.001407759913909272,0.0014178593137816082
Ca3.46Yb1.35Pr0.19Al2Sb6,822.9999956392309,-54.79999634260334,-49.54478837361125,2000.0000151077709,2225.6613478838126,1.3710000006929057,1.3655681588620263,0.0036054007748763566,0.012312726841475028,6.006080482579445e-06,1.9527320765721938e-05
